semana,sku,produto,categoria,canal,preco_lista,desconto_pct,custo_unitario,visitas,pedidos,unidades_vendidas,unidades_devolvidas,investimento_midia,avaliacao_media,prazo_entrega_dias,estoque_inicial
2025-01-06,SKU001,Fone Pulse,Áudio e vídeo,Site,347.26,10,193.74,215,9,9,1,227.18,4.81,3.29,12
2025-01-06,SKU001,Fone Pulse,Áudio e vídeo,Aplicativo,346.07,15,200.1,166,9,10,0,181.96,4.61,4.17,10
2025-01-06,SKU001,Fone Pulse,Áudio e vídeo,Marketplace,339.3,5,198.2,253,10,11,1,265.12,4.71,4.97,13
2025-01-06,SKU002,Caixa Wave,Áudio e vídeo,Site,279.94,5,162.24,346,8,9,0,268.63,5.0,4.15,16
2025-01-06,SKU002,Caixa Wave,Áudio e vídeo,Aplicativo,274.24,15,157.86,230,12,13,1,199.9,4.62,2.97,20
2025-01-06,SKU002,Caixa Wave,Áudio e vídeo,Marketplace,273.62,0,156.94,373,7,7,0,398.75,4.82,4.23,21
2025-01-06,SKU003,Webcam Focus,Áudio e vídeo,Site,410.44,25,229.44,212,11,12,0,216.3,3.48,3.11,12
2025-01-06,SKU003,Webcam Focus,Áudio e vídeo,Aplicativo,395.25,15,229.42,179,7,7,0,379.85,3.92,4.6,9
2025-01-06,SKU003,Webcam Focus,Áudio e vídeo,Marketplace,417.91,25,234.05,215,7,8,0,290.06,3.69,4.23,10
2025-01-06,SKU004,Microfone Voice,Áudio e vídeo,Site,325.54,20,190.04,112,8,8,1,248.34,4.83,2.78,8
2025-01-06,SKU004,Microfone Voice,Áudio e vídeo,Aplicativo,322.32,20,187.36,105,9,10,0,225.3,4.77,2.86,12
2025-01-06,SKU004,Microfone Voice,Áudio e vídeo,Marketplace,316.96,0,190.08,154,3,5,0,488.44,4.75,4.07,7
2025-01-06,SKU005,Soundbar One,Áudio e vídeo,Site,438.99,10,241.66,206,7,9,0,321.79,4.06,3.74,9
2025-01-06,SKU005,Soundbar One,Áudio e vídeo,Aplicativo,428.33,15,232.98,163,8,8,0,205.38,4.06,2.44,11
2025-01-06,SKU005,Soundbar One,Áudio e vídeo,Marketplace,396.55,10,241.08,246,5,5,1,307.27,3.91,3.77,12
2025-01-06,SKU006,Headset Play,Áudio e vídeo,Site,377.59,15,210.5,115,7,7,0,272.51,3.62,3.12,7
2025-01-06,SKU006,Headset Play,Áudio e vídeo,Aplicativo,369.62,25,212.81,122,6,5,1,209.93,3.89,2.89,5
2025-01-06,SKU006,Headset Play,Áudio e vídeo,Marketplace,353.04,5,206.63,167,3,4,0,340.58,3.48,2.83,9
2025-01-06,SKU007,Panela Chef,Casa e cozinha,Site,263.99,15,135.27,356,17,12,0,296.03,4.58,3.65,12
2025-01-06,SKU007,Panela Chef,Casa e cozinha,Aplicativo,249.46,20,129.05,301,24,29,0,173.07,4.7,2.96,40
2025-01-06,SKU007,Panela Chef,Casa e cozinha,Marketplace,264.27,5,138.89,359,8,8,0,204.5,4.61,4.03,21
2025-01-06,SKU008,Air Fryer Easy,Casa e cozinha,Site,302.85,15,159.17,191,13,13,0,282.42,4.58,3.79,13
2025-01-06,SKU008,Air Fryer Easy,Casa e cozinha,Aplicativo,304.82,0,158.69,137,4,5,0,282.86,4.74,3.17,8
2025-01-06,SKU008,Air Fryer Easy,Casa e cozinha,Marketplace,312.7,10,155.49,201,7,8,0,331.93,4.76,4.44,11
2025-01-06,SKU009,Jogo Mesa,Casa e cozinha,Site,201.22,15,105.49,183,12,12,0,251.17,4.22,2.73,14
2025-01-06,SKU009,Jogo Mesa,Casa e cozinha,Aplicativo,191.57,5,103.77,153,6,8,0,119.84,4.27,2.6,13
2025-01-06,SKU009,Jogo Mesa,Casa e cozinha,Marketplace,192.93,15,103.84,218,9,11,0,309.64,4.1,4.59,12
2025-01-06,SKU010,Luminária Aura,Casa e cozinha,Site,202.49,10,101.84,279,9,10,0,274.34,4.35,2.95,20
2025-01-06,SKU010,Luminária Aura,Casa e cozinha,Aplicativo,187.14,0,100.09,236,10,11,1,224.29,4.44,3.11,16
2025-01-06,SKU010,Luminária Aura,Casa e cozinha,Marketplace,194.96,20,101.04,336,16,17,0,243.86,4.36,4.06,20
2025-01-06,SKU011,Organizador Box,Casa e cozinha,Site,308.03,25,158.54,486,25,31,2,170.13,3.82,3.93,42
2025-01-06,SKU011,Organizador Box,Casa e cozinha,Aplicativo,309.29,20,163.69,395,27,32,0,150.53,4.16,2.33,32
2025-01-06,SKU011,Organizador Box,Casa e cozinha,Marketplace,299.91,15,160.32,624,28,29,0,322.22,3.91,3.75,30
2025-01-06,SKU012,Mixer Prático,Casa e cozinha,Site,228.99,15,124.46,153,10,10,0,203.61,3.83,2.86,13
2025-01-06,SKU012,Mixer Prático,Casa e cozinha,Aplicativo,235.0,10,126.5,130,5,5,0,156.37,4.08,2.78,8
2025-01-06,SKU012,Mixer Prático,Casa e cozinha,Marketplace,228.57,5,125.02,193,4,6,0,535.03,3.79,4.44,7
2025-01-06,SKU013,Tênis Run,Esporte,Site,199.71,0,97.0,185,6,6,0,200.08,3.82,2.27,9
2025-01-06,SKU013,Tênis Run,Esporte,Aplicativo,194.25,20,91.99,165,11,12,1,260.7,3.71,3.46,14
2025-01-06,SKU013,Tênis Run,Esporte,Marketplace,199.9,10,98.62,228,10,8,2,260.24,3.94,4.92,8
2025-01-06,SKU014,Mochila Trail,Esporte,Site,188.81,0,90.42,264,9,9,0,194.85,4.78,3.07,14
2025-01-06,SKU014,Mochila Trail,Esporte,Aplicativo,195.69,10,94.34,256,12,15,0,254.69,4.63,2.33,18
2025-01-06,SKU014,Mochila Trail,Esporte,Marketplace,185.37,5,92.79,348,9,9,0,453.36,4.53,3.48,24
2025-01-06,SKU015,Garrafa Move,Esporte,Site,182.43,0,85.07,91,6,7,1,136.02,4.54,2.18,7
2025-01-06,SKU015,Garrafa Move,Esporte,Aplicativo,177.48,5,86.02,111,5,5,0,371.39,4.73,3.24,7
2025-01-06,SKU015,Garrafa Move,Esporte,Marketplace,176.34,0,85.6,149,2,2,1,482.25,4.68,4.84,7
2025-01-06,SKU016,Tapete Zen,Esporte,Site,186.73,0,94.65,215,4,4,0,327.81,3.94,3.09,9
2025-01-06,SKU016,Tapete Zen,Esporte,Aplicativo,186.53,20,93.32,213,13,15,3,281.51,3.84,2.4,20
2025-01-06,SKU016,Tapete Zen,Esporte,Marketplace,188.12,10,91.35,257,8,8,0,256.15,3.86,4.27,10
2025-01-06,SKU017,Kit Funcional,Esporte,Site,161.07,20,76.66,298,15,17,2,141.09,3.82,3.14,17
2025-01-06,SKU017,Kit Funcional,Esporte,Aplicativo,156.23,20,77.84,290,22,25,1,312.09,4.03,3.02,28
2025-01-06,SKU017,Kit Funcional,Esporte,Marketplace,163.67,10,77.79,341,11,12,0,262.55,3.85,4.11,14
2025-01-06,SKU018,Relógio Fit,Esporte,Site,231.6,15,111.83,200,9,12,0,322.06,4.37,3.17,14
2025-01-06,SKU018,Relógio Fit,Esporte,Aplicativo,229.84,5,113.04,144,8,8,0,207.63,4.57,2.76,8
2025-01-06,SKU018,Relógio Fit,Esporte,Marketplace,237.18,0,111.87,223,4,6,0,236.54,4.48,4.16,12
2025-01-06,SKU019,Camiseta Urban,Moda,Site,177.03,5,77.17,131,6,6,2,285.21,4.27,3.84,8
2025-01-06,SKU019,Camiseta Urban,Moda,Aplicativo,179.32,20,77.99,121,13,12,1,354.46,4.13,3.04,12
2025-01-06,SKU019,Camiseta Urban,Moda,Marketplace,181.52,5,79.55,182,6,6,1,383.77,4.21,4.76,11
2025-01-06,SKU020,Calça Flex,Moda,Site,127.59,10,54.72,158,7,7,1,184.3,3.65,4.43,8
2025-01-06,SKU020,Calça Flex,Moda,Aplicativo,121.86,0,54.0,156,10,11,2,170.0,3.67,2.94,11
2025-01-06,SKU020,Calça Flex,Moda,Marketplace,127.56,10,54.7,204,9,10,1,196.17,3.74,4.45,10
2025-01-06,SKU021,Tênis Street,Moda,Site,160.72,5,68.8,187,7,8,1,368.78,4.39,3.27,12
2025-01-06,SKU021,Tênis Street,Moda,Aplicativo,156.3,0,67.45,148,8,8,0,188.41,4.17,3.79,8
2025-01-06,SKU021,Tênis Street,Moda,Marketplace,157.39,0,67.05,198,4,5,0,329.0,4.07,3.9,10
2025-01-06,SKU022,Jaqueta City,Moda,Site,171.27,15,72.07,238,12,14,1,255.1,4.37,3.57,17
2025-01-06,SKU022,Jaqueta City,Moda,Aplicativo,171.52,20,71.51,206,9,11,1,236.54,4.3,4.34,16
2025-01-06,SKU022,Jaqueta City,Moda,Marketplace,175.37,10,72.17,274,7,9,4,413.47,4.17,4.35,16
2025-01-06,SKU023,Bolsa Mini,Moda,Site,141.24,0,61.82,446,16,17,2,560.39,3.64,3.23,20
2025-01-06,SKU023,Bolsa Mini,Moda,Aplicativo,140.47,10,61.25,333,15,16,1,220.1,3.65,3.54,16
2025-01-06,SKU023,Bolsa Mini,Moda,Marketplace,135.68,15,59.53,499,16,20,2,433.79,3.56,3.47,28
2025-01-06,SKU024,Moletom Soft,Moda,Site,134.16,0,57.05,223,4,5,1,206.87,4.06,4.17,12
2025-01-06,SKU024,Moletom Soft,Moda,Aplicativo,132.12,0,58.37,190,4,4,0,212.91,4.09,3.95,9
2025-01-06,SKU024,Moletom Soft,Moda,Marketplace,136.05,0,58.11,267,12,13,1,317.06,4.11,4.1,15
2025-01-06,SKU025,Kit Skin,Beleza,Site,100.47,15,39.55,163,5,5,0,507.82,3.59,2.57,13
2025-01-06,SKU025,Kit Skin,Beleza,Aplicativo,103.95,10,40.47,104,7,8,0,144.58,3.7,2.99,9
2025-01-06,SKU025,Kit Skin,Beleza,Marketplace,102.34,10,40.71,178,3,3,0,517.51,3.53,4.92,7
2025-01-06,SKU026,Perfume Bloom,Beleza,Site,105.08,5,41.06,370,12,12,0,483.43,4.38,3.1,29
2025-01-06,SKU026,Perfume Bloom,Beleza,Aplicativo,106.86,20,42.69,272,15,20,2,234.79,4.37,3.31,31
2025-01-06,SKU026,Perfume Bloom,Beleza,Marketplace,107.86,10,41.13,380,13,14,1,303.39,4.6,4.8,24
2025-01-06,SKU027,Secador Air,Beleza,Site,139.09,25,52.95,219,13,14,1,334.59,4.47,2.8,21
2025-01-06,SKU027,Secador Air,Beleza,Aplicativo,142.46,10,54.04,157,5,7,0,206.38,4.51,3.36,18
2025-01-06,SKU027,Secador Air,Beleza,Marketplace,137.59,0,56.07,265,9,11,0,333.42,4.52,4.13,17
2025-01-06,SKU028,Protetor Daily,Beleza,Site,140.3,0,53.14,238,10,11,0,274.29,3.67,3.23,14
2025-01-06,SKU028,Protetor Daily,Beleza,Aplicativo,131.85,10,54.92,181,5,6,0,150.38,3.82,3.31,19
2025-01-06,SKU028,Protetor Daily,Beleza,Marketplace,141.62,15,53.71,258,9,9,1,321.06,3.6,4.03,15
2025-01-06,SKU029,Escova Glow,Beleza,Site,94.5,25,36.86,261,27,17,0,545.15,4.56,3.44,17
2025-01-06,SKU029,Escova Glow,Beleza,Aplicativo,92.82,20,36.8,146,15,17,0,145.75,4.72,3.26,17
2025-01-06,SKU029,Escova Glow,Beleza,Marketplace,95.42,25,36.18,299,22,19,1,334.66,4.65,4.63,19
2025-01-06,SKU030,Sérum Vita,Beleza,Site,98.59,10,38.48,371,15,15,0,385.55,4.18,3.11,28
2025-01-06,SKU030,Sérum Vita,Beleza,Aplicativo,101.78,25,37.91,262,15,16,0,238.18,4.28,2.22,31
2025-01-06,SKU030,Sérum Vita,Beleza,Marketplace,99.76,20,38.28,418,13,14,0,347.67,4.04,4.79,35
2025-01-06,SKU031,Teclado Type,Informática,Site,602.04,15,402.25,234,5,7,0,377.81,4.23,3.71,11
2025-01-06,SKU031,Teclado Type,Informática,Aplicativo,603.95,10,396.28,153,3,4,0,91.47,4.07,3.2,6
2025-01-06,SKU031,Teclado Type,Informática,Marketplace,596.23,20,397.1,260,11,12,2,347.35,4.3,4.04,17
2025-01-06,SKU032,Mouse Click,Informática,Site,491.72,5,326.56,164,3,3,0,258.09,4.23,2.23,9
2025-01-06,SKU032,Mouse Click,Informática,Aplicativo,468.43,0,318.59,133,2,2,0,337.39,4.4,3.18,6
2025-01-06,SKU032,Mouse Click,Informática,Marketplace,485.86,5,317.25,149,4,5,0,223.07,4.42,3.47,6
2025-01-06,SKU033,Monitor View,Informática,Site,426.89,10,267.72,63,1,1,0,252.14,3.71,3.5,3
2025-01-06,SKU033,Monitor View,Informática,Aplicativo,401.24,15,271.93,57,2,2,0,96.9,3.84,2.91,4
2025-01-06,SKU033,Monitor View,Informática,Marketplace,411.52,0,282.03,87,4,3,0,187.75,3.73,4.04,3
2025-01-06,SKU034,SSD Fast,Informática,Site,657.11,0,437.07,106,2,3,0,230.38,4.4,3.62,5
2025-01-06,SKU034,SSD Fast,Informática,Aplicativo,658.61,5,432.44,78,2,3,0,218.98,4.48,2.88,4
2025-01-06,SKU034,SSD Fast,Informática,Marketplace,675.01,30,451.15,124,3,3,0,288.51,4.47,3.21,8
2025-01-06,SKU035,Hub Connect,Informática,Site,674.96,15,456.84,134,3,3,0,289.67,4.76,2.61,8
2025-01-06,SKU035,Hub Connect,Informática,Aplicativo,690.86,5,451.97,100,3,3,0,187.94,4.58,3.04,5
2025-01-06,SKU035,Hub Connect,Informática,Marketplace,688.3,0,459.97,191,6,6,0,418.51,4.33,4.97,7
2025-01-06,SKU036,Notebook Go,Informática,Site,545.12,15,339.15,274,3,3,0,335.2,3.75,3.48,10
2025-01-06,SKU036,Notebook Go,Informática,Aplicativo,521.52,10,347.09,221,14,16,0,298.87,3.89,2.14,16
2025-01-06,SKU036,Notebook Go,Informática,Marketplace,554.59,15,357.79,269,12,12,0,247.8,3.94,3.72,12
2025-01-06,SKU037,Bloco Criar,Infantil,Site,161.9,10,74.42,99,3,4,1,235.92,4.1,3.88,4
2025-01-06,SKU037,Bloco Criar,Infantil,Aplicativo,154.13,0,73.53,79,0,0,0,180.31,4.1,4.31,5
2025-01-06,SKU037,Bloco Criar,Infantil,Marketplace,151.11,15,75.73,145,5,6,1,513.05,4.27,4.01,12
2025-01-06,SKU038,Livro Descobrir,Infantil,Site,115.63,25,55.68,56,1,1,0,175.44,4.25,4.26,6
2025-01-06,SKU038,Livro Descobrir,Infantil,Aplicativo,117.09,20,54.86,55,2,2,0,139.75,4.17,2.9,6
2025-01-06,SKU038,Livro Descobrir,Infantil,Marketplace,114.91,15,54.5,83,4,4,0,328.79,4.24,3.76,6
2025-01-06,SKU039,Jogo Família,Infantil,Site,157.38,15,72.28,134,4,4,0,205.27,4.44,3.12,9
2025-01-06,SKU039,Jogo Família,Infantil,Aplicativo,157.39,10,72.12,124,8,8,1,337.41,4.41,3.12,10
2025-01-06,SKU039,Jogo Família,Infantil,Marketplace,161.87,10,75.31,133,6,5,0,192.83,4.38,4.1,5
2025-01-06,SKU040,Mochila Kids,Infantil,Site,124.93,25,59.33,145,10,12,0,288.86,4.39,2.14,20
2025-01-06,SKU040,Mochila Kids,Infantil,Aplicativo,126.3,5,59.56,111,5,6,1,183.86,4.15,3.42,9
2025-01-06,SKU040,Mochila Kids,Infantil,Marketplace,125.61,30,60.17,155,8,10,0,306.02,4.45,4.15,13
2025-01-06,SKU041,Pelúcia Nuvem,Infantil,Site,136.79,0,65.22,381,13,14,0,144.24,3.62,3.56,15
2025-01-06,SKU041,Pelúcia Nuvem,Infantil,Aplicativo,145.82,0,67.27,304,4,4,0,141.52,3.82,3.56,18
2025-01-06,SKU041,Pelúcia Nuvem,Infantil,Marketplace,140.12,5,66.05,494,11,11,0,215.54,3.74,5.09,24
2025-01-06,SKU042,Patinete Joy,Infantil,Site,98.67,10,45.19,214,7,7,0,269.87,4.32,2.77,15
2025-01-06,SKU042,Patinete Joy,Infantil,Aplicativo,95.38,0,45.61,197,12,16,0,282.47,4.28,2.36,19
2025-01-06,SKU042,Patinete Joy,Infantil,Marketplace,90.87,0,47.06,206,9,11,0,128.28,4.17,3.29,12
2025-01-06,SKU043,Cama Cozy,Pet,Site,86.35,25,39.59,316,17,19,0,313.29,3.59,3.91,19
2025-01-06,SKU043,Cama Cozy,Pet,Aplicativo,88.81,25,38.12,222,12,14,1,113.65,3.6,2.5,19
2025-01-06,SKU043,Cama Cozy,Pet,Marketplace,86.33,10,39.62,366,9,11,0,215.04,3.71,3.75,11
2025-01-06,SKU044,Fonte Fresh,Pet,Site,91.99,10,39.51,106,5,5,0,234.2,4.57,3.32,9
2025-01-06,SKU044,Fonte Fresh,Pet,Aplicativo,89.54,10,39.82,86,6,7,0,168.81,4.82,3.3,10
2025-01-06,SKU044,Fonte Fresh,Pet,Marketplace,95.18,25,39.36,129,6,8,1,249.91,4.63,4.72,10
2025-01-06,SKU045,Brinquedo Fun,Pet,Site,100.9,10,45.68,170,14,15,0,266.84,4.4,3.46,15
2025-01-06,SKU045,Brinquedo Fun,Pet,Aplicativo,94.36,5,44.57,128,4,5,0,183.05,4.35,3.41,10
2025-01-06,SKU045,Brinquedo Fun,Pet,Marketplace,99.0,15,43.3,193,9,9,0,227.95,4.35,3.48,17
2025-01-06,SKU046,Coleira Safe,Pet,Site,136.47,20,58.82,173,10,10,0,215.57,4.23,3.03,14
2025-01-06,SKU046,Coleira Safe,Pet,Aplicativo,131.34,0,60.51,139,4,4,1,212.6,4.2,1.81,14
2025-01-06,SKU046,Coleira Safe,Pet,Marketplace,137.85,25,60.29,223,14,17,0,252.48,4.26,4.17,22
2025-01-06,SKU047,Comedouro Smart,Pet,Site,85.38,30,36.18,250,15,15,0,208.97,4.08,2.76,23
2025-01-06,SKU047,Comedouro Smart,Pet,Aplicativo,84.97,10,37.4,199,11,11,0,222.25,4.2,2.55,19
2025-01-06,SKU047,Comedouro Smart,Pet,Marketplace,85.05,20,38.9,261,10,13,0,270.89,4.29,4.28,21
2025-01-06,SKU048,Kit Higiene,Pet,Site,133.69,0,61.26,448,25,27,1,230.45,4.39,2.73,32
2025-01-06,SKU048,Kit Higiene,Pet,Aplicativo,135.13,10,59.22,402,24,26,0,301.24,4.45,4.55,27
2025-01-06,SKU048,Kit Higiene,Pet,Marketplace,138.06,0,60.3,506,10,13,0,344.55,4.27,5.27,28
2025-01-13,SKU001,Fone Pulse,Áudio e vídeo,Site,362.29,5,198.56,200,4,5,0,312.73,4.7,3.3,9
2025-01-13,SKU001,Fone Pulse,Áudio e vídeo,Aplicativo,345.73,15,198.76,194,11,13,1,283.22,4.74,3.34,13
2025-01-13,SKU001,Fone Pulse,Áudio e vídeo,Marketplace,345.04,0,196.27,274,10,10,1,251.08,4.61,4.15,10
2025-01-13,SKU002,Caixa Wave,Áudio e vídeo,Site,280.33,15,154.81,302,10,11,1,177.99,4.73,3.18,23
2025-01-13,SKU002,Caixa Wave,Áudio e vídeo,Aplicativo,280.38,5,156.11,199,9,10,0,134.37,4.98,2.43,14
2025-01-13,SKU002,Caixa Wave,Áudio e vídeo,Marketplace,284.48,10,159.44,300,7,9,0,154.77,4.83,4.36,19
2025-01-13,SKU003,Webcam Focus,Áudio e vídeo,Site,419.94,0,239.5,190,6,6,1,264.43,3.5,3.88,7
2025-01-13,SKU003,Webcam Focus,Áudio e vídeo,Aplicativo,423.45,5,228.94,145,7,6,0,237.14,3.67,3.64,6
2025-01-13,SKU003,Webcam Focus,Áudio e vídeo,Marketplace,384.86,20,233.8,258,11,11,1,333.95,3.72,4.81,16
2025-01-13,SKU004,Microfone Voice,Áudio e vídeo,Site,329.13,15,190.34,141,5,5,0,477.08,4.92,3.83,10
2025-01-13,SKU004,Microfone Voice,Áudio e vídeo,Aplicativo,324.04,15,183.69,82,6,8,0,225.11,4.76,1.87,8
2025-01-13,SKU004,Microfone Voice,Áudio e vídeo,Marketplace,336.92,10,191.08,160,4,6,0,298.01,4.54,4.18,10
2025-01-13,SKU005,Soundbar One,Áudio e vídeo,Site,447.27,10,246.16,210,9,9,0,349.14,4.23,2.59,12
2025-01-13,SKU005,Soundbar One,Áudio e vídeo,Aplicativo,421.1,15,239.4,167,7,8,3,193.83,4.08,3.38,12
2025-01-13,SKU005,Soundbar One,Áudio e vídeo,Marketplace,403.19,0,241.1,225,7,8,0,234.88,4.12,3.75,11
2025-01-13,SKU006,Headset Play,Áudio e vídeo,Site,359.8,10,203.41,124,3,4,0,276.84,3.58,2.7,8
2025-01-13,SKU006,Headset Play,Áudio e vídeo,Aplicativo,373.43,5,200.84,92,2,3,0,124.27,3.59,3.06,5
2025-01-13,SKU006,Headset Play,Áudio e vídeo,Marketplace,358.4,5,210.01,153,1,2,0,281.36,3.45,3.56,6
2025-01-13,SKU007,Panela Chef,Casa e cozinha,Site,264.37,5,141.03,375,14,16,0,229.69,4.51,3.5,21
2025-01-13,SKU007,Panela Chef,Casa e cozinha,Aplicativo,250.91,0,131.53,279,13,15,2,200.4,4.47,2.76,20
2025-01-13,SKU007,Panela Chef,Casa e cozinha,Marketplace,253.19,20,134.8,401,18,14,0,170.5,4.53,5.1,14
2025-01-13,SKU008,Air Fryer Easy,Casa e cozinha,Site,314.77,10,158.22,154,8,11,0,320.65,4.65,3.8,13
2025-01-13,SKU008,Air Fryer Easy,Casa e cozinha,Aplicativo,311.96,5,159.61,148,3,3,0,294.29,4.78,3.5,13
2025-01-13,SKU008,Air Fryer Easy,Casa e cozinha,Marketplace,304.37,10,162.32,200,4,4,0,351.79,4.93,3.98,7
2025-01-13,SKU009,Jogo Mesa,Casa e cozinha,Site,206.53,0,105.42,205,6,8,0,273.3,4.29,2.72,11
2025-01-13,SKU009,Jogo Mesa,Casa e cozinha,Aplicativo,200.54,10,103.48,152,11,12,0,191.76,4.23,2.08,12
2025-01-13,SKU009,Jogo Mesa,Casa e cozinha,Marketplace,207.97,0,107.2,208,5,5,0,332.98,4.07,4.21,8
2025-01-13,SKU010,Luminária Aura,Casa e cozinha,Site,195.02,20,102.3,265,19,22,2,203.08,4.61,2.65,24
2025-01-13,SKU010,Luminária Aura,Casa e cozinha,Aplicativo,196.89,15,102.74,233,12,12,0,165.72,4.37,3.68,22
2025-01-13,SKU010,Luminária Aura,Casa e cozinha,Marketplace,201.14,10,99.96,338,13,14,0,228.05,4.31,3.18,22
2025-01-13,SKU011,Organizador Box,Casa e cozinha,Site,298.01,10,162.72,509,24,26,1,210.69,4.01,2.9,30
2025-01-13,SKU011,Organizador Box,Casa e cozinha,Aplicativo,303.44,25,158.03,469,35,41,2,287.97,4.12,2.82,44
2025-01-13,SKU011,Organizador Box,Casa e cozinha,Marketplace,314.86,15,157.57,628,26,28,0,476.69,4.25,3.52,40
2025-01-13,SKU012,Mixer Prático,Casa e cozinha,Site,236.37,10,124.47,140,4,5,0,192.43,3.64,2.97,5
2025-01-13,SKU012,Mixer Prático,Casa e cozinha,Aplicativo,234.68,5,124.55,122,4,5,0,195.68,3.86,2.02,11
2025-01-13,SKU012,Mixer Prático,Casa e cozinha,Marketplace,227.01,0,122.94,200,8,9,0,431.76,3.69,4.07,9
2025-01-13,SKU013,Tênis Run,Esporte,Site,201.04,20,94.51,225,4,5,0,322.45,3.83,3.42,9
2025-01-13,SKU013,Tênis Run,Esporte,Aplicativo,196.13,5,96.56,138,3,4,1,216.11,3.73,3.1,9
2025-01-13,SKU013,Tênis Run,Esporte,Marketplace,205.88,10,94.25,212,14,10,0,217.04,3.81,3.58,10
2025-01-13,SKU014,Mochila Trail,Esporte,Site,197.48,5,96.33,276,10,11,2,342.04,4.74,3.42,16
2025-01-13,SKU014,Mochila Trail,Esporte,Aplicativo,196.19,5,95.84,219,12,13,1,172.28,4.58,2.0,21
2025-01-13,SKU014,Mochila Trail,Esporte,Marketplace,190.52,15,98.84,354,12,13,0,351.85,4.55,4.93,21
2025-01-13,SKU015,Garrafa Move,Esporte,Site,176.24,10,86.91,123,4,4,0,386.19,4.73,3.51,7
2025-01-13,SKU015,Garrafa Move,Esporte,Aplicativo,175.0,10,87.79,97,4,4,0,339.31,4.51,2.65,4
2025-01-13,SKU015,Garrafa Move,Esporte,Marketplace,182.19,10,88.95,103,4,6,0,195.62,4.64,5.11,7
2025-01-13,SKU016,Tapete Zen,Esporte,Site,189.41,15,91.5,225,9,11,1,298.05,4.05,3.52,14
2025-01-13,SKU016,Tapete Zen,Esporte,Aplicativo,186.37,10,94.04,183,9,10,0,306.98,3.84,2.19,14
2025-01-13,SKU016,Tapete Zen,Esporte,Marketplace,187.4,10,92.62,236,4,5,0,179.71,3.73,4.16,8
2025-01-13,SKU017,Kit Funcional,Esporte,Site,162.81,5,79.91,291,7,7,1,255.06,3.83,2.98,8
2025-01-13,SKU017,Kit Funcional,Esporte,Aplicativo,157.16,15,76.6,258,8,9,2,275.25,3.9,2.69,15
2025-01-13,SKU017,Kit Funcional,Esporte,Marketplace,155.01,10,79.07,371,12,12,1,262.9,3.57,4.3,15
2025-01-13,SKU018,Relógio Fit,Esporte,Site,223.76,0,111.93,191,5,8,0,211.18,4.46,2.46,14
2025-01-13,SKU018,Relógio Fit,Esporte,Aplicativo,220.91,5,116.15,168,11,12,1,187.03,4.57,3.01,12
2025-01-13,SKU018,Relógio Fit,Esporte,Marketplace,224.36,25,114.79,250,9,11,1,277.3,4.32,4.39,17
2025-01-13,SKU019,Camiseta Urban,Moda,Site,182.05,0,75.97,149,4,6,1,378.73,4.16,3.77,8
2025-01-13,SKU019,Camiseta Urban,Moda,Aplicativo,178.36,25,78.05,96,9,10,0,176.4,4.33,2.89,12
2025-01-13,SKU019,Camiseta Urban,Moda,Marketplace,188.22,5,79.13,187,7,7,1,474.96,4.11,3.68,7
2025-01-13,SKU020,Calça Flex,Moda,Site,121.28,15,53.99,199,12,15,1,224.2,3.67,3.61,15
2025-01-13,SKU020,Calça Flex,Moda,Aplicativo,129.5,10,54.62,122,4,6,1,118.05,3.68,3.01,10
2025-01-13,SKU020,Calça Flex,Moda,Marketplace,127.29,5,55.32,232,8,8,0,345.11,3.61,4.06,11
2025-01-13,SKU021,Tênis Street,Moda,Site,157.01,0,67.71,178,11,9,0,380.18,4.2,3.16,9
2025-01-13,SKU021,Tênis Street,Moda,Aplicativo,155.76,15,69.61,157,6,8,1,219.5,4.33,3.24,19
2025-01-13,SKU021,Tênis Street,Moda,Marketplace,151.66,20,66.63,188,6,8,3,185.76,4.25,3.49,20
2025-01-13,SKU022,Jaqueta City,Moda,Site,173.32,0,74.39,202,11,13,0,211.84,4.49,2.58,16
2025-01-13,SKU022,Jaqueta City,Moda,Aplicativo,173.67,20,72.67,219,10,12,1,211.9,4.14,2.55,21
2025-01-13,SKU022,Jaqueta City,Moda,Marketplace,168.57,0,71.69,267,13,16,2,212.28,4.36,4.4,17
2025-01-13,SKU023,Bolsa Mini,Moda,Site,138.09,25,60.45,361,21,22,0,214.31,3.73,3.79,30
2025-01-13,SKU023,Bolsa Mini,Moda,Aplicativo,139.05,5,60.8,359,11,13,0,264.43,3.62,3.15,22
2025-01-13,SKU023,Bolsa Mini,Moda,Marketplace,135.33,10,59.63,524,20,25,3,296.82,3.67,3.75,27
2025-01-13,SKU024,Moletom Soft,Moda,Site,135.91,5,57.09,217,7,7,1,317.21,4.14,2.66,7
2025-01-13,SKU024,Moletom Soft,Moda,Aplicativo,131.48,0,55.65,155,8,9,2,140.53,3.96,2.94,13
2025-01-13,SKU024,Moletom Soft,Moda,Marketplace,131.65,10,58.18,271,10,12,1,339.57,4.13,4.66,13
2025-01-13,SKU025,Kit Skin,Beleza,Site,99.61,5,41.05,151,2,3,2,477.04,3.64,2.29,9
2025-01-13,SKU025,Kit Skin,Beleza,Aplicativo,104.59,15,39.12,108,7,7,0,184.55,3.72,2.73,11
2025-01-13,SKU025,Kit Skin,Beleza,Marketplace,103.67,0,40.36,167,7,8,0,344.95,3.48,4.58,9
2025-01-13,SKU026,Perfume Bloom,Beleza,Site,105.25,0,42.96,319,19,20,1,199.66,4.31,3.38,24
2025-01-13,SKU026,Perfume Bloom,Beleza,Aplicativo,109.88,15,41.48,221,10,11,0,199.12,4.31,3.53,19
2025-01-13,SKU026,Perfume Bloom,Beleza,Marketplace,105.0,5,42.48,357,14,16,0,205.84,4.32,3.98,16
2025-01-13,SKU027,Secador Air,Beleza,Site,138.14,10,54.63,209,10,10,1,297.71,4.54,4.9,15
2025-01-13,SKU027,Secador Air,Beleza,Aplicativo,139.08,10,54.61,224,9,11,1,283.75,4.36,3.62,17
2025-01-13,SKU027,Secador Air,Beleza,Marketplace,141.73,10,54.54,234,8,9,0,249.36,4.43,3.06,10
2025-01-13,SKU028,Protetor Daily,Beleza,Site,140.46,15,56.02,260,12,12,1,409.35,3.75,3.34,22
2025-01-13,SKU028,Protetor Daily,Beleza,Aplicativo,140.47,10,52.57,175,6,6,1,175.84,3.79,2.97,7
2025-01-13,SKU028,Protetor Daily,Beleza,Marketplace,142.77,5,55.39,270,16,16,0,280.37,3.71,4.1,16
2025-01-13,SKU029,Escova Glow,Beleza,Site,97.79,15,35.99,201,10,14,0,250.0,4.46,2.35,18
2025-01-13,SKU029,Escova Glow,Beleza,Aplicativo,91.3,10,36.26,163,13,16,0,124.37,4.63,2.17,20
2025-01-13,SKU029,Escova Glow,Beleza,Marketplace,89.8,10,36.4,233,11,14,0,162.86,4.47,3.49,19
2025-01-13,SKU030,Sérum Vita,Beleza,Site,100.77,15,37.61,420,30,35,1,561.21,4.27,4.23,35
2025-01-13,SKU030,Sérum Vita,Beleza,Aplicativo,96.56,0,38.35,287,10,10,0,193.26,4.22,3.04,23
2025-01-13,SKU030,Sérum Vita,Beleza,Marketplace,94.28,0,38.77,458,20,22,0,518.53,4.12,4.23,22
2025-01-13,SKU031,Teclado Type,Informática,Site,612.65,10,414.28,244,6,7,0,373.73,4.25,2.35,15
2025-01-13,SKU031,Teclado Type,Informática,Aplicativo,622.43,10,399.57,180,7,7,0,181.98,4.26,3.4,9
2025-01-13,SKU031,Teclado Type,Informática,Marketplace,627.01,10,399.14,232,9,10,1,398.83,4.21,3.97,10
2025-01-13,SKU032,Mouse Click,Informática,Site,492.77,5,314.86,138,3,3,1,294.43,4.51,3.4,6
2025-01-13,SKU032,Mouse Click,Informática,Aplicativo,482.34,0,311.69,112,4,5,0,161.72,4.24,2.15,5
2025-01-13,SKU032,Mouse Click,Informática,Marketplace,497.53,25,318.92,207,9,9,0,383.46,4.43,4.02,15
2025-01-13,SKU033,Monitor View,Informática,Site,413.81,10,272.35,64,3,2,0,340.87,3.68,3.08,2
2025-01-13,SKU033,Monitor View,Informática,Aplicativo,436.2,10,286.68,51,0,0,0,255.81,3.8,3.4,3
2025-01-13,SKU033,Monitor View,Informática,Marketplace,401.63,0,279.98,85,1,1,0,317.24,3.78,5.23,3
2025-01-13,SKU034,SSD Fast,Informática,Site,660.08,5,441.3,107,2,2,0,372.15,4.44,4.57,4
2025-01-13,SKU034,SSD Fast,Informática,Aplicativo,693.62,25,442.25,86,3,3,1,262.25,4.57,2.98,5
2025-01-13,SKU034,SSD Fast,Informática,Marketplace,683.65,5,451.16,98,4,4,1,247.44,4.52,3.75,4
2025-01-13,SKU035,Hub Connect,Informática,Site,698.35,20,459.69,142,8,9,1,356.17,4.57,2.49,9
2025-01-13,SKU035,Hub Connect,Informática,Aplicativo,676.38,15,451.51,105,7,8,1,138.37,4.74,3.03,8
2025-01-13,SKU035,Hub Connect,Informática,Marketplace,720.43,10,446.34,175,4,5,0,301.5,4.54,4.27,7
2025-01-13,SKU036,Notebook Go,Informática,Site,537.72,5,353.86,213,4,4,1,148.55,3.8,3.54,8
2025-01-13,SKU036,Notebook Go,Informática,Aplicativo,534.28,25,342.63,200,5,6,0,235.87,3.99,2.95,12
2025-01-13,SKU036,Notebook Go,Informática,Marketplace,514.45,25,349.96,280,10,12,0,234.61,3.97,3.97,18
2025-01-13,SKU037,Bloco Criar,Infantil,Site,160.76,5,74.35,95,7,5,0,200.55,4.21,3.35,5
2025-01-13,SKU037,Bloco Criar,Infantil,Aplicativo,162.98,0,75.79,85,4,4,0,224.25,4.47,2.79,7
2025-01-13,SKU037,Bloco Criar,Infantil,Marketplace,157.4,5,73.09,138,5,5,0,359.41,3.97,4.59,6
2025-01-13,SKU038,Livro Descobrir,Infantil,Site,115.73,15,54.88,75,3,3,0,178.74,4.27,3.62,5
2025-01-13,SKU038,Livro Descobrir,Infantil,Aplicativo,119.38,10,54.64,53,3,3,0,143.64,4.22,3.25,4
2025-01-13,SKU038,Livro Descobrir,Infantil,Marketplace,113.62,0,54.75,109,4,4,1,304.75,4.27,4.95,4
2025-01-13,SKU039,Jogo Família,Infantil,Site,160.4,20,73.77,136,5,5,0,233.39,4.59,3.74,8
2025-01-13,SKU039,Jogo Família,Infantil,Aplicativo,155.04,20,73.51,117,7,8,0,288.66,4.53,3.53,13
2025-01-13,SKU039,Jogo Família,Infantil,Marketplace,158.03,15,72.34,144,8,8,0,229.67,4.47,4.89,9
2025-01-13,SKU040,Mochila Kids,Infantil,Site,127.26,10,61.35,132,4,4,1,261.42,4.69,3.68,8
2025-01-13,SKU040,Mochila Kids,Infantil,Aplicativo,122.7,5,59.38,108,7,10,0,186.66,4.46,2.35,10
2025-01-13,SKU040,Mochila Kids,Infantil,Marketplace,126.38,5,58.28,152,10,9,0,262.52,4.43,3.48,9
2025-01-13,SKU041,Pelúcia Nuvem,Infantil,Site,139.43,5,66.86,388,12,12,2,193.9,3.58,2.53,21
2025-01-13,SKU041,Pelúcia Nuvem,Infantil,Aplicativo,139.85,30,67.18,327,25,27,2,250.5,3.64,2.11,41
2025-01-13,SKU041,Pelúcia Nuvem,Infantil,Marketplace,140.42,5,65.21,405,17,17,0,160.97,3.59,4.22,19
2025-01-13,SKU042,Patinete Joy,Infantil,Site,99.95,10,44.89,173,9,11,0,170.8,4.29,3.39,15
2025-01-13,SKU042,Patinete Joy,Infantil,Aplicativo,98.3,5,45.82,149,7,7,0,165.51,4.2,3.72,9
2025-01-13,SKU042,Patinete Joy,Infantil,Marketplace,98.08,5,44.41,233,6,8,1,243.42,4.12,4.82,14
2025-01-13,SKU043,Cama Cozy,Pet,Site,87.23,15,38.26,315,14,16,0,164.71,3.87,2.83,21
2025-01-13,SKU043,Cama Cozy,Pet,Aplicativo,87.81,10,38.02,250,11,14,0,166.99,3.74,3.66,17
2025-01-13,SKU043,Cama Cozy,Pet,Marketplace,90.84,0,38.81,346,13,17,0,251.06,3.79,4.25,19
2025-01-13,SKU044,Fonte Fresh,Pet,Site,91.0,5,39.87,116,8,8,0,309.33,4.89,3.02,11
2025-01-13,SKU044,Fonte Fresh,Pet,Aplicativo,88.74,10,40.14,79,7,8,0,199.6,4.85,2.6,9
2025-01-13,SKU044,Fonte Fresh,Pet,Marketplace,90.12,0,38.65,136,5,5,0,229.99,4.72,4.0,6
2025-01-13,SKU045,Brinquedo Fun,Pet,Site,103.11,10,44.98,150,10,10,0,300.93,4.27,3.3,10
2025-01-13,SKU045,Brinquedo Fun,Pet,Aplicativo,100.52,10,45.54,124,8,9,0,148.88,4.28,3.61,9
2025-01-13,SKU045,Brinquedo Fun,Pet,Marketplace,99.81,10,45.01,212,7,9,0,569.63,4.21,4.4,12
2025-01-13,SKU046,Coleira Safe,Pet,Site,135.49,20,62.82,194,7,7,0,231.27,4.33,4.01,14
2025-01-13,SKU046,Coleira Safe,Pet,Aplicativo,142.07,5,61.86,134,5,5,0,171.71,4.27,2.45,10
2025-01-13,SKU046,Coleira Safe,Pet,Marketplace,141.69,20,59.96,234,14,17,0,332.12,4.23,4.02,20
2025-01-13,SKU047,Comedouro Smart,Pet,Site,84.59,15,36.16,224,11,14,0,228.42,4.1,2.82,14
2025-01-13,SKU047,Comedouro Smart,Pet,Aplicativo,85.97,25,36.42,188,16,19,0,196.46,4.08,2.95,25
2025-01-13,SKU047,Comedouro Smart,Pet,Marketplace,82.57,20,36.99,289,11,13,0,337.76,4.11,4.76,22
2025-01-13,SKU048,Kit Higiene,Pet,Site,134.42,20,62.54,445,20,22,1,337.97,4.2,3.9,33
2025-01-13,SKU048,Kit Higiene,Pet,Aplicativo,138.76,10,62.54,408,27,29,1,308.79,4.27,3.02,29
2025-01-13,SKU048,Kit Higiene,Pet,Marketplace,138.55,25,62.11,551,29,34,0,270.25,4.67,3.44,57
2025-01-20,SKU001,Fone Pulse,Áudio e vídeo,Site,336.66,25,201.6,209,9,9,1,360.06,4.72,3.16,18
2025-01-20,SKU001,Fone Pulse,Áudio e vídeo,Aplicativo,346.86,25,196.52,199,18,19,1,222.27,4.85,2.85,19
2025-01-20,SKU001,Fone Pulse,Áudio e vídeo,Marketplace,357.98,15,195.31,243,6,6,0,326.77,4.62,3.84,11
2025-01-20,SKU002,Caixa Wave,Áudio e vídeo,Site,289.74,0,158.99,294,10,10,0,229.0,5.0,1.8,20
2025-01-20,SKU002,Caixa Wave,Áudio e vídeo,Aplicativo,279.84,15,156.62,234,15,10,0,134.68,4.86,3.25,10
2025-01-20,SKU002,Caixa Wave,Áudio e vídeo,Marketplace,272.85,10,157.9,343,12,15,0,301.16,4.88,2.79,19
2025-01-20,SKU003,Webcam Focus,Áudio e vídeo,Site,419.75,10,233.35,182,4,4,1,195.72,3.73,2.38,11
2025-01-20,SKU003,Webcam Focus,Áudio e vídeo,Aplicativo,432.4,5,230.59,171,7,8,0,321.05,3.63,3.08,8
2025-01-20,SKU003,Webcam Focus,Áudio e vídeo,Marketplace,407.62,10,237.17,236,2,3,0,234.47,3.59,4.15,8
2025-01-20,SKU004,Microfone Voice,Áudio e vídeo,Site,334.44,25,190.12,112,7,7,0,230.1,4.86,2.34,13
2025-01-20,SKU004,Microfone Voice,Áudio e vídeo,Aplicativo,327.61,15,184.46,105,5,6,0,360.73,4.71,3.4,7
2025-01-20,SKU004,Microfone Voice,Áudio e vídeo,Marketplace,322.61,5,185.83,146,2,2,0,217.51,4.73,3.54,7
2025-01-20,SKU005,Soundbar One,Áudio e vídeo,Site,415.04,5,240.83,176,7,7,1,251.27,4.12,3.61,8
2025-01-20,SKU005,Soundbar One,Áudio e vídeo,Aplicativo,432.81,20,243.07,158,8,9,1,140.54,4.22,3.09,9
2025-01-20,SKU005,Soundbar One,Áudio e vídeo,Marketplace,422.55,20,248.0,242,12,13,0,381.83,4.18,2.91,17
2025-01-20,SKU006,Headset Play,Áudio e vídeo,Site,367.83,15,206.73,127,2,3,0,238.15,3.7,4.56,6
2025-01-20,SKU006,Headset Play,Áudio e vídeo,Aplicativo,362.09,0,213.35,116,6,6,0,243.32,3.9,2.55,6
2025-01-20,SKU006,Headset Play,Áudio e vídeo,Marketplace,363.01,15,212.49,156,3,3,0,335.82,3.68,4.23,6
2025-01-20,SKU007,Panela Chef,Casa e cozinha,Site,253.21,25,132.93,340,26,29,0,194.51,4.51,2.02,34
2025-01-20,SKU007,Panela Chef,Casa e cozinha,Aplicativo,269.44,25,136.53,281,19,22,1,157.8,4.53,2.91,38
2025-01-20,SKU007,Panela Chef,Casa e cozinha,Marketplace,247.8,20,132.15,419,24,25,0,329.21,4.67,3.45,38
2025-01-20,SKU008,Air Fryer Easy,Casa e cozinha,Site,292.89,5,158.21,130,5,5,0,282.77,4.62,3.58,11
2025-01-20,SKU008,Air Fryer Easy,Casa e cozinha,Aplicativo,301.98,0,161.77,116,6,6,1,217.43,4.66,2.62,9
2025-01-20,SKU008,Air Fryer Easy,Casa e cozinha,Marketplace,309.19,5,156.14,183,4,5,0,329.22,4.75,2.41,11
2025-01-20,SKU009,Jogo Mesa,Casa e cozinha,Site,202.33,15,105.22,204,8,9,0,341.9,3.9,2.94,14
2025-01-20,SKU009,Jogo Mesa,Casa e cozinha,Aplicativo,203.3,15,107.22,135,4,4,0,129.77,4.26,3.85,10
2025-01-20,SKU009,Jogo Mesa,Casa e cozinha,Marketplace,202.42,20,106.62,247,7,8,1,511.27,4.16,4.41,14
2025-01-20,SKU010,Luminária Aura,Casa e cozinha,Site,205.11,5,100.83,296,15,15,0,211.78,4.15,2.65,22
2025-01-20,SKU010,Luminária Aura,Casa e cozinha,Aplicativo,197.28,5,100.61,242,11,12,0,260.86,4.36,2.35,20
2025-01-20,SKU010,Luminária Aura,Casa e cozinha,Marketplace,192.39,30,103.21,326,20,23,1,299.54,4.45,3.68,32
2025-01-20,SKU011,Organizador Box,Casa e cozinha,Site,303.23,10,155.54,465,16,23,3,260.29,3.8,3.0,30
2025-01-20,SKU011,Organizador Box,Casa e cozinha,Aplicativo,297.89,20,150.73,403,17,18,1,184.69,4.01,3.73,38
2025-01-20,SKU011,Organizador Box,Casa e cozinha,Marketplace,299.15,10,156.16,599,23,26,3,246.92,3.96,3.77,35
2025-01-20,SKU012,Mixer Prático,Casa e cozinha,Site,236.88,10,125.87,151,6,7,0,255.77,3.6,3.35,8
2025-01-20,SKU012,Mixer Prático,Casa e cozinha,Aplicativo,234.11,15,125.93,124,1,1,0,163.43,3.9,2.8,12
2025-01-20,SKU012,Mixer Prático,Casa e cozinha,Marketplace,244.14,5,122.75,152,6,7,1,223.95,3.78,3.94,7
2025-01-20,SKU013,Tênis Run,Esporte,Site,196.59,10,95.97,186,4,4,0,247.32,3.83,3.34,10
2025-01-20,SKU013,Tênis Run,Esporte,Aplicativo,189.79,10,99.54,149,5,5,0,176.46,3.74,2.7,11
2025-01-20,SKU013,Tênis Run,Esporte,Marketplace,202.04,20,93.84,229,8,8,1,471.45,3.92,3.97,15
2025-01-20,SKU014,Mochila Trail,Esporte,Site,188.48,10,94.89,289,9,9,2,260.1,4.66,4.29,17
2025-01-20,SKU014,Mochila Trail,Esporte,Aplicativo,194.26,5,95.8,219,9,10,1,184.62,4.7,3.3,16
2025-01-20,SKU014,Mochila Trail,Esporte,Marketplace,192.26,5,94.48,308,15,16,1,270.23,4.68,2.8,18
2025-01-20,SKU015,Garrafa Move,Esporte,Site,176.2,30,88.82,114,6,9,1,212.71,4.8,2.16,12
2025-01-20,SKU015,Garrafa Move,Esporte,Aplicativo,174.27,5,89.52,79,3,3,0,234.3,4.49,2.37,4
2025-01-20,SKU015,Garrafa Move,Esporte,Marketplace,177.92,0,90.84,115,6,5,0,183.87,4.5,3.75,5
2025-01-20,SKU016,Tapete Zen,Esporte,Site,187.5,5,90.19,198,6,6,0,232.51,3.8,3.3,9
2025-01-20,SKU016,Tapete Zen,Esporte,Aplicativo,181.96,10,90.79,171,9,10,0,225.82,3.98,2.81,13
2025-01-20,SKU016,Tapete Zen,Esporte,Marketplace,183.2,15,90.27,262,11,13,0,293.62,3.97,3.85,13
2025-01-20,SKU017,Kit Funcional,Esporte,Site,155.96,5,77.58,331,17,18,0,248.51,3.86,2.6,22
2025-01-20,SKU017,Kit Funcional,Esporte,Aplicativo,163.11,0,78.57,258,9,9,0,144.8,3.98,3.58,13
2025-01-20,SKU017,Kit Funcional,Esporte,Marketplace,153.12,10,79.29,331,11,12,0,230.57,3.79,3.68,17
2025-01-20,SKU018,Relógio Fit,Esporte,Site,226.32,5,113.09,178,6,7,1,153.22,4.44,2.03,11
2025-01-20,SKU018,Relógio Fit,Esporte,Aplicativo,231.85,10,112.41,152,16,14,1,153.39,4.41,2.22,14
2025-01-20,SKU018,Relógio Fit,Esporte,Marketplace,227.0,20,114.44,250,10,12,1,318.11,4.28,4.33,17
2025-01-20,SKU019,Camiseta Urban,Moda,Site,178.84,25,78.83,148,10,11,1,345.07,4.17,2.71,14
2025-01-20,SKU019,Camiseta Urban,Moda,Aplicativo,183.85,5,77.08,97,1,1,0,227.73,4.01,3.92,7
2025-01-20,SKU019,Camiseta Urban,Moda,Marketplace,186.9,5,77.66,164,3,3,0,224.85,4.15,4.01,8
2025-01-20,SKU020,Calça Flex,Moda,Site,121.52,5,54.95,173,8,8,1,205.64,3.74,2.21,12
2025-01-20,SKU020,Calça Flex,Moda,Aplicativo,127.48,20,54.39,160,8,8,2,284.36,3.7,2.85,12
2025-01-20,SKU020,Calça Flex,Moda,Marketplace,125.23,0,54.6,220,12,12,1,166.37,3.84,3.84,12
2025-01-20,SKU021,Tênis Street,Moda,Site,158.27,5,65.82,155,3,3,1,193.74,4.28,3.59,13
2025-01-20,SKU021,Tênis Street,Moda,Aplicativo,149.79,10,66.64,141,6,7,0,241.34,4.56,2.48,13
2025-01-20,SKU021,Tênis Street,Moda,Marketplace,158.43,0,66.19,202,4,4,0,279.99,4.28,4.11,9
2025-01-20,SKU022,Jaqueta City,Moda,Site,169.94,5,70.9,230,6,6,2,232.8,4.45,3.46,19
2025-01-20,SKU022,Jaqueta City,Moda,Aplicativo,166.94,10,72.34,201,5,5,0,234.95,4.34,2.9,18
2025-01-20,SKU022,Jaqueta City,Moda,Marketplace,169.23,25,71.06,297,18,23,2,474.94,4.44,4.46,30
2025-01-20,SKU023,Bolsa Mini,Moda,Site,146.12,0,60.58,374,13,16,1,198.07,3.47,3.76,22
2025-01-20,SKU023,Bolsa Mini,Moda,Aplicativo,147.87,5,61.91,318,11,12,1,128.53,3.58,2.97,20
2025-01-20,SKU023,Bolsa Mini,Moda,Marketplace,136.78,15,60.51,524,24,25,3,347.5,3.75,4.62,27
2025-01-20,SKU024,Moletom Soft,Moda,Site,128.73,25,55.35,226,19,22,2,238.95,4.05,2.47,25
2025-01-20,SKU024,Moletom Soft,Moda,Aplicativo,136.64,0,57.96,159,11,12,3,247.65,4.24,3.22,12
2025-01-20,SKU024,Moletom Soft,Moda,Marketplace,127.41,25,56.49,311,21,27,4,533.85,4.0,4.28,29
2025-01-20,SKU025,Kit Skin,Beleza,Site,103.37,5,42.52,145,8,8,0,342.86,3.62,3.98,10
2025-01-20,SKU025,Kit Skin,Beleza,Aplicativo,103.62,5,40.55,112,4,4,0,269.49,3.52,2.94,7
2025-01-20,SKU025,Kit Skin,Beleza,Marketplace,104.52,15,39.69,140,2,2,0,179.6,3.58,5.19,6
2025-01-20,SKU026,Perfume Bloom,Beleza,Site,104.94,5,42.42,346,6,8,1,419.0,4.44,4.0,28
2025-01-20,SKU026,Perfume Bloom,Beleza,Aplicativo,110.17,25,42.86,311,18,23,1,346.78,4.58,3.39,29
2025-01-20,SKU026,Perfume Bloom,Beleza,Marketplace,110.54,20,40.27,416,22,26,1,323.28,4.36,3.64,39
2025-01-20,SKU027,Secador Air,Beleza,Site,141.08,0,54.78,235,13,16,0,409.35,4.52,3.69,17
2025-01-20,SKU027,Secador Air,Beleza,Aplicativo,137.35,15,53.31,190,25,12,0,312.66,4.37,3.16,12
2025-01-20,SKU027,Secador Air,Beleza,Marketplace,138.19,20,54.35,231,11,14,0,261.68,4.4,4.26,25
2025-01-20,SKU028,Protetor Daily,Beleza,Site,141.46,0,54.64,197,8,8,0,260.67,3.74,3.06,13
2025-01-20,SKU028,Protetor Daily,Beleza,Aplicativo,137.26,0,55.0,155,6,8,1,161.26,3.62,2.11,10
2025-01-20,SKU028,Protetor Daily,Beleza,Marketplace,135.45,20,56.44,245,10,10,0,275.94,3.77,4.23,19
2025-01-20,SKU029,Escova Glow,Beleza,Site,92.16,10,37.04,234,11,11,0,373.57,4.62,3.06,22
2025-01-20,SKU029,Escova Glow,Beleza,Aplicativo,91.81,5,36.49,178,14,15,0,277.38,4.55,2.4,23
2025-01-20,SKU029,Escova Glow,Beleza,Marketplace,93.39,0,35.56,268,8,10,0,369.2,4.51,4.81,18
2025-01-20,SKU030,Sérum Vita,Beleza,Site,93.6,5,39.16,357,24,27,1,303.94,4.2,2.62,29
2025-01-20,SKU030,Sérum Vita,Beleza,Aplicativo,97.43,0,37.95,279,9,11,0,238.94,4.1,2.52,26
2025-01-20,SKU030,Sérum Vita,Beleza,Marketplace,100.14,5,38.83,398,5,6,0,513.9,4.14,3.96,22
2025-01-20,SKU031,Teclado Type,Informática,Site,616.15,5,393.91,178,1,1,0,222.29,4.06,3.24,8
2025-01-20,SKU031,Teclado Type,Informática,Aplicativo,581.89,5,394.98,155,3,3,0,186.71,4.3,3.45,9
2025-01-20,SKU031,Teclado Type,Informática,Marketplace,612.1,15,401.0,224,7,9,0,282.54,4.21,4.08,12
2025-01-20,SKU032,Mouse Click,Informática,Site,487.75,10,322.99,163,3,3,0,302.08,4.57,4.14,7
2025-01-20,SKU032,Mouse Click,Informática,Aplicativo,484.03,0,321.8,112,6,4,0,224.2,4.24,3.89,4
2025-01-20,SKU032,Mouse Click,Informática,Marketplace,484.62,0,321.98,213,4,6,0,383.62,4.46,4.72,6
2025-01-20,SKU033,Monitor View,Informática,Site,437.47,20,273.0,73,4,4,0,218.65,3.79,3.1,4
2025-01-20,SKU033,Monitor View,Informática,Aplicativo,419.65,5,274.69,59,2,3,0,226.89,3.75,2.95,3
2025-01-20,SKU033,Monitor View,Informática,Marketplace,414.43,0,285.55,91,1,1,0,373.69,3.76,5.49,2
2025-01-20,SKU034,SSD Fast,Informática,Site,685.54,15,427.57,96,7,7,0,308.21,4.65,1.68,7
2025-01-20,SKU034,SSD Fast,Informática,Aplicativo,662.34,15,426.89,82,6,7,0,254.0,4.39,2.12,7
2025-01-20,SKU034,SSD Fast,Informática,Marketplace,636.61,0,439.05,115,3,4,0,301.76,4.51,3.95,5
2025-01-20,SKU035,Hub Connect,Informática,Site,677.96,15,456.91,134,8,9,0,257.23,4.53,2.29,9
2025-01-20,SKU035,Hub Connect,Informática,Aplicativo,670.42,15,439.59,116,6,7,0,321.41,4.49,4.0,7
2025-01-20,SKU035,Hub Connect,Informática,Marketplace,676.99,10,438.67,155,5,5,0,278.54,4.59,3.55,9
2025-01-20,SKU036,Notebook Go,Informática,Site,535.81,0,366.49,228,2,2,0,167.29,4.0,3.21,11
2025-01-20,SKU036,Notebook Go,Informática,Aplicativo,502.1,20,350.48,218,9,10,0,307.17,3.71,3.25,17
2025-01-20,SKU036,Notebook Go,Informática,Marketplace,537.64,5,355.76,261,2,3,0,180.97,3.9,4.31,8
2025-01-20,SKU037,Bloco Criar,Infantil,Site,161.73,0,70.78,130,7,8,0,501.3,4.37,3.01,9
2025-01-20,SKU037,Bloco Criar,Infantil,Aplicativo,160.22,5,76.91,108,6,7,0,425.97,4.17,3.72,7
2025-01-20,SKU037,Bloco Criar,Infantil,Marketplace,162.59,15,74.17,137,4,4,0,245.61,4.16,3.86,9
2025-01-20,SKU038,Livro Descobrir,Infantil,Site,118.38,5,54.61,74,2,2,0,172.72,4.29,2.99,5
2025-01-20,SKU038,Livro Descobrir,Infantil,Aplicativo,119.77,5,55.84,57,2,2,0,186.41,4.37,3.19,5
2025-01-20,SKU038,Livro Descobrir,Infantil,Marketplace,124.59,15,54.69,88,9,6,0,258.97,4.34,3.65,6
2025-01-20,SKU039,Jogo Família,Infantil,Site,156.01,0,73.82,148,5,7,0,291.89,4.66,4.0,8
2025-01-20,SKU039,Jogo Família,Infantil,Aplicativo,156.03,25,74.88,111,4,5,0,208.02,4.69,3.66,10
2025-01-20,SKU039,Jogo Família,Infantil,Marketplace,162.31,15,74.45,188,3,3,1,529.83,4.58,4.11,13
2025-01-20,SKU040,Mochila Kids,Infantil,Site,125.18,25,59.32,123,8,8,1,250.96,4.48,3.07,10
2025-01-20,SKU040,Mochila Kids,Infantil,Aplicativo,128.15,20,61.16,113,4,4,0,236.29,4.35,2.91,11
2025-01-20,SKU040,Mochila Kids,Infantil,Marketplace,131.46,20,59.59,150,6,6,1,353.68,4.42,4.13,10
2025-01-20,SKU041,Pelúcia Nuvem,Infantil,Site,137.64,10,65.64,429,15,17,1,247.93,3.68,3.49,20
2025-01-20,SKU041,Pelúcia Nuvem,Infantil,Aplicativo,142.99,0,67.53,275,9,9,0,125.02,3.36,3.67,13
2025-01-20,SKU041,Pelúcia Nuvem,Infantil,Marketplace,135.69,25,67.31,437,22,28,0,284.2,3.75,3.3,31
2025-01-20,SKU042,Patinete Joy,Infantil,Site,96.06,10,46.0,232,14,14,1,264.0,4.23,3.09,16
2025-01-20,SKU042,Patinete Joy,Infantil,Aplicativo,96.18,5,47.31,162,6,6,0,197.5,4.27,2.91,15
2025-01-20,SKU042,Patinete Joy,Infantil,Marketplace,95.65,0,44.85,212,5,7,0,320.62,4.05,4.22,12
2025-01-20,SKU043,Cama Cozy,Pet,Site,88.18,5,39.27,296,11,12,0,161.2,3.69,2.72,20
2025-01-20,SKU043,Cama Cozy,Pet,Aplicativo,88.28,10,39.42,244,11,12,0,143.94,3.62,3.47,14
2025-01-20,SKU043,Cama Cozy,Pet,Marketplace,87.93,10,39.37,376,16,17,0,240.21,3.68,3.36,20
2025-01-20,SKU044,Fonte Fresh,Pet,Site,88.54,10,39.4,106,5,5,0,182.52,4.85,2.9,6
2025-01-20,SKU044,Fonte Fresh,Pet,Aplicativo,90.39,15,40.04,89,6,6,0,331.49,4.86,2.37,9
2025-01-20,SKU044,Fonte Fresh,Pet,Marketplace,94.82,0,39.04,147,4,4,0,534.89,4.54,4.3,8
2025-01-20,SKU045,Brinquedo Fun,Pet,Site,101.48,10,43.38,178,8,9,0,232.35,4.45,3.75,11
2025-01-20,SKU045,Brinquedo Fun,Pet,Aplicativo,101.7,5,44.55,120,3,4,0,194.45,4.26,2.85,12
2025-01-20,SKU045,Brinquedo Fun,Pet,Marketplace,99.71,20,44.06,213,7,8,0,526.96,4.31,3.94,12
2025-01-20,SKU046,Coleira Safe,Pet,Site,138.76,5,61.77,175,10,13,0,169.08,4.08,2.05,16
2025-01-20,SKU046,Coleira Safe,Pet,Aplicativo,136.62,15,60.23,180,12,15,0,173.1,4.12,2.56,18
2025-01-20,SKU046,Coleira Safe,Pet,Marketplace,141.59,20,61.11,211,7,8,0,251.97,4.37,4.4,13
2025-01-20,SKU047,Comedouro Smart,Pet,Site,82.29,0,38.48,234,10,11,0,273.27,4.11,3.22,12
2025-01-20,SKU047,Comedouro Smart,Pet,Aplicativo,81.76,15,37.48,198,10,12,0,213.17,4.18,3.47,20
2025-01-20,SKU047,Comedouro Smart,Pet,Marketplace,86.01,10,36.83,288,15,16,0,312.89,4.21,3.99,16
2025-01-20,SKU048,Kit Higiene,Pet,Site,136.5,15,59.56,501,24,27,1,358.43,4.39,3.04,49
2025-01-20,SKU048,Kit Higiene,Pet,Aplicativo,139.51,15,60.27,349,20,24,0,192.52,4.31,3.48,26
2025-01-20,SKU048,Kit Higiene,Pet,Marketplace,135.1,20,61.47,538,24,23,0,298.36,4.48,4.79,23
2025-01-27,SKU001,Fone Pulse,Áudio e vídeo,Site,340.02,25,197.4,219,14,16,0,330.79,4.57,2.66,16
2025-01-27,SKU001,Fone Pulse,Áudio e vídeo,Aplicativo,354.7,10,196.34,178,6,6,0,197.72,4.75,4.71,11
2025-01-27,SKU001,Fone Pulse,Áudio e vídeo,Marketplace,367.13,20,198.82,230,8,8,1,217.95,4.83,3.57,14
2025-01-27,SKU002,Caixa Wave,Áudio e vídeo,Site,264.01,15,154.32,322,18,22,3,263.33,5.0,2.81,30
2025-01-27,SKU002,Caixa Wave,Áudio e vídeo,Aplicativo,274.57,20,161.47,241,14,17,1,139.55,4.86,3.3,29
2025-01-27,SKU002,Caixa Wave,Áudio e vídeo,Marketplace,275.22,25,158.17,342,9,10,1,261.58,4.96,4.23,27
2025-01-27,SKU003,Webcam Focus,Áudio e vídeo,Site,399.33,20,240.97,215,9,11,1,257.37,3.79,2.76,12
2025-01-27,SKU003,Webcam Focus,Áudio e vídeo,Aplicativo,404.97,0,244.43,150,3,3,0,177.91,3.81,3.4,7
2025-01-27,SKU003,Webcam Focus,Áudio e vídeo,Marketplace,408.0,10,234.18,275,9,10,0,486.27,3.9,4.44,15
2025-01-27,SKU004,Microfone Voice,Áudio e vídeo,Site,334.2,25,188.77,126,3,3,0,228.78,5.0,4.02,11
2025-01-27,SKU004,Microfone Voice,Áudio e vídeo,Aplicativo,347.39,20,188.11,105,8,9,1,290.22,4.68,3.01,9
2025-01-27,SKU004,Microfone Voice,Áudio e vídeo,Marketplace,346.09,10,189.22,140,0,0,0,227.45,4.77,5.14,7
2025-01-27,SKU005,Soundbar One,Áudio e vídeo,Site,420.13,10,246.18,200,2,2,0,334.34,4.11,2.7,10
2025-01-27,SKU005,Soundbar One,Áudio e vídeo,Aplicativo,428.89,0,245.9,156,4,5,1,248.15,4.33,3.89,7
2025-01-27,SKU005,Soundbar One,Áudio e vídeo,Marketplace,420.42,5,236.9,257,8,8,1,312.22,4.24,4.81,11
2025-01-27,SKU006,Headset Play,Áudio e vídeo,Site,391.61,5,215.12,122,3,3,1,311.43,3.52,2.24,4
2025-01-27,SKU006,Headset Play,Áudio e vídeo,Aplicativo,364.62,5,216.13,104,5,5,0,251.89,3.63,2.58,7
2025-01-27,SKU006,Headset Play,Áudio e vídeo,Marketplace,367.39,20,212.9,145,4,4,0,341.69,3.79,5.64,6
2025-01-27,SKU007,Panela Chef,Casa e cozinha,Site,254.84,20,133.05,396,29,33,1,286.52,4.4,2.57,33
2025-01-27,SKU007,Panela Chef,Casa e cozinha,Aplicativo,260.42,0,137.38,300,10,12,0,270.71,4.3,2.84,17
2025-01-27,SKU007,Panela Chef,Casa e cozinha,Marketplace,257.55,10,133.94,376,16,20,1,194.65,4.67,3.86,27
2025-01-27,SKU008,Air Fryer Easy,Casa e cozinha,Site,302.33,10,157.87,139,8,9,1,212.28,4.71,2.95,11
2025-01-27,SKU008,Air Fryer Easy,Casa e cozinha,Aplicativo,313.19,15,155.35,132,3,3,0,188.6,4.88,3.82,9
2025-01-27,SKU008,Air Fryer Easy,Casa e cozinha,Marketplace,289.46,10,156.96,181,9,11,0,315.12,4.7,4.56,11
2025-01-27,SKU009,Jogo Mesa,Casa e cozinha,Site,197.7,10,103.41,187,6,7,0,238.92,4.31,3.69,14
2025-01-27,SKU009,Jogo Mesa,Casa e cozinha,Aplicativo,203.89,10,103.22,144,7,8,1,103.92,4.18,3.93,11
2025-01-27,SKU009,Jogo Mesa,Casa e cozinha,Marketplace,207.89,20,105.14,215,5,5,0,247.02,4.14,3.81,13
2025-01-27,SKU010,Luminária Aura,Casa e cozinha,Site,193.81,20,101.96,285,10,11,0,314.66,4.43,2.89,24
2025-01-27,SKU010,Luminária Aura,Casa e cozinha,Aplicativo,199.38,0,100.73,218,13,15,1,165.54,4.61,2.78,16
2025-01-27,SKU010,Luminária Aura,Casa e cozinha,Marketplace,191.87,5,101.11,282,18,17,0,267.85,4.36,4.01,17
2025-01-27,SKU011,Organizador Box,Casa e cozinha,Site,300.84,5,159.57,576,22,24,2,419.23,3.95,2.25,34
2025-01-27,SKU011,Organizador Box,Casa e cozinha,Aplicativo,308.6,0,156.59,394,14,16,0,154.34,3.95,3.52,19
2025-01-27,SKU011,Organizador Box,Casa e cozinha,Marketplace,301.25,0,160.29,599,24,27,1,458.3,4.0,3.67,28
2025-01-27,SKU012,Mixer Prático,Casa e cozinha,Site,244.1,15,122.17,127,10,10,0,172.59,3.92,3.08,10
2025-01-27,SKU012,Mixer Prático,Casa e cozinha,Aplicativo,241.45,10,127.44,139,6,6,0,277.51,3.72,3.81,10
2025-01-27,SKU012,Mixer Prático,Casa e cozinha,Marketplace,236.58,10,121.69,173,8,9,0,356.21,3.75,3.43,11
2025-01-27,SKU013,Tênis Run,Esporte,Site,193.71,20,99.69,195,9,11,2,251.82,3.91,4.34,13
2025-01-27,SKU013,Tênis Run,Esporte,Aplicativo,204.48,10,98.45,161,9,10,0,207.42,3.81,2.39,10
2025-01-27,SKU013,Tênis Run,Esporte,Marketplace,193.26,0,96.56,251,5,5,1,515.64,3.68,4.94,7
2025-01-27,SKU014,Mochila Trail,Esporte,Site,188.92,15,95.68,286,6,6,1,228.79,4.66,2.61,22
2025-01-27,SKU014,Mochila Trail,Esporte,Aplicativo,187.73,10,98.35,237,15,17,2,281.5,4.44,1.59,22
2025-01-27,SKU014,Mochila Trail,Esporte,Marketplace,192.64,0,94.95,386,12,12,3,260.35,4.85,3.67,13
2025-01-27,SKU015,Garrafa Move,Esporte,Site,184.51,25,89.56,113,4,4,0,432.9,4.61,3.21,10
2025-01-27,SKU015,Garrafa Move,Esporte,Aplicativo,179.16,15,87.17,81,5,5,2,239.45,4.73,2.21,8
2025-01-27,SKU015,Garrafa Move,Esporte,Marketplace,174.91,5,86.86,123,2,2,0,301.22,4.63,4.54,5
2025-01-27,SKU016,Tapete Zen,Esporte,Site,182.18,20,91.06,220,8,8,2,173.33,3.84,3.25,12
2025-01-27,SKU016,Tapete Zen,Esporte,Aplicativo,183.19,20,92.93,180,8,9,1,157.01,4.19,3.35,17
2025-01-27,SKU016,Tapete Zen,Esporte,Marketplace,185.54,15,89.53,272,4,4,0,446.16,4.05,4.08,9
2025-01-27,SKU017,Kit Funcional,Esporte,Site,160.26,5,78.57,349,12,13,0,382.05,3.76,3.09,16
2025-01-27,SKU017,Kit Funcional,Esporte,Aplicativo,167.61,25,79.37,268,15,16,1,308.19,4.02,3.52,20
2025-01-27,SKU017,Kit Funcional,Esporte,Marketplace,150.39,0,80.73,359,9,10,1,283.11,3.85,4.89,14
2025-01-27,SKU018,Relógio Fit,Esporte,Site,239.46,10,109.44,226,5,6,1,298.56,4.26,4.09,12
2025-01-27,SKU018,Relógio Fit,Esporte,Aplicativo,227.29,25,110.78,165,12,9,2,180.51,4.44,3.38,9
2025-01-27,SKU018,Relógio Fit,Esporte,Marketplace,226.96,25,112.82,242,9,9,0,243.34,4.26,3.92,17
2025-01-27,SKU019,Camiseta Urban,Moda,Site,188.64,10,78.91,111,1,2,0,203.58,4.29,2.87,9
2025-01-27,SKU019,Camiseta Urban,Moda,Aplicativo,181.1,0,80.59,116,6,7,0,213.91,4.03,3.31,7
2025-01-27,SKU019,Camiseta Urban,Moda,Marketplace,179.99,0,78.43,139,4,4,0,353.39,4.27,4.39,8
2025-01-27,SKU020,Calça Flex,Moda,Site,130.88,15,54.28,228,8,12,2,343.49,3.67,4.07,12
2025-01-27,SKU020,Calça Flex,Moda,Aplicativo,125.01,10,54.3,179,11,11,1,291.3,3.67,2.5,17
2025-01-27,SKU020,Calça Flex,Moda,Marketplace,123.98,0,53.63,252,2,2,0,380.76,3.52,4.56,11
2025-01-27,SKU021,Tênis Street,Moda,Site,159.79,15,65.05,160,10,10,1,299.34,4.29,3.43,11
2025-01-27,SKU021,Tênis Street,Moda,Aplicativo,149.2,5,66.51,151,9,10,0,220.97,4.34,2.97,16
2025-01-27,SKU021,Tênis Street,Moda,Marketplace,154.25,10,66.14,210,6,5,0,272.92,4.24,5.91,5
2025-01-27,SKU022,Jaqueta City,Moda,Site,176.03,25,73.51,243,13,15,2,335.12,4.35,3.87,27
2025-01-27,SKU022,Jaqueta City,Moda,Aplicativo,168.84,10,73.05,178,9,10,0,186.25,4.37,3.36,14
2025-01-27,SKU022,Jaqueta City,Moda,Marketplace,175.75,0,74.58,276,8,10,0,341.04,4.29,4.0,16
2025-01-27,SKU023,Bolsa Mini,Moda,Site,137.26,0,59.77,427,16,17,2,220.07,3.48,2.82,29
2025-01-27,SKU023,Bolsa Mini,Moda,Aplicativo,142.33,5,60.47,285,7,7,0,180.69,3.68,2.62,16
2025-01-27,SKU023,Bolsa Mini,Moda,Marketplace,134.95,15,59.99,490,18,18,2,294.05,3.58,4.42,29
2025-01-27,SKU024,Moletom Soft,Moda,Site,131.55,5,58.14,211,8,8,0,186.37,4.22,4.12,12
2025-01-27,SKU024,Moletom Soft,Moda,Aplicativo,128.95,10,57.53,154,11,8,0,144.91,4.04,2.47,8
2025-01-27,SKU024,Moletom Soft,Moda,Marketplace,137.28,5,55.98,275,9,10,0,307.34,4.05,4.41,14
2025-01-27,SKU025,Kit Skin,Beleza,Site,104.46,5,40.66,125,4,5,1,169.52,3.56,4.39,5
2025-01-27,SKU025,Kit Skin,Beleza,Aplicativo,98.98,0,40.56,109,3,3,0,187.28,3.74,3.98,6
2025-01-27,SKU025,Kit Skin,Beleza,Marketplace,103.13,20,40.22,149,2,3,0,315.28,3.61,4.08,10
2025-01-27,SKU026,Perfume Bloom,Beleza,Site,104.69,20,42.95,339,22,25,1,256.55,4.43,2.53,43
2025-01-27,SKU026,Perfume Bloom,Beleza,Aplicativo,110.51,15,42.77,247,21,14,0,252.66,4.56,3.04,14
2025-01-27,SKU026,Perfume Bloom,Beleza,Marketplace,105.69,10,40.95,386,10,11,1,213.4,4.44,4.41,13
2025-01-27,SKU027,Secador Air,Beleza,Site,132.27,10,54.53,238,13,12,0,269.95,4.39,2.46,12
2025-01-27,SKU027,Secador Air,Beleza,Aplicativo,138.15,20,54.93,189,19,20,0,305.33,4.5,2.24,20
2025-01-27,SKU027,Secador Air,Beleza,Marketplace,139.44,5,53.7,249,18,8,0,307.86,4.46,3.33,8
2025-01-27,SKU028,Protetor Daily,Beleza,Site,133.05,5,55.83,231,8,9,1,329.04,3.79,4.05,15
2025-01-27,SKU028,Protetor Daily,Beleza,Aplicativo,142.55,10,56.07,167,9,12,0,162.12,3.58,2.27,15
2025-01-27,SKU028,Protetor Daily,Beleza,Marketplace,142.41,5,55.47,249,8,10,0,200.86,3.75,4.68,11
2025-01-27,SKU029,Escova Glow,Beleza,Site,93.67,0,35.94,226,3,3,0,354.48,4.53,3.89,17
2025-01-27,SKU029,Escova Glow,Beleza,Aplicativo,94.2,0,37.39,176,12,15,0,178.14,4.55,2.92,17
2025-01-27,SKU029,Escova Glow,Beleza,Marketplace,93.75,5,36.95,232,14,15,0,317.96,4.44,4.77,16
2025-01-27,SKU030,Sérum Vita,Beleza,Site,98.45,15,36.2,357,27,33,1,228.66,4.32,3.08,37
2025-01-27,SKU030,Sérum Vita,Beleza,Aplicativo,97.49,10,38.43,263,14,15,0,181.24,3.98,2.69,25
2025-01-27,SKU030,Sérum Vita,Beleza,Marketplace,100.54,20,37.44,396,13,15,0,327.61,4.2,4.54,29
2025-01-27,SKU031,Teclado Type,Informática,Site,597.27,15,410.15,170,4,5,1,224.37,4.33,3.03,9
2025-01-27,SKU031,Teclado Type,Informática,Aplicativo,585.51,10,398.03,149,9,10,0,159.28,4.08,2.23,10
2025-01-27,SKU031,Teclado Type,Informática,Marketplace,607.24,10,404.26,283,6,8,1,371.83,4.31,3.84,11
2025-01-27,SKU032,Mouse Click,Informática,Site,478.22,20,322.39,169,8,8,2,363.77,4.44,3.19,11
2025-01-27,SKU032,Mouse Click,Informática,Aplicativo,494.24,15,310.53,162,5,6,0,286.07,4.28,2.35,12
2025-01-27,SKU032,Mouse Click,Informática,Marketplace,485.97,5,314.6,195,2,2,0,269.57,4.23,4.57,7
2025-01-27,SKU033,Monitor View,Informática,Site,420.78,20,276.25,81,4,4,0,355.11,3.63,3.93,4
2025-01-27,SKU033,Monitor View,Informática,Aplicativo,412.87,10,278.3,52,2,2,1,228.14,3.67,3.57,2
2025-01-27,SKU033,Monitor View,Informática,Marketplace,417.31,5,279.48,83,1,1,0,272.71,3.84,2.89,4
2025-01-27,SKU034,SSD Fast,Informática,Site,679.82,5,437.32,86,3,4,0,187.13,4.51,2.77,5
2025-01-27,SKU034,SSD Fast,Informática,Aplicativo,684.72,15,458.73,87,0,0,0,221.92,4.41,3.01,6
2025-01-27,SKU034,SSD Fast,Informática,Marketplace,664.42,15,445.92,96,6,4,0,291.23,4.31,4.23,4
2025-01-27,SKU035,Hub Connect,Informática,Site,701.56,15,461.5,120,2,2,0,215.23,4.66,2.92,8
2025-01-27,SKU035,Hub Connect,Informática,Aplicativo,677.82,0,446.36,110,4,5,2,178.71,4.51,2.6,5
2025-01-27,SKU035,Hub Connect,Informática,Marketplace,696.95,0,436.88,153,5,5,0,275.23,4.57,3.58,5
2025-01-27,SKU036,Notebook Go,Informática,Site,522.79,15,353.86,204,4,5,0,143.89,3.89,3.67,10
2025-01-27,SKU036,Notebook Go,Informática,Aplicativo,503.77,10,350.2,196,10,10,0,228.33,3.94,2.7,11
2025-01-27,SKU036,Notebook Go,Informática,Marketplace,538.08,5,341.17,273,6,8,0,322.57,3.85,3.97,8
2025-01-27,SKU037,Bloco Criar,Infantil,Site,161.51,0,75.15,125,4,5,0,242.33,4.39,3.08,10
2025-01-27,SKU037,Bloco Criar,Infantil,Aplicativo,165.14,5,73.78,99,1,1,0,178.04,4.06,3.79,6
2025-01-27,SKU037,Bloco Criar,Infantil,Marketplace,155.38,25,75.94,138,11,9,0,310.93,4.23,3.75,9
2025-01-27,SKU038,Livro Descobrir,Infantil,Site,117.63,5,56.65,73,1,1,0,189.55,4.3,3.83,5
2025-01-27,SKU038,Livro Descobrir,Infantil,Aplicativo,113.34,10,56.32,57,1,1,0,225.95,4.06,2.9,5
2025-01-27,SKU038,Livro Descobrir,Infantil,Marketplace,119.03,10,56.31,105,7,6,0,544.93,4.32,3.97,6
2025-01-27,SKU039,Jogo Família,Infantil,Site,156.45,20,72.79,125,7,8,2,325.94,4.5,3.2,12
2025-01-27,SKU039,Jogo Família,Infantil,Aplicativo,157.34,10,75.86,107,10,8,0,151.48,4.63,3.0,8
2025-01-27,SKU039,Jogo Família,Infantil,Marketplace,156.26,0,76.55,168,4,4,0,259.88,4.5,3.69,11
2025-01-27,SKU040,Mochila Kids,Infantil,Site,125.81,0,57.57,134,3,4,0,187.65,4.4,3.52,9
2025-01-27,SKU040,Mochila Kids,Infantil,Aplicativo,126.37,15,58.54,99,6,8,0,121.07,4.3,3.6,9
2025-01-27,SKU040,Mochila Kids,Infantil,Marketplace,128.68,10,59.59,154,7,8,1,289.34,4.39,3.87,9
2025-01-27,SKU041,Pelúcia Nuvem,Infantil,Site,141.62,0,67.2,440,8,9,0,308.4,3.49,4.33,17
2025-01-27,SKU041,Pelúcia Nuvem,Infantil,Aplicativo,142.38,5,67.35,316,7,9,0,194.16,3.6,3.42,20
2025-01-27,SKU041,Pelúcia Nuvem,Infantil,Marketplace,141.86,10,66.71,506,18,22,2,293.64,3.7,3.32,31
2025-01-27,SKU042,Patinete Joy,Infantil,Site,101.05,10,47.08,183,7,8,1,224.93,4.19,2.27,14
2025-01-27,SKU042,Patinete Joy,Infantil,Aplicativo,100.83,15,47.36,172,12,13,0,168.54,4.29,2.73,14
2025-01-27,SKU042,Patinete Joy,Infantil,Marketplace,98.76,15,46.52,223,6,8,0,318.84,4.19,3.34,17
2025-01-27,SKU043,Cama Cozy,Pet,Site,89.41,0,36.95,342,6,6,0,194.13,3.73,3.69,20
2025-01-27,SKU043,Cama Cozy,Pet,Aplicativo,91.66,15,38.7,245,19,22,0,160.22,3.72,2.65,22
2025-01-27,SKU043,Cama Cozy,Pet,Marketplace,89.04,10,40.49,349,8,9,0,236.12,3.76,5.46,14
2025-01-27,SKU044,Fonte Fresh,Pet,Site,91.57,0,40.01,105,1,1,0,228.0,4.89,3.57,9
2025-01-27,SKU044,Fonte Fresh,Pet,Aplicativo,94.2,0,40.57,82,6,6,0,200.16,4.78,2.05,10
2025-01-27,SKU044,Fonte Fresh,Pet,Marketplace,88.31,0,40.2,148,6,6,0,264.13,4.63,4.52,10
2025-01-27,SKU045,Brinquedo Fun,Pet,Site,104.26,15,45.09,151,9,11,0,210.49,4.19,2.67,12
2025-01-27,SKU045,Brinquedo Fun,Pet,Aplicativo,103.6,0,44.79,160,4,6,0,275.33,4.33,2.87,15
2025-01-27,SKU045,Brinquedo Fun,Pet,Marketplace,98.35,10,44.25,206,9,10,0,184.83,4.31,3.78,13
2025-01-27,SKU046,Coleira Safe,Pet,Site,133.47,5,60.35,166,9,10,0,210.54,4.18,3.47,11
2025-01-27,SKU046,Coleira Safe,Pet,Aplicativo,139.62,0,61.39,148,9,9,0,202.06,4.21,3.33,12
2025-01-27,SKU046,Coleira Safe,Pet,Marketplace,134.61,30,60.85,225,12,15,0,333.83,4.1,4.8,18
2025-01-27,SKU047,Comedouro Smart,Pet,Site,86.09,15,36.65,223,18,20,0,177.88,4.26,2.51,21
2025-01-27,SKU047,Comedouro Smart,Pet,Aplicativo,83.41,25,37.4,224,19,24,0,237.51,4.21,2.91,27
2025-01-27,SKU047,Comedouro Smart,Pet,Marketplace,85.68,5,38.32,286,15,16,1,314.27,4.07,4.82,17
2025-01-27,SKU048,Kit Higiene,Pet,Site,138.88,15,59.44,469,24,27,1,269.42,4.34,3.17,37
2025-01-27,SKU048,Kit Higiene,Pet,Aplicativo,138.56,10,60.74,471,23,28,1,452.41,4.28,2.45,48
2025-01-27,SKU048,Kit Higiene,Pet,Marketplace,139.39,25,61.15,507,34,20,1,227.2,4.48,3.87,20
2025-02-03,SKU001,Fone Pulse,Áudio e vídeo,Site,354.54,0,194.5,231,9,10,0,299.06,4.75,2.42,13
2025-02-03,SKU001,Fone Pulse,Áudio e vídeo,Aplicativo,339.71,25,198.23,191,15,18,0,239.34,4.75,3.38,21
2025-02-03,SKU001,Fone Pulse,Áudio e vídeo,Marketplace,347.0,15,193.88,287,8,8,2,383.6,4.94,5.0,9
2025-02-03,SKU002,Caixa Wave,Áudio e vídeo,Site,276.75,5,154.39,313,12,15,1,216.57,4.67,3.36,18
2025-02-03,SKU002,Caixa Wave,Áudio e vídeo,Aplicativo,260.44,5,151.67,270,16,19,2,346.23,4.76,2.84,27
2025-02-03,SKU002,Caixa Wave,Áudio e vídeo,Marketplace,270.21,10,159.16,342,10,10,0,263.89,4.83,4.61,15
2025-02-03,SKU003,Webcam Focus,Áudio e vídeo,Site,405.3,10,234.74,204,6,7,0,280.04,3.68,2.79,9
2025-02-03,SKU003,Webcam Focus,Áudio e vídeo,Aplicativo,421.38,30,233.62,187,12,12,1,289.5,3.79,3.1,18
2025-02-03,SKU003,Webcam Focus,Áudio e vídeo,Marketplace,405.42,15,231.76,252,5,7,0,361.79,3.7,4.66,13
2025-02-03,SKU004,Microfone Voice,Áudio e vídeo,Site,331.91,10,189.39,134,4,6,0,413.48,4.81,2.81,9
2025-02-03,SKU004,Microfone Voice,Áudio e vídeo,Aplicativo,323.34,5,193.51,113,4,4,0,315.23,4.87,3.77,8
2025-02-03,SKU004,Microfone Voice,Áudio e vídeo,Marketplace,329.22,10,190.09,171,7,9,2,370.82,4.83,3.81,10
2025-02-03,SKU005,Soundbar One,Áudio e vídeo,Site,420.81,0,242.19,207,7,8,1,285.86,4.3,3.31,8
2025-02-03,SKU005,Soundbar One,Áudio e vídeo,Aplicativo,422.69,5,244.69,155,3,3,0,214.29,4.1,2.63,7
2025-02-03,SKU005,Soundbar One,Áudio e vídeo,Marketplace,431.0,10,248.44,249,8,8,0,456.77,4.16,3.69,12
2025-02-03,SKU006,Headset Play,Áudio e vídeo,Site,356.98,0,208.23,119,8,5,0,233.27,3.64,3.25,5
2025-02-03,SKU006,Headset Play,Áudio e vídeo,Aplicativo,367.28,10,218.97,91,0,0,0,198.16,3.72,3.16,5
2025-02-03,SKU006,Headset Play,Áudio e vídeo,Marketplace,378.9,15,210.77,165,5,6,0,382.68,3.74,4.92,6
2025-02-03,SKU007,Panela Chef,Casa e cozinha,Site,257.09,0,137.0,362,17,19,0,373.24,4.66,3.13,19
2025-02-03,SKU007,Panela Chef,Casa e cozinha,Aplicativo,259.87,25,134.79,266,21,22,1,159.63,4.61,1.92,29
2025-02-03,SKU007,Panela Chef,Casa e cozinha,Marketplace,247.37,5,135.44,432,12,14,0,228.3,4.48,4.49,20
2025-02-03,SKU008,Air Fryer Easy,Casa e cozinha,Site,304.46,5,159.77,164,10,14,2,266.1,4.83,2.89,15
2025-02-03,SKU008,Air Fryer Easy,Casa e cozinha,Aplicativo,320.94,5,156.8,145,8,10,0,181.88,4.7,2.93,10
2025-02-03,SKU008,Air Fryer Easy,Casa e cozinha,Marketplace,295.91,25,160.42,187,8,10,0,256.54,4.89,4.2,15
2025-02-03,SKU009,Jogo Mesa,Casa e cozinha,Site,202.02,10,103.01,196,4,5,1,326.53,3.97,3.47,10
2025-02-03,SKU009,Jogo Mesa,Casa e cozinha,Aplicativo,200.92,25,102.08,138,5,5,0,149.72,4.0,3.35,14
2025-02-03,SKU009,Jogo Mesa,Casa e cozinha,Marketplace,200.29,20,103.95,213,14,9,0,348.13,4.25,4.14,9
2025-02-03,SKU010,Luminária Aura,Casa e cozinha,Site,188.77,0,102.0,294,6,6,0,266.36,4.46,4.45,15
2025-02-03,SKU010,Luminária Aura,Casa e cozinha,Aplicativo,194.6,0,100.78,271,8,9,0,262.64,4.42,3.66,17
2025-02-03,SKU010,Luminária Aura,Casa e cozinha,Marketplace,194.33,10,102.65,342,10,11,2,263.44,4.4,4.75,20
2025-02-03,SKU011,Organizador Box,Casa e cozinha,Site,292.48,5,164.52,494,11,13,0,284.43,3.85,3.57,29
2025-02-03,SKU011,Organizador Box,Casa e cozinha,Aplicativo,299.64,15,159.58,422,20,18,0,236.18,3.84,2.57,18
2025-02-03,SKU011,Organizador Box,Casa e cozinha,Marketplace,318.83,5,156.02,596,21,22,0,383.53,4.12,3.91,22
2025-02-03,SKU012,Mixer Prático,Casa e cozinha,Site,240.02,0,123.76,151,5,6,0,221.52,3.91,3.09,9
2025-02-03,SKU012,Mixer Prático,Casa e cozinha,Aplicativo,237.05,10,124.44,119,10,8,0,218.75,3.85,3.9,8
2025-02-03,SKU012,Mixer Prático,Casa e cozinha,Marketplace,238.42,0,126.54,192,8,9,0,422.73,3.76,4.52,9
2025-02-03,SKU013,Tênis Run,Esporte,Site,198.55,10,97.29,181,1,1,0,220.48,3.8,3.15,11
2025-02-03,SKU013,Tênis Run,Esporte,Aplicativo,200.57,20,94.47,157,7,8,0,221.58,3.93,2.08,11
2025-02-03,SKU013,Tênis Run,Esporte,Marketplace,189.42,10,97.36,207,7,7,1,172.42,3.94,4.81,7
2025-02-03,SKU014,Mochila Trail,Esporte,Site,186.85,20,93.47,319,14,15,1,438.57,4.76,2.96,28
2025-02-03,SKU014,Mochila Trail,Esporte,Aplicativo,199.3,0,95.88,215,5,5,0,180.86,4.82,1.97,20
2025-02-03,SKU014,Mochila Trail,Esporte,Marketplace,190.17,10,94.24,298,18,18,1,226.6,4.85,4.01,18
2025-02-03,SKU015,Garrafa Move,Esporte,Site,181.43,15,89.63,124,4,4,0,327.43,4.56,4.36,6
2025-02-03,SKU015,Garrafa Move,Esporte,Aplicativo,176.59,10,84.67,105,6,6,1,260.37,4.71,3.58,7
2025-02-03,SKU015,Garrafa Move,Esporte,Marketplace,182.82,10,88.12,120,7,6,0,217.11,4.6,3.94,6
2025-02-03,SKU016,Tapete Zen,Esporte,Site,179.43,5,93.91,235,12,12,0,372.37,3.93,3.82,12
2025-02-03,SKU016,Tapete Zen,Esporte,Aplicativo,193.17,5,93.25,172,5,6,1,143.37,3.75,1.86,6
2025-02-03,SKU016,Tapete Zen,Esporte,Marketplace,195.92,30,93.34,235,10,12,0,274.14,3.79,4.06,14
2025-02-03,SKU017,Kit Funcional,Esporte,Site,161.64,5,78.58,266,5,7,0,139.62,3.96,2.84,12
2025-02-03,SKU017,Kit Funcional,Esporte,Aplicativo,159.83,20,79.57,233,17,14,3,132.14,3.69,3.06,14
2025-02-03,SKU017,Kit Funcional,Esporte,Marketplace,166.01,5,76.85,377,10,13,0,271.44,3.82,3.75,14
2025-02-03,SKU018,Relógio Fit,Esporte,Site,234.15,15,111.77,209,8,9,0,285.08,4.44,4.52,15
2025-02-03,SKU018,Relógio Fit,Esporte,Aplicativo,227.86,5,114.39,168,15,15,0,295.57,4.44,2.9,15
2025-02-03,SKU018,Relógio Fit,Esporte,Marketplace,233.82,15,114.17,257,10,10,0,264.51,4.42,4.45,12
2025-02-03,SKU019,Camiseta Urban,Moda,Site,188.8,25,75.88,113,6,6,1,197.95,4.21,3.78,12
2025-02-03,SKU019,Camiseta Urban,Moda,Aplicativo,180.69,0,77.83,141,4,5,1,353.67,4.1,2.68,6
2025-02-03,SKU019,Camiseta Urban,Moda,Marketplace,175.71,25,77.85,165,13,12,2,406.99,4.32,4.35,12
2025-02-03,SKU020,Calça Flex,Moda,Site,125.79,5,54.78,209,8,8,1,322.09,3.8,2.72,13
2025-02-03,SKU020,Calça Flex,Moda,Aplicativo,124.12,20,54.71,149,10,11,2,156.84,3.7,3.33,17
2025-02-03,SKU020,Calça Flex,Moda,Marketplace,124.95,0,54.15,234,8,8,1,227.0,3.81,3.11,12
2025-02-03,SKU021,Tênis Street,Moda,Site,155.36,10,66.43,182,11,14,6,188.46,4.32,3.26,14
2025-02-03,SKU021,Tênis Street,Moda,Aplicativo,161.42,0,67.21,136,10,9,1,163.69,4.4,2.42,9
2025-02-03,SKU021,Tênis Street,Moda,Marketplace,153.57,20,67.85,201,12,14,2,188.78,4.47,3.67,17
2025-02-03,SKU022,Jaqueta City,Moda,Site,163.72,10,72.78,222,9,11,0,151.46,4.47,4.39,18
2025-02-03,SKU022,Jaqueta City,Moda,Aplicativo,165.23,0,74.27,182,9,9,2,83.92,4.21,3.47,14
2025-02-03,SKU022,Jaqueta City,Moda,Marketplace,167.49,10,72.72,260,12,13,1,319.23,4.2,3.43,17
2025-02-03,SKU023,Bolsa Mini,Moda,Site,142.09,5,60.4,430,17,21,1,320.68,3.61,2.79,21
2025-02-03,SKU023,Bolsa Mini,Moda,Aplicativo,145.0,0,63.91,360,6,6,1,294.47,3.67,2.49,24
2025-02-03,SKU023,Bolsa Mini,Moda,Marketplace,145.42,15,58.86,562,26,32,6,581.82,3.59,4.06,35
2025-02-03,SKU024,Moletom Soft,Moda,Site,127.07,10,56.87,193,9,10,2,178.87,4.11,3.18,13
2025-02-03,SKU024,Moletom Soft,Moda,Aplicativo,128.95,0,57.41,192,7,7,0,209.07,4.16,2.94,15
2025-02-03,SKU024,Moletom Soft,Moda,Marketplace,131.3,10,55.71,231,14,13,3,307.51,4.07,4.5,13
2025-02-03,SKU025,Kit Skin,Beleza,Site,99.36,5,39.8,180,10,12,1,468.57,3.67,2.18,12
2025-02-03,SKU025,Kit Skin,Beleza,Aplicativo,103.2,0,39.54,110,2,2,0,186.59,3.55,2.74,8
2025-02-03,SKU025,Kit Skin,Beleza,Marketplace,102.02,20,40.28,154,3,4,0,225.89,3.49,4.31,8
2025-02-03,SKU026,Perfume Bloom,Beleza,Site,109.01,0,42.73,342,18,19,0,210.85,4.41,3.06,26
2025-02-03,SKU026,Perfume Bloom,Beleza,Aplicativo,103.78,10,42.38,281,14,18,2,243.41,4.53,3.4,29
2025-02-03,SKU026,Perfume Bloom,Beleza,Marketplace,109.55,5,41.08,376,16,17,1,312.4,4.35,4.09,26
2025-02-03,SKU027,Secador Air,Beleza,Site,134.21,15,55.97,222,14,16,1,166.28,4.37,2.36,16
2025-02-03,SKU027,Secador Air,Beleza,Aplicativo,141.3,10,53.67,184,9,9,1,191.02,4.31,4.11,16
2025-02-03,SKU027,Secador Air,Beleza,Marketplace,136.27,0,55.16,261,13,13,2,241.85,4.54,4.22,20
2025-02-03,SKU028,Protetor Daily,Beleza,Site,138.64,25,54.7,236,14,16,0,202.55,3.74,4.34,20
2025-02-03,SKU028,Protetor Daily,Beleza,Aplicativo,143.13,25,55.52,158,5,6,0,216.84,3.62,2.59,14
2025-02-03,SKU028,Protetor Daily,Beleza,Marketplace,137.08,0,54.87,295,11,14,1,619.11,3.79,3.87,19
2025-02-03,SKU029,Escova Glow,Beleza,Site,89.14,0,36.5,213,8,9,0,159.21,4.71,3.79,14
2025-02-03,SKU029,Escova Glow,Beleza,Aplicativo,92.74,10,36.31,150,9,10,0,207.36,4.48,2.75,13
2025-02-03,SKU029,Escova Glow,Beleza,Marketplace,94.49,20,36.85,264,6,7,0,282.27,4.46,4.21,21
2025-02-03,SKU030,Sérum Vita,Beleza,Site,102.11,0,38.2,354,16,19,1,305.59,4.13,2.85,22
2025-02-03,SKU030,Sérum Vita,Beleza,Aplicativo,97.02,15,38.69,264,15,18,1,288.2,4.17,3.32,24
2025-02-03,SKU030,Sérum Vita,Beleza,Marketplace,98.17,5,37.42,367,16,16,0,280.14,4.29,3.96,20
2025-02-03,SKU031,Teclado Type,Informática,Site,628.53,0,396.79,213,7,7,0,370.88,4.23,2.37,9
2025-02-03,SKU031,Teclado Type,Informática,Aplicativo,594.53,25,402.85,167,9,10,0,207.55,4.32,2.76,10
2025-02-03,SKU031,Teclado Type,Informática,Marketplace,606.85,10,406.31,267,6,8,0,369.56,4.32,4.01,11
2025-02-03,SKU032,Mouse Click,Informática,Site,488.92,0,312.85,171,5,5,0,278.19,4.39,3.46,6
2025-02-03,SKU032,Mouse Click,Informática,Aplicativo,506.61,15,321.83,114,4,4,1,209.43,4.3,2.72,6
2025-02-03,SKU032,Mouse Click,Informática,Marketplace,492.27,0,325.36,168,2,2,0,219.43,4.24,4.4,6
2025-02-03,SKU033,Monitor View,Informática,Site,397.03,20,275.95,85,3,4,0,323.64,3.7,3.27,6
2025-02-03,SKU033,Monitor View,Informática,Aplicativo,433.22,25,272.62,52,2,3,1,130.03,3.85,2.7,4
2025-02-03,SKU033,Monitor View,Informática,Marketplace,433.7,5,274.5,72,1,1,0,186.72,3.67,4.75,3
2025-02-03,SKU034,SSD Fast,Informática,Site,685.24,0,441.2,113,2,2,0,412.95,4.55,3.18,5
2025-02-03,SKU034,SSD Fast,Informática,Aplicativo,683.31,5,431.87,71,4,4,0,196.89,4.53,3.03,4
2025-02-03,SKU034,SSD Fast,Informática,Marketplace,689.82,0,431.65,132,2,2,0,579.2,4.35,4.12,5
2025-02-03,SKU035,Hub Connect,Informática,Site,706.86,0,443.94,118,2,2,0,270.95,4.41,2.76,5
2025-02-03,SKU035,Hub Connect,Informática,Aplicativo,716.71,25,447.19,117,7,8,0,340.4,4.7,1.3,11
2025-02-03,SKU035,Hub Connect,Informática,Marketplace,655.13,10,462.99,154,5,3,1,419.36,4.46,4.44,3
2025-02-03,SKU036,Notebook Go,Informática,Site,532.86,0,351.75,252,3,3,1,269.69,3.96,3.6,7
2025-02-03,SKU036,Notebook Go,Informática,Aplicativo,514.2,15,350.21,190,8,9,0,143.75,4.01,3.13,11
2025-02-03,SKU036,Notebook Go,Informática,Marketplace,538.72,25,350.21,288,8,10,0,278.94,3.77,3.64,17
2025-02-03,SKU037,Bloco Criar,Infantil,Site,159.05,20,76.55,105,8,8,0,225.01,4.0,2.84,8
2025-02-03,SKU037,Bloco Criar,Infantil,Aplicativo,157.65,10,76.42,98,7,7,0,302.54,4.15,3.19,7
2025-02-03,SKU037,Bloco Criar,Infantil,Marketplace,157.36,15,75.7,146,4,6,0,314.15,4.21,4.45,11
2025-02-03,SKU038,Livro Descobrir,Infantil,Site,119.17,15,54.59,88,7,7,0,321.56,4.09,2.71,9
2025-02-03,SKU038,Livro Descobrir,Infantil,Aplicativo,115.5,10,56.5,45,5,5,0,156.15,4.35,2.66,5
2025-02-03,SKU038,Livro Descobrir,Infantil,Marketplace,113.3,10,55.32,99,7,7,1,407.03,4.62,3.3,8
2025-02-03,SKU039,Jogo Família,Infantil,Site,158.85,0,74.41,126,4,4,0,194.13,4.5,4.21,8
2025-02-03,SKU039,Jogo Família,Infantil,Aplicativo,162.13,0,73.84,126,5,7,0,216.91,4.58,3.1,8
2025-02-03,SKU039,Jogo Família,Infantil,Marketplace,153.09,0,74.22,172,3,3,0,293.11,4.69,3.85,9
2025-02-03,SKU040,Mochila Kids,Infantil,Site,134.1,25,58.54,110,8,9,0,155.75,4.37,3.07,11
2025-02-03,SKU040,Mochila Kids,Infantil,Aplicativo,119.57,10,59.22,115,8,10,0,169.25,4.28,3.0,12
2025-02-03,SKU040,Mochila Kids,Infantil,Marketplace,120.52,15,58.81,142,5,6,0,365.97,4.38,4.15,12
2025-02-03,SKU041,Pelúcia Nuvem,Infantil,Site,141.1,5,67.79,382,11,11,2,259.93,3.48,3.62,22
2025-02-03,SKU041,Pelúcia Nuvem,Infantil,Aplicativo,145.33,20,65.39,348,28,29,1,197.98,3.66,2.7,29
2025-02-03,SKU041,Pelúcia Nuvem,Infantil,Marketplace,144.24,10,67.46,549,11,13,2,540.3,3.55,3.71,20
2025-02-03,SKU042,Patinete Joy,Infantil,Site,94.02,15,46.94,171,5,5,0,152.51,4.2,3.09,15
2025-02-03,SKU042,Patinete Joy,Infantil,Aplicativo,98.98,0,46.35,159,7,7,0,167.24,4.28,2.58,10
2025-02-03,SKU042,Patinete Joy,Infantil,Marketplace,95.27,10,43.99,279,15,17,0,488.79,4.22,3.25,19
2025-02-03,SKU043,Cama Cozy,Pet,Site,84.71,0,38.34,327,8,11,0,178.46,3.63,3.63,21
2025-02-03,SKU043,Cama Cozy,Pet,Aplicativo,88.13,15,37.78,304,14,17,0,227.26,3.54,2.79,25
2025-02-03,SKU043,Cama Cozy,Pet,Marketplace,90.43,15,38.64,446,11,12,0,565.31,3.65,3.66,26
2025-02-03,SKU044,Fonte Fresh,Pet,Site,91.38,30,39.62,108,8,8,0,318.79,4.83,2.65,14
2025-02-03,SKU044,Fonte Fresh,Pet,Aplicativo,90.43,20,39.26,93,8,9,0,198.07,4.83,2.61,12
2025-02-03,SKU044,Fonte Fresh,Pet,Marketplace,89.93,10,40.32,113,5,5,0,233.79,4.59,4.56,6
2025-02-03,SKU045,Brinquedo Fun,Pet,Site,99.8,10,43.79,157,6,6,0,345.45,4.28,3.43,11
2025-02-03,SKU045,Brinquedo Fun,Pet,Aplicativo,103.16,15,43.45,142,14,14,0,204.71,4.63,2.77,14
2025-02-03,SKU045,Brinquedo Fun,Pet,Marketplace,98.04,30,45.24,210,18,20,1,257.87,4.25,3.96,20
2025-02-03,SKU046,Coleira Safe,Pet,Site,139.23,10,60.27,174,6,6,0,256.65,4.19,3.02,15
2025-02-03,SKU046,Coleira Safe,Pet,Aplicativo,140.99,10,61.91,141,9,10,0,225.5,4.32,3.29,11
2025-02-03,SKU046,Coleira Safe,Pet,Marketplace,138.28,30,60.71,237,13,15,0,205.11,4.15,5.12,17
2025-02-03,SKU047,Comedouro Smart,Pet,Site,81.87,0,37.71,246,13,14,0,251.24,4.17,3.49,19
2025-02-03,SKU047,Comedouro Smart,Pet,Aplicativo,84.24,0,38.25,246,10,14,0,344.8,4.17,3.57,14
2025-02-03,SKU047,Comedouro Smart,Pet,Marketplace,85.89,15,37.12,262,17,16,1,269.96,4.31,3.96,16
2025-02-03,SKU048,Kit Higiene,Pet,Site,141.22,5,58.77,446,10,12,0,215.89,4.25,2.96,27
2025-02-03,SKU048,Kit Higiene,Pet,Aplicativo,134.03,20,61.6,394,33,37,1,213.75,4.31,2.81,46
2025-02-03,SKU048,Kit Higiene,Pet,Marketplace,136.33,10,61.14,573,22,25,1,350.34,4.33,3.78,35
2025-02-10,SKU001,Fone Pulse,Áudio e vídeo,Site,332.85,10,195.98,186,7,7,1,209.78,4.89,3.28,10
2025-02-10,SKU001,Fone Pulse,Áudio e vídeo,Aplicativo,344.16,15,200.26,195,7,9,0,329.64,4.6,3.08,15
2025-02-10,SKU001,Fone Pulse,Áudio e vídeo,Marketplace,338.47,5,191.77,253,10,11,1,253.83,4.72,3.56,17
2025-02-10,SKU002,Caixa Wave,Áudio e vídeo,Site,272.3,0,153.21,317,10,12,3,260.84,4.95,3.09,21
2025-02-10,SKU002,Caixa Wave,Áudio e vídeo,Aplicativo,282.47,15,153.41,230,10,11,1,155.31,4.8,2.79,23
2025-02-10,SKU002,Caixa Wave,Áudio e vídeo,Marketplace,285.24,10,157.5,324,7,7,1,189.85,4.91,3.75,15
2025-02-10,SKU003,Webcam Focus,Áudio e vídeo,Site,425.74,25,240.08,180,9,11,2,255.26,3.52,2.83,12
2025-02-10,SKU003,Webcam Focus,Áudio e vídeo,Aplicativo,400.1,10,232.29,184,9,9,1,259.3,3.8,3.53,9
2025-02-10,SKU003,Webcam Focus,Áudio e vídeo,Marketplace,415.99,0,240.04,265,4,5,1,437.79,3.83,4.36,11
2025-02-10,SKU004,Microfone Voice,Áudio e vídeo,Site,335.84,0,192.89,92,3,4,0,278.25,4.64,4.11,4
2025-02-10,SKU004,Microfone Voice,Áudio e vídeo,Aplicativo,345.85,15,189.35,102,6,6,0,286.77,4.83,3.02,9
2025-02-10,SKU004,Microfone Voice,Áudio e vídeo,Marketplace,316.32,10,190.67,135,5,6,1,280.51,4.86,4.5,9
2025-02-10,SKU005,Soundbar One,Áudio e vídeo,Site,412.07,0,233.0,186,7,7,0,144.85,4.01,3.78,8
2025-02-10,SKU005,Soundbar One,Áudio e vídeo,Aplicativo,405.48,0,240.2,163,5,8,0,158.12,4.33,1.83,13
2025-02-10,SKU005,Soundbar One,Áudio e vídeo,Marketplace,413.46,0,240.83,219,5,7,0,209.53,4.12,3.55,8
2025-02-10,SKU006,Headset Play,Áudio e vídeo,Site,372.78,10,210.67,119,4,4,0,318.39,3.74,2.9,5
2025-02-10,SKU006,Headset Play,Áudio e vídeo,Aplicativo,362.62,15,208.98,136,6,7,0,340.87,3.75,2.6,10
2025-02-10,SKU006,Headset Play,Áudio e vídeo,Marketplace,368.8,15,211.82,143,5,6,1,373.84,3.78,4.47,6
2025-02-10,SKU007,Panela Chef,Casa e cozinha,Site,262.8,5,133.07,366,18,22,1,204.31,4.61,3.53,26
2025-02-10,SKU007,Panela Chef,Casa e cozinha,Aplicativo,268.12,15,135.75,284,11,13,0,202.92,4.71,2.82,27
2025-02-10,SKU007,Panela Chef,Casa e cozinha,Marketplace,258.25,20,137.35,432,23,27,0,391.18,4.66,4.02,34
2025-02-10,SKU008,Air Fryer Easy,Casa e cozinha,Site,328.07,10,158.28,147,10,8,0,207.33,4.83,3.97,8
2025-02-10,SKU008,Air Fryer Easy,Casa e cozinha,Aplicativo,299.53,0,158.41,114,10,10,0,130.87,4.7,2.86,10
2025-02-10,SKU008,Air Fryer Easy,Casa e cozinha,Marketplace,294.51,25,160.95,185,10,11,1,151.84,4.65,3.85,18
2025-02-10,SKU009,Jogo Mesa,Casa e cozinha,Site,190.89,20,104.59,197,13,14,0,288.58,4.13,4.29,14
2025-02-10,SKU009,Jogo Mesa,Casa e cozinha,Aplicativo,197.73,25,106.75,145,11,14,0,176.29,4.17,3.55,17
2025-02-10,SKU009,Jogo Mesa,Casa e cozinha,Marketplace,205.76,10,106.52,212,7,8,0,259.09,4.19,3.81,15
2025-02-10,SKU010,Luminária Aura,Casa e cozinha,Site,197.2,10,103.05,297,9,11,3,352.65,4.37,2.96,18
2025-02-10,SKU010,Luminária Aura,Casa e cozinha,Aplicativo,194.74,5,105.84,256,14,16,0,346.09,4.3,2.28,22
2025-02-10,SKU010,Luminária Aura,Casa e cozinha,Marketplace,190.04,20,99.14,324,17,20,1,197.92,4.25,4.07,24
2025-02-10,SKU011,Organizador Box,Casa e cozinha,Site,308.07,10,158.34,508,22,22,2,282.35,3.93,3.39,31
2025-02-10,SKU011,Organizador Box,Casa e cozinha,Aplicativo,305.11,5,160.66,428,25,32,0,182.42,3.96,2.34,35
2025-02-10,SKU011,Organizador Box,Casa e cozinha,Marketplace,301.37,10,158.27,610,15,16,0,372.85,3.99,5.12,22
2025-02-10,SKU012,Mixer Prático,Casa e cozinha,Site,234.36,25,122.22,136,6,7,0,223.49,3.76,2.78,13
2025-02-10,SKU012,Mixer Prático,Casa e cozinha,Aplicativo,232.01,20,121.11,111,8,8,3,281.34,4.02,2.99,10
2025-02-10,SKU012,Mixer Prático,Casa e cozinha,Marketplace,234.6,15,121.05,171,3,4,0,232.47,3.78,3.82,10
2025-02-10,SKU013,Tênis Run,Esporte,Site,193.28,0,94.48,161,5,6,0,168.52,3.99,3.77,9
2025-02-10,SKU013,Tênis Run,Esporte,Aplicativo,198.03,10,94.47,162,11,10,0,230.91,3.78,3.65,10
2025-02-10,SKU013,Tênis Run,Esporte,Marketplace,190.36,15,96.07,259,8,8,0,380.86,3.9,3.45,12
2025-02-10,SKU014,Mochila Trail,Esporte,Site,184.34,15,93.21,311,10,10,0,376.54,4.67,4.42,24
2025-02-10,SKU014,Mochila Trail,Esporte,Aplicativo,196.85,5,93.0,256,14,17,2,209.27,4.78,3.04,20
2025-02-10,SKU014,Mochila Trail,Esporte,Marketplace,186.75,25,94.15,363,19,23,3,423.85,4.74,4.25,27
2025-02-10,SKU015,Garrafa Move,Esporte,Site,179.56,10,88.25,117,3,3,0,313.46,4.67,2.24,10
2025-02-10,SKU015,Garrafa Move,Esporte,Aplicativo,180.38,15,85.39,94,7,7,0,276.64,4.44,3.04,7
2025-02-10,SKU015,Garrafa Move,Esporte,Marketplace,179.05,20,87.78,123,3,3,0,307.04,4.51,4.99,9
2025-02-10,SKU016,Tapete Zen,Esporte,Site,176.08,0,93.38,256,5,6,0,388.46,4.07,3.23,12
2025-02-10,SKU016,Tapete Zen,Esporte,Aplicativo,182.41,20,94.71,195,8,9,0,353.69,3.83,3.35,9
2025-02-10,SKU016,Tapete Zen,Esporte,Marketplace,186.01,10,92.79,267,9,9,0,308.32,4.01,4.22,11
2025-02-10,SKU017,Kit Funcional,Esporte,Site,156.37,25,77.49,318,15,17,0,394.38,3.8,3.82,26
2025-02-10,SKU017,Kit Funcional,Esporte,Aplicativo,165.49,25,77.55,296,21,25,2,310.63,3.88,3.43,29
2025-02-10,SKU017,Kit Funcional,Esporte,Marketplace,155.57,10,78.74,405,9,10,0,393.76,3.8,4.1,20
2025-02-10,SKU018,Relógio Fit,Esporte,Site,238.62,0,116.87,215,11,11,0,264.71,4.48,2.61,13
2025-02-10,SKU018,Relógio Fit,Esporte,Aplicativo,243.27,20,115.42,168,7,8,0,230.52,4.6,3.17,12
2025-02-10,SKU018,Relógio Fit,Esporte,Marketplace,228.67,5,110.74,257,6,6,0,325.72,4.35,4.77,11
2025-02-10,SKU019,Camiseta Urban,Moda,Site,182.94,10,79.86,159,12,13,2,427.13,4.14,2.86,13
2025-02-10,SKU019,Camiseta Urban,Moda,Aplicativo,185.93,0,78.18,82,2,2,0,165.69,4.19,3.29,5
2025-02-10,SKU019,Camiseta Urban,Moda,Marketplace,182.17,5,78.78,134,4,5,1,237.45,4.08,3.19,9
2025-02-10,SKU020,Calça Flex,Moda,Site,132.89,0,54.65,180,5,6,0,230.23,3.89,2.91,8
2025-02-10,SKU020,Calça Flex,Moda,Aplicativo,124.56,20,54.64,153,9,9,2,133.55,3.66,4.22,15
2025-02-10,SKU020,Calça Flex,Moda,Marketplace,121.91,0,54.5,253,10,12,1,305.89,3.79,3.28,12
2025-02-10,SKU021,Tênis Street,Moda,Site,156.26,0,66.29,164,6,6,0,236.35,4.24,2.78,9
2025-02-10,SKU021,Tênis Street,Moda,Aplicativo,152.81,0,66.59,138,8,10,0,177.13,4.26,2.76,10
2025-02-10,SKU021,Tênis Street,Moda,Marketplace,158.76,0,67.0,234,6,7,2,359.94,4.19,3.26,14
2025-02-10,SKU022,Jaqueta City,Moda,Site,160.9,20,75.6,185,6,9,1,278.53,4.34,2.37,20
2025-02-10,SKU022,Jaqueta City,Moda,Aplicativo,165.01,10,70.38,184,21,16,1,217.92,4.29,2.84,16
2025-02-10,SKU022,Jaqueta City,Moda,Marketplace,174.1,30,73.46,288,20,21,2,413.22,4.09,3.93,30
2025-02-10,SKU023,Bolsa Mini,Moda,Site,142.0,10,61.29,345,17,17,1,158.33,3.68,3.57,25
2025-02-10,SKU023,Bolsa Mini,Moda,Aplicativo,141.61,15,61.84,333,17,19,3,194.8,3.48,2.9,29
2025-02-10,SKU023,Bolsa Mini,Moda,Marketplace,136.24,10,59.72,488,18,21,2,434.29,3.5,3.34,37
2025-02-10,SKU024,Moletom Soft,Moda,Site,131.44,20,56.47,195,11,12,2,187.38,4.15,2.85,23
2025-02-10,SKU024,Moletom Soft,Moda,Aplicativo,126.7,5,55.77,170,8,9,2,222.36,4.17,2.81,12
2025-02-10,SKU024,Moletom Soft,Moda,Marketplace,131.96,0,55.36,222,4,4,1,228.89,4.12,3.62,13
2025-02-10,SKU025,Kit Skin,Beleza,Site,104.39,0,40.02,120,7,7,0,235.47,3.75,2.56,10
2025-02-10,SKU025,Kit Skin,Beleza,Aplicativo,100.23,15,40.24,89,8,6,0,138.41,3.62,2.72,6
2025-02-10,SKU025,Kit Skin,Beleza,Marketplace,101.4,10,40.83,144,5,6,0,243.32,3.68,4.67,8
2025-02-10,SKU026,Perfume Bloom,Beleza,Site,107.36,15,40.68,317,19,24,0,215.24,4.44,3.45,28
2025-02-10,SKU026,Perfume Bloom,Beleza,Aplicativo,106.11,15,42.07,255,15,17,1,204.84,4.55,3.05,30
2025-02-10,SKU026,Perfume Bloom,Beleza,Marketplace,104.74,20,41.81,438,24,29,1,468.48,4.6,3.35,43
2025-02-10,SKU027,Secador Air,Beleza,Site,140.86,20,54.07,218,14,16,0,352.12,4.49,3.13,18
2025-02-10,SKU027,Secador Air,Beleza,Aplicativo,142.77,5,55.17,170,11,8,0,170.78,4.66,2.53,8
2025-02-10,SKU027,Secador Air,Beleza,Marketplace,136.48,15,53.28,252,10,12,2,416.48,4.24,3.49,18
2025-02-10,SKU028,Protetor Daily,Beleza,Site,141.1,5,55.77,197,8,9,1,238.79,3.79,4.72,12
2025-02-10,SKU028,Protetor Daily,Beleza,Aplicativo,142.91,5,56.25,182,10,8,0,240.89,3.79,2.72,8
2025-02-10,SKU028,Protetor Daily,Beleza,Marketplace,143.41,10,55.16,192,3,3,0,239.34,3.97,4.53,12
2025-02-10,SKU029,Escova Glow,Beleza,Site,93.54,0,35.85,203,11,13,0,299.86,4.51,2.97,15
2025-02-10,SKU029,Escova Glow,Beleza,Aplicativo,93.66,5,36.68,178,6,8,1,178.89,4.41,4.04,14
2025-02-10,SKU029,Escova Glow,Beleza,Marketplace,96.25,30,36.79,241,18,21,0,330.2,4.43,4.5,21
2025-02-10,SKU030,Sérum Vita,Beleza,Site,97.05,0,38.29,323,20,16,1,215.12,4.19,2.55,16
2025-02-10,SKU030,Sérum Vita,Beleza,Aplicativo,99.26,15,37.6,335,19,21,0,427.81,4.28,2.77,31
2025-02-10,SKU030,Sérum Vita,Beleza,Marketplace,99.73,5,37.08,396,18,19,1,241.21,4.35,4.67,19
2025-02-10,SKU031,Teclado Type,Informática,Site,604.34,15,400.16,222,10,11,0,254.1,4.08,2.43,11
2025-02-10,SKU031,Teclado Type,Informática,Aplicativo,590.37,25,402.51,172,8,11,0,215.54,4.1,3.04,14
2025-02-10,SKU031,Teclado Type,Informática,Marketplace,601.8,5,391.12,244,9,10,1,178.55,3.98,4.2,10
2025-02-10,SKU032,Mouse Click,Informática,Site,509.67,15,316.09,146,4,5,0,114.1,4.39,2.53,9
2025-02-10,SKU032,Mouse Click,Informática,Aplicativo,489.33,10,321.1,133,3,3,0,221.44,4.27,2.6,8
2025-02-10,SKU032,Mouse Click,Informática,Marketplace,482.39,10,319.5,189,7,7,1,378.29,4.37,4.07,7
2025-02-10,SKU033,Monitor View,Informática,Site,422.29,5,268.8,61,4,3,0,216.85,3.91,3.51,3
2025-02-10,SKU033,Monitor View,Informática,Aplicativo,421.6,10,279.38,49,0,0,0,195.19,3.59,3.38,3
2025-02-10,SKU033,Monitor View,Informática,Marketplace,417.77,15,277.85,71,3,3,0,200.22,3.76,3.8,3
2025-02-10,SKU034,SSD Fast,Informática,Site,652.73,30,441.97,103,8,7,3,124.34,4.33,4.03,7
2025-02-10,SKU034,SSD Fast,Informática,Aplicativo,687.43,20,455.34,79,5,5,0,224.37,4.5,3.19,5
2025-02-10,SKU034,SSD Fast,Informática,Marketplace,671.54,15,443.15,123,1,1,0,233.79,4.53,3.44,6
2025-02-10,SKU035,Hub Connect,Informática,Site,663.46,15,452.62,146,8,9,0,304.7,4.56,3.78,10
2025-02-10,SKU035,Hub Connect,Informática,Aplicativo,709.41,10,464.63,112,1,1,0,131.98,4.53,3.18,5
2025-02-10,SKU035,Hub Connect,Informática,Marketplace,679.21,0,442.93,161,6,6,0,374.29,4.58,3.5,6
2025-02-10,SKU036,Notebook Go,Informática,Site,530.77,10,366.38,230,9,9,0,228.95,3.93,3.16,9
2025-02-10,SKU036,Notebook Go,Informática,Aplicativo,548.55,10,348.53,165,6,6,0,148.91,3.95,3.46,7
2025-02-10,SKU036,Notebook Go,Informática,Marketplace,533.28,15,341.68,289,7,8,0,277.97,4.03,3.65,16
2025-02-10,SKU037,Bloco Criar,Infantil,Site,165.25,0,74.48,106,3,4,0,198.32,4.16,3.74,5
2025-02-10,SKU037,Bloco Criar,Infantil,Aplicativo,162.87,0,75.13,97,5,5,0,279.41,4.12,3.25,7
2025-02-10,SKU037,Bloco Criar,Infantil,Marketplace,159.15,30,75.46,136,6,7,0,284.88,4.39,4.8,14
2025-02-10,SKU038,Livro Descobrir,Infantil,Site,120.43,10,56.24,83,6,5,0,201.27,4.33,3.81,5
2025-02-10,SKU038,Livro Descobrir,Infantil,Aplicativo,116.19,0,53.3,50,1,1,0,195.64,4.31,1.86,5
2025-02-10,SKU038,Livro Descobrir,Infantil,Marketplace,117.35,15,54.18,92,1,1,0,324.58,4.59,4.02,7
2025-02-10,SKU039,Jogo Família,Infantil,Site,153.24,10,71.51,137,5,5,0,224.17,4.73,3.61,13
2025-02-10,SKU039,Jogo Família,Infantil,Aplicativo,154.56,10,74.62,122,8,9,1,166.51,4.54,3.31,10
2025-02-10,SKU039,Jogo Família,Infantil,Marketplace,162.23,20,73.37,152,3,3,0,241.29,4.63,4.11,13
2025-02-10,SKU040,Mochila Kids,Infantil,Site,125.87,5,60.18,126,4,4,0,154.75,4.55,2.5,12
2025-02-10,SKU040,Mochila Kids,Infantil,Aplicativo,125.87,5,58.17,140,12,13,0,261.05,4.42,2.93,13
2025-02-10,SKU040,Mochila Kids,Infantil,Marketplace,126.9,10,58.56,159,8,5,0,200.51,4.51,4.12,5
2025-02-10,SKU041,Pelúcia Nuvem,Infantil,Site,135.76,0,66.73,387,11,14,0,186.38,3.74,3.79,18
2025-02-10,SKU041,Pelúcia Nuvem,Infantil,Aplicativo,145.32,15,67.7,332,16,18,0,239.86,3.84,2.89,29
2025-02-10,SKU041,Pelúcia Nuvem,Infantil,Marketplace,138.35,5,66.73,476,18,21,0,286.32,3.68,3.4,29
2025-02-10,SKU042,Patinete Joy,Infantil,Site,100.3,20,45.92,178,7,8,1,224.35,4.08,3.85,12
2025-02-10,SKU042,Patinete Joy,Infantil,Aplicativo,96.34,5,44.28,159,12,11,1,177.81,4.46,3.77,11
2025-02-10,SKU042,Patinete Joy,Infantil,Marketplace,96.88,0,45.87,228,9,10,0,369.5,4.03,4.22,10
2025-02-10,SKU043,Cama Cozy,Pet,Site,90.72,10,38.44,333,8,9,0,254.09,3.71,3.22,20
2025-02-10,SKU043,Cama Cozy,Pet,Aplicativo,85.99,10,39.3,251,13,15,1,182.79,3.5,2.81,22
2025-02-10,SKU043,Cama Cozy,Pet,Marketplace,88.79,25,40.21,359,12,12,3,313.35,3.71,3.82,28
2025-02-10,SKU044,Fonte Fresh,Pet,Site,90.46,10,38.97,116,9,9,0,316.89,4.8,2.98,9
2025-02-10,SKU044,Fonte Fresh,Pet,Aplicativo,88.54,0,38.88,94,5,7,0,259.67,4.72,2.71,8
2025-02-10,SKU044,Fonte Fresh,Pet,Marketplace,92.19,0,38.5,112,3,3,0,300.61,4.81,3.8,6
2025-02-10,SKU045,Brinquedo Fun,Pet,Site,104.71,0,44.9,174,3,4,0,277.52,4.2,3.92,11
2025-02-10,SKU045,Brinquedo Fun,Pet,Aplicativo,101.14,10,43.2,130,7,8,0,209.23,4.14,2.85,11
2025-02-10,SKU045,Brinquedo Fun,Pet,Marketplace,98.43,0,44.5,192,5,6,0,241.54,4.22,4.15,13
2025-02-10,SKU046,Coleira Safe,Pet,Site,134.95,5,59.97,183,9,9,0,227.51,4.09,2.92,11
2025-02-10,SKU046,Coleira Safe,Pet,Aplicativo,138.17,10,59.86,178,8,9,0,196.23,4.3,2.66,16
2025-02-10,SKU046,Coleira Safe,Pet,Marketplace,136.28,15,61.18,240,15,15,0,510.89,4.19,4.11,15
2025-02-10,SKU047,Comedouro Smart,Pet,Site,84.35,5,38.23,256,19,20,0,152.62,4.22,2.88,20
2025-02-10,SKU047,Comedouro Smart,Pet,Aplicativo,80.36,5,37.58,192,11,12,0,170.72,4.28,3.66,16
2025-02-10,SKU047,Comedouro Smart,Pet,Marketplace,85.12,15,38.8,275,14,15,1,266.94,4.38,3.43,24
2025-02-10,SKU048,Kit Higiene,Pet,Site,134.1,0,60.26,487,19,22,0,252.45,4.44,3.0,43
2025-02-10,SKU048,Kit Higiene,Pet,Aplicativo,137.77,10,61.22,404,20,22,0,254.1,4.37,3.42,34
2025-02-10,SKU048,Kit Higiene,Pet,Marketplace,139.64,15,58.7,507,21,24,0,175.52,4.36,3.86,29
2025-02-17,SKU001,Fone Pulse,Áudio e vídeo,Site,346.28,20,197.99,224,11,12,2,293.51,4.72,1.86,24
2025-02-17,SKU001,Fone Pulse,Áudio e vídeo,Aplicativo,332.83,5,193.33,195,8,10,0,243.03,4.79,3.52,17
2025-02-17,SKU001,Fone Pulse,Áudio e vídeo,Marketplace,341.21,10,198.74,288,6,6,1,419.57,4.61,3.09,18
2025-02-17,SKU002,Caixa Wave,Áudio e vídeo,Site,274.24,5,158.13,335,15,18,1,361.11,4.91,3.26,21
2025-02-17,SKU002,Caixa Wave,Áudio e vídeo,Aplicativo,269.84,15,157.7,228,11,13,0,152.48,5.0,2.98,19
2025-02-17,SKU002,Caixa Wave,Áudio e vídeo,Marketplace,269.64,10,158.82,378,8,10,1,421.05,4.83,4.57,18
2025-02-17,SKU003,Webcam Focus,Áudio e vídeo,Site,407.55,25,242.11,183,5,5,0,172.0,3.58,2.79,15
2025-02-17,SKU003,Webcam Focus,Áudio e vídeo,Aplicativo,403.77,20,231.5,178,10,11,0,152.37,3.62,2.8,12
2025-02-17,SKU003,Webcam Focus,Áudio e vídeo,Marketplace,420.99,20,238.53,231,7,7,0,264.29,3.81,4.26,9
2025-02-17,SKU004,Microfone Voice,Áudio e vídeo,Site,337.99,0,190.03,124,5,5,1,182.26,4.64,2.61,8
2025-02-17,SKU004,Microfone Voice,Áudio e vídeo,Aplicativo,327.81,5,187.75,97,7,6,0,131.43,4.88,3.32,6
2025-02-17,SKU004,Microfone Voice,Áudio e vídeo,Marketplace,335.9,5,186.03,127,2,2,0,201.25,4.76,4.4,7
2025-02-17,SKU005,Soundbar One,Áudio e vídeo,Site,419.43,10,238.73,205,5,5,0,274.13,4.29,3.38,11
2025-02-17,SKU005,Soundbar One,Áudio e vídeo,Aplicativo,420.31,5,241.55,171,7,8,0,266.64,4.05,2.38,9
2025-02-17,SKU005,Soundbar One,Áudio e vídeo,Marketplace,432.45,15,238.14,192,9,9,1,310.09,4.09,4.57,10
2025-02-17,SKU006,Headset Play,Áudio e vídeo,Site,365.28,5,210.54,141,3,4,0,286.8,3.61,3.43,7
2025-02-17,SKU006,Headset Play,Áudio e vídeo,Aplicativo,380.46,0,211.36,134,3,4,0,405.22,3.72,3.74,5
2025-02-17,SKU006,Headset Play,Áudio e vídeo,Marketplace,376.84,15,208.95,148,9,9,1,239.63,3.82,3.31,9
2025-02-17,SKU007,Panela Chef,Casa e cozinha,Site,260.18,5,134.95,338,16,17,2,209.28,4.52,3.69,21
2025-02-17,SKU007,Panela Chef,Casa e cozinha,Aplicativo,271.55,0,130.61,336,14,16,0,338.3,4.71,3.47,26
2025-02-17,SKU007,Panela Chef,Casa e cozinha,Marketplace,253.28,5,134.17,404,13,14,1,174.18,4.44,4.51,19
2025-02-17,SKU008,Air Fryer Easy,Casa e cozinha,Site,303.91,10,154.99,179,10,10,1,235.4,4.71,3.57,14
2025-02-17,SKU008,Air Fryer Easy,Casa e cozinha,Aplicativo,302.11,10,164.6,124,4,4,0,181.35,4.71,2.56,14
2025-02-17,SKU008,Air Fryer Easy,Casa e cozinha,Marketplace,312.09,20,153.46,176,5,6,0,218.67,4.7,4.33,12
2025-02-17,SKU009,Jogo Mesa,Casa e cozinha,Site,200.89,20,104.21,190,9,10,0,192.74,4.19,2.78,16
2025-02-17,SKU009,Jogo Mesa,Casa e cozinha,Aplicativo,201.99,15,102.84,155,6,8,0,329.78,4.03,2.61,14
2025-02-17,SKU009,Jogo Mesa,Casa e cozinha,Marketplace,198.33,0,100.87,194,3,3,0,219.54,4.18,5.13,11
2025-02-17,SKU010,Luminária Aura,Casa e cozinha,Site,186.97,0,103.58,236,10,13,1,164.82,4.65,3.0,13
2025-02-17,SKU010,Luminária Aura,Casa e cozinha,Aplicativo,195.91,0,100.96,206,16,11,1,125.75,4.36,2.66,11
2025-02-17,SKU010,Luminária Aura,Casa e cozinha,Marketplace,195.35,0,100.65,335,16,19,0,330.42,4.49,3.05,20
2025-02-17,SKU011,Organizador Box,Casa e cozinha,Site,303.89,5,159.93,527,21,24,1,348.52,4.26,3.0,28
2025-02-17,SKU011,Organizador Box,Casa e cozinha,Aplicativo,297.89,0,159.35,354,16,20,0,203.64,3.94,2.2,25
2025-02-17,SKU011,Organizador Box,Casa e cozinha,Marketplace,293.9,10,156.34,605,20,21,2,436.55,3.95,4.51,28
2025-02-17,SKU012,Mixer Prático,Casa e cozinha,Site,230.71,25,120.0,151,6,6,0,247.13,3.83,3.63,9
2025-02-17,SKU012,Mixer Prático,Casa e cozinha,Aplicativo,241.54,5,121.93,111,2,2,0,206.18,3.74,2.88,7
2025-02-17,SKU012,Mixer Prático,Casa e cozinha,Marketplace,241.98,10,124.2,186,4,5,0,417.31,3.82,4.38,8
2025-02-17,SKU013,Tênis Run,Esporte,Site,191.65,0,92.75,190,5,5,1,165.38,3.85,2.37,10
2025-02-17,SKU013,Tênis Run,Esporte,Aplicativo,203.11,0,99.28,142,9,7,0,221.06,3.74,3.03,7
2025-02-17,SKU013,Tênis Run,Esporte,Marketplace,206.24,20,96.64,233,7,8,1,279.35,3.79,4.05,12
2025-02-17,SKU014,Mochila Trail,Esporte,Site,184.05,15,97.04,298,15,17,0,265.07,4.58,2.7,25
2025-02-17,SKU014,Mochila Trail,Esporte,Aplicativo,198.19,10,94.07,204,10,12,1,165.91,4.55,3.58,12
2025-02-17,SKU014,Mochila Trail,Esporte,Marketplace,189.54,5,94.31,300,8,10,0,215.43,4.75,3.25,10
2025-02-17,SKU015,Garrafa Move,Esporte,Site,180.3,15,85.28,106,5,6,1,291.35,4.57,2.6,9
2025-02-17,SKU015,Garrafa Move,Esporte,Aplicativo,171.93,5,87.97,88,4,4,1,169.36,4.7,2.12,7
2025-02-17,SKU015,Garrafa Move,Esporte,Marketplace,177.24,15,86.19,122,5,5,0,222.29,4.83,4.0,9
2025-02-17,SKU016,Tapete Zen,Esporte,Site,194.19,20,91.92,222,3,4,0,351.57,3.91,3.5,13
2025-02-17,SKU016,Tapete Zen,Esporte,Aplicativo,187.73,5,92.86,179,5,5,0,162.92,3.94,2.6,11
2025-02-17,SKU016,Tapete Zen,Esporte,Marketplace,181.62,10,90.05,256,11,13,1,415.25,4.03,3.87,15
2025-02-17,SKU017,Kit Funcional,Esporte,Site,168.83,20,80.84,339,11,11,0,366.09,3.72,2.77,27
2025-02-17,SKU017,Kit Funcional,Esporte,Aplicativo,158.62,5,77.48,254,13,15,1,175.03,3.79,3.2,15
2025-02-17,SKU017,Kit Funcional,Esporte,Marketplace,159.55,20,76.69,383,13,14,0,389.49,3.75,4.87,14
2025-02-17,SKU018,Relógio Fit,Esporte,Site,229.56,20,113.77,217,7,8,0,435.06,4.59,2.3,20
2025-02-17,SKU018,Relógio Fit,Esporte,Aplicativo,233.22,0,116.02,164,5,6,2,243.35,4.37,2.98,12
2025-02-17,SKU018,Relógio Fit,Esporte,Marketplace,225.86,10,109.54,250,9,11,0,365.01,4.59,3.25,17
2025-02-17,SKU019,Camiseta Urban,Moda,Site,183.8,5,74.43,111,2,3,0,234.58,4.18,3.0,7
2025-02-17,SKU019,Camiseta Urban,Moda,Aplicativo,180.22,5,76.19,96,4,5,0,239.17,4.02,3.98,8
2025-02-17,SKU019,Camiseta Urban,Moda,Marketplace,192.21,5,77.36,176,6,7,2,487.51,4.08,4.11,10
2025-02-17,SKU020,Calça Flex,Moda,Site,127.97,5,54.04,197,14,12,1,270.34,3.67,3.28,12
2025-02-17,SKU020,Calça Flex,Moda,Aplicativo,122.98,10,54.36,146,5,5,1,231.52,3.62,2.7,10
2025-02-17,SKU020,Calça Flex,Moda,Marketplace,129.01,5,53.01,263,4,4,1,418.02,3.63,3.42,12
2025-02-17,SKU021,Tênis Street,Moda,Site,153.65,10,66.49,197,6,6,0,340.76,4.12,2.73,17
2025-02-17,SKU021,Tênis Street,Moda,Aplicativo,153.39,15,66.53,129,6,6,1,192.12,4.45,2.65,11
2025-02-17,SKU021,Tênis Street,Moda,Marketplace,157.24,0,67.3,218,6,7,0,241.33,4.26,3.37,11
2025-02-17,SKU022,Jaqueta City,Moda,Site,174.38,10,73.96,223,10,11,1,185.53,4.37,2.71,20
2025-02-17,SKU022,Jaqueta City,Moda,Aplicativo,164.37,10,70.94,203,9,11,2,244.04,4.32,2.66,19
2025-02-17,SKU022,Jaqueta City,Moda,Marketplace,157.12,5,74.16,283,17,19,2,375.33,4.16,4.34,20
2025-02-17,SKU023,Bolsa Mini,Moda,Site,136.11,10,59.99,440,16,19,4,345.27,3.69,2.9,34
2025-02-17,SKU023,Bolsa Mini,Moda,Aplicativo,139.65,10,61.3,316,18,19,2,262.98,3.46,2.96,25
2025-02-17,SKU023,Bolsa Mini,Moda,Marketplace,147.22,0,60.63,520,10,11,3,402.48,3.66,3.74,18
2025-02-17,SKU024,Moletom Soft,Moda,Site,125.88,10,55.82,205,11,14,3,153.82,4.04,3.08,18
2025-02-17,SKU024,Moletom Soft,Moda,Aplicativo,125.54,25,58.03,166,9,11,1,170.3,4.07,2.34,21
2025-02-17,SKU024,Moletom Soft,Moda,Marketplace,132.98,5,57.84,267,6,6,1,309.38,4.0,4.91,11
2025-02-17,SKU025,Kit Skin,Beleza,Site,109.77,5,40.31,130,3,3,0,138.11,3.76,3.5,7
2025-02-17,SKU025,Kit Skin,Beleza,Aplicativo,102.14,0,40.2,86,3,4,0,155.27,3.41,2.45,4
2025-02-17,SKU025,Kit Skin,Beleza,Marketplace,103.97,10,40.13,175,6,7,0,379.14,3.42,3.68,10
2025-02-17,SKU026,Perfume Bloom,Beleza,Site,103.47,20,42.66,351,22,27,0,326.03,4.38,3.03,38
2025-02-17,SKU026,Perfume Bloom,Beleza,Aplicativo,102.33,10,41.93,265,16,18,0,221.98,4.59,3.23,27
2025-02-17,SKU026,Perfume Bloom,Beleza,Marketplace,107.03,10,43.35,399,18,18,0,244.16,4.27,4.0,28
2025-02-17,SKU027,Secador Air,Beleza,Site,140.51,5,54.44,231,7,8,0,310.77,4.41,2.4,21
2025-02-17,SKU027,Secador Air,Beleza,Aplicativo,137.01,15,53.66,156,11,13,0,177.17,4.58,3.52,19
2025-02-17,SKU027,Secador Air,Beleza,Marketplace,140.34,20,54.15,246,11,13,0,170.77,4.52,4.36,15
2025-02-17,SKU028,Protetor Daily,Beleza,Site,140.55,0,54.03,240,9,11,0,312.79,3.72,3.23,14
2025-02-17,SKU028,Protetor Daily,Beleza,Aplicativo,146.3,15,55.24,196,10,13,1,327.47,3.76,3.94,15
2025-02-17,SKU028,Protetor Daily,Beleza,Marketplace,145.25,10,56.02,230,11,12,1,247.55,3.64,4.66,14
2025-02-17,SKU029,Escova Glow,Beleza,Site,92.45,10,36.04,221,13,15,1,238.49,4.61,2.67,28
2025-02-17,SKU029,Escova Glow,Beleza,Aplicativo,93.89,15,36.67,191,12,13,0,204.79,4.54,3.02,20
2025-02-17,SKU029,Escova Glow,Beleza,Marketplace,93.15,15,36.06,250,4,5,0,332.25,4.58,4.85,20
2025-02-17,SKU030,Sérum Vita,Beleza,Site,100.94,0,37.74,331,11,12,0,203.07,4.13,4.29,20
2025-02-17,SKU030,Sérum Vita,Beleza,Aplicativo,100.86,20,38.66,298,26,31,0,274.92,4.32,3.53,36
2025-02-17,SKU030,Sérum Vita,Beleza,Marketplace,100.15,0,37.38,422,18,20,0,261.7,4.15,4.35,20
2025-02-17,SKU031,Teclado Type,Informática,Site,609.54,15,394.14,243,8,8,0,351.25,4.09,4.26,13
2025-02-17,SKU031,Teclado Type,Informática,Aplicativo,597.8,0,396.82,156,3,4,0,167.55,3.98,3.19,9
2025-02-17,SKU031,Teclado Type,Informática,Marketplace,576.92,0,398.35,227,3,3,0,211.41,4.26,4.32,9
2025-02-17,SKU032,Mouse Click,Informática,Site,489.93,5,333.17,175,6,6,0,392.3,4.52,3.61,6
2025-02-17,SKU032,Mouse Click,Informática,Aplicativo,477.02,20,320.51,120,6,7,0,184.57,4.59,2.06,11
2025-02-17,SKU032,Mouse Click,Informática,Marketplace,474.19,15,317.96,201,7,7,0,542.86,4.51,4.66,10
2025-02-17,SKU033,Monitor View,Informática,Site,428.17,0,281.69,74,0,0,0,201.35,3.85,3.07,3
2025-02-17,SKU033,Monitor View,Informática,Aplicativo,421.95,5,278.71,58,2,2,0,137.48,3.57,2.5,3
2025-02-17,SKU033,Monitor View,Informática,Marketplace,416.86,5,284.49,78,2,2,1,335.08,3.74,4.05,3
2025-02-17,SKU034,SSD Fast,Informática,Site,672.78,15,441.41,93,5,5,0,302.71,4.45,4.02,5
2025-02-17,SKU034,SSD Fast,Informática,Aplicativo,672.14,5,456.93,83,4,4,0,284.56,4.25,3.35,4
2025-02-17,SKU034,SSD Fast,Informática,Marketplace,663.73,5,435.72,138,5,6,0,324.79,4.3,4.27,6
2025-02-17,SKU035,Hub Connect,Informática,Site,657.29,10,435.81,144,5,6,0,254.67,4.66,3.05,10
2025-02-17,SKU035,Hub Connect,Informática,Aplicativo,684.09,20,462.87,82,6,8,1,161.76,4.63,2.52,8
2025-02-17,SKU035,Hub Connect,Informática,Marketplace,672.76,15,461.72,161,5,6,0,230.07,4.56,5.11,7
2025-02-17,SKU036,Notebook Go,Informática,Site,551.13,20,351.45,237,6,7,0,142.22,4.01,3.64,13
2025-02-17,SKU036,Notebook Go,Informática,Aplicativo,535.67,15,348.55,212,7,9,1,233.91,3.77,3.34,13
2025-02-17,SKU036,Notebook Go,Informática,Marketplace,531.59,0,343.04,280,4,4,0,378.88,3.87,3.85,9
2025-02-17,SKU037,Bloco Criar,Infantil,Site,162.97,0,77.33,145,7,8,1,377.7,4.0,3.31,8
2025-02-17,SKU037,Bloco Criar,Infantil,Aplicativo,162.96,5,74.48,100,7,7,0,298.74,4.14,2.55,9
2025-02-17,SKU037,Bloco Criar,Infantil,Marketplace,160.3,10,74.73,174,7,8,0,513.4,4.44,3.58,9
2025-02-17,SKU038,Livro Descobrir,Infantil,Site,118.24,15,56.47,74,3,4,0,250.94,4.25,3.12,5
2025-02-17,SKU038,Livro Descobrir,Infantil,Aplicativo,119.8,10,56.45,70,2,2,0,314.18,4.36,3.43,5
2025-02-17,SKU038,Livro Descobrir,Infantil,Marketplace,115.81,20,55.22,83,5,5,0,293.18,4.37,3.72,7
2025-02-17,SKU039,Jogo Família,Infantil,Site,159.11,30,76.27,125,9,11,0,308.23,4.44,2.89,14
2025-02-17,SKU039,Jogo Família,Infantil,Aplicativo,149.43,15,74.21,121,5,6,0,299.25,4.51,3.7,10
2025-02-17,SKU039,Jogo Família,Infantil,Marketplace,155.33,0,74.68,166,5,5,1,432.21,4.61,4.38,7
2025-02-17,SKU040,Mochila Kids,Infantil,Site,126.89,20,59.37,149,5,5,0,274.15,4.48,3.21,13
2025-02-17,SKU040,Mochila Kids,Infantil,Aplicativo,126.33,15,59.76,132,7,8,1,239.62,4.49,2.63,17
2025-02-17,SKU040,Mochila Kids,Infantil,Marketplace,123.05,10,59.95,132,4,4,0,184.25,4.36,3.72,9
2025-02-17,SKU041,Pelúcia Nuvem,Infantil,Site,139.61,20,64.4,379,22,26,0,282.85,3.55,3.21,31
2025-02-17,SKU041,Pelúcia Nuvem,Infantil,Aplicativo,142.27,15,68.35,327,18,19,0,162.74,3.47,1.75,32
2025-02-17,SKU041,Pelúcia Nuvem,Infantil,Marketplace,137.09,25,64.26,410,24,21,0,192.52,3.77,3.56,21
2025-02-17,SKU042,Patinete Joy,Infantil,Site,102.62,15,47.27,188,10,12,1,139.72,4.26,2.25,15
2025-02-17,SKU042,Patinete Joy,Infantil,Aplicativo,98.61,20,45.26,140,11,13,1,128.41,4.17,2.71,14
2025-02-17,SKU042,Patinete Joy,Infantil,Marketplace,97.78,15,45.58,269,10,12,0,336.74,4.24,3.99,21
2025-02-17,SKU043,Cama Cozy,Pet,Site,88.2,10,38.6,337,10,10,1,391.15,3.58,3.61,20
2025-02-17,SKU043,Cama Cozy,Pet,Aplicativo,87.85,20,39.1,231,15,19,1,126.08,3.72,1.23,26
2025-02-17,SKU043,Cama Cozy,Pet,Marketplace,88.65,0,38.83,404,14,15,1,390.34,3.79,3.91,19
2025-02-17,SKU044,Fonte Fresh,Pet,Site,90.26,25,39.34,101,6,8,1,245.88,4.66,2.61,11
2025-02-17,SKU044,Fonte Fresh,Pet,Aplicativo,89.68,25,39.45,101,3,3,0,297.47,4.85,3.45,7
2025-02-17,SKU044,Fonte Fresh,Pet,Marketplace,88.6,10,38.63,122,7,8,0,363.88,4.8,3.5,10
2025-02-17,SKU045,Brinquedo Fun,Pet,Site,104.96,5,43.13,167,2,2,0,326.19,4.11,4.54,10
2025-02-17,SKU045,Brinquedo Fun,Pet,Aplicativo,99.86,10,43.75,151,15,12,0,243.24,4.35,2.65,12
2025-02-17,SKU045,Brinquedo Fun,Pet,Marketplace,102.0,0,44.61,194,10,11,1,182.5,4.25,3.48,13
2025-02-17,SKU046,Coleira Safe,Pet,Site,142.55,0,60.44,201,6,7,0,275.4,4.05,2.4,17
2025-02-17,SKU046,Coleira Safe,Pet,Aplicativo,140.0,30,60.95,161,14,15,0,226.24,4.38,3.36,20
2025-02-17,SKU046,Coleira Safe,Pet,Marketplace,137.97,5,61.09,212,10,13,0,210.4,4.21,3.66,13
2025-02-17,SKU047,Comedouro Smart,Pet,Site,81.04,10,36.14,226,12,12,1,193.74,4.17,2.51,16
2025-02-17,SKU047,Comedouro Smart,Pet,Aplicativo,90.54,0,37.08,209,10,10,0,255.09,4.29,3.48,16
2025-02-17,SKU047,Comedouro Smart,Pet,Marketplace,86.33,25,37.28,282,8,10,0,356.83,4.23,4.71,22
2025-02-17,SKU048,Kit Higiene,Pet,Site,142.15,0,59.04,468,17,19,0,278.82,4.4,2.93,25
2025-02-17,SKU048,Kit Higiene,Pet,Aplicativo,134.44,20,60.75,365,20,24,1,179.02,4.28,3.3,31
2025-02-17,SKU048,Kit Higiene,Pet,Marketplace,144.41,10,60.91,501,16,19,1,137.99,4.29,3.48,28
2025-02-24,SKU001,Fone Pulse,Áudio e vídeo,Site,343.75,10,195.42,245,14,15,2,216.02,4.76,2.61,15
2025-02-24,SKU001,Fone Pulse,Áudio e vídeo,Aplicativo,348.33,25,195.99,176,13,13,0,200.65,4.73,4.13,15
2025-02-24,SKU001,Fone Pulse,Áudio e vídeo,Marketplace,339.97,5,195.76,268,9,10,0,229.76,4.71,4.08,11
2025-02-24,SKU002,Caixa Wave,Áudio e vídeo,Site,276.08,20,161.88,312,16,18,1,204.96,4.83,3.8,26
2025-02-24,SKU002,Caixa Wave,Áudio e vídeo,Aplicativo,280.43,0,155.75,248,3,4,0,165.77,4.83,3.07,17
2025-02-24,SKU002,Caixa Wave,Áudio e vídeo,Marketplace,267.51,0,158.24,353,16,18,0,243.35,4.92,3.52,22
2025-02-24,SKU003,Webcam Focus,Áudio e vídeo,Site,411.25,10,237.11,236,6,6,0,358.98,3.68,3.11,6
2025-02-24,SKU003,Webcam Focus,Áudio e vídeo,Aplicativo,421.86,5,237.96,150,5,6,0,179.64,3.9,3.18,8
2025-02-24,SKU003,Webcam Focus,Áudio e vídeo,Marketplace,403.87,10,230.29,229,3,3,0,324.6,3.83,4.36,6
2025-02-24,SKU004,Microfone Voice,Áudio e vídeo,Site,325.51,10,192.52,124,5,5,0,316.61,4.77,4.39,6
2025-02-24,SKU004,Microfone Voice,Áudio e vídeo,Aplicativo,338.53,15,190.97,117,8,8,0,268.78,5.0,3.67,8
2025-02-24,SKU004,Microfone Voice,Áudio e vídeo,Marketplace,325.88,0,190.71,123,1,1,0,283.56,4.87,4.21,6
2025-02-24,SKU005,Soundbar One,Áudio e vídeo,Site,421.32,10,237.32,233,9,10,1,430.91,4.06,2.51,10
2025-02-24,SKU005,Soundbar One,Áudio e vídeo,Aplicativo,429.95,10,245.77,156,2,2,0,233.71,4.26,3.98,10
2025-02-24,SKU005,Soundbar One,Áudio e vídeo,Marketplace,431.21,10,241.37,236,6,7,0,236.42,4.12,5.09,10
2025-02-24,SKU006,Headset Play,Áudio e vídeo,Site,353.0,15,211.08,131,10,9,0,199.79,3.75,3.17,9
2025-02-24,SKU006,Headset Play,Áudio e vídeo,Aplicativo,377.1,15,205.51,93,5,3,1,160.64,3.48,3.74,3
2025-02-24,SKU006,Headset Play,Áudio e vídeo,Marketplace,376.81,15,207.33,158,2,2,0,547.2,3.83,4.36,8
2025-02-24,SKU007,Panela Chef,Casa e cozinha,Site,264.36,0,136.32,364,9,12,0,380.7,4.42,4.17,17
2025-02-24,SKU007,Panela Chef,Casa e cozinha,Aplicativo,253.78,5,134.29,311,19,24,2,168.7,4.76,2.86,25
2025-02-24,SKU007,Panela Chef,Casa e cozinha,Marketplace,259.4,15,130.5,439,22,22,0,330.08,4.46,3.55,23
2025-02-24,SKU008,Air Fryer Easy,Casa e cozinha,Site,296.53,20,155.2,171,11,15,0,345.95,4.76,3.38,17
2025-02-24,SKU008,Air Fryer Easy,Casa e cozinha,Aplicativo,318.61,10,163.31,111,6,7,0,167.47,4.6,3.3,11
2025-02-24,SKU008,Air Fryer Easy,Casa e cozinha,Marketplace,301.81,10,158.67,189,10,10,0,257.53,4.74,3.14,15
2025-02-24,SKU009,Jogo Mesa,Casa e cozinha,Site,205.1,15,106.02,196,5,6,0,269.48,4.22,3.97,15
2025-02-24,SKU009,Jogo Mesa,Casa e cozinha,Aplicativo,196.76,10,108.52,146,8,8,0,204.5,4.21,2.4,15
2025-02-24,SKU009,Jogo Mesa,Casa e cozinha,Marketplace,191.72,5,104.79,211,6,7,0,252.32,4.07,3.41,13
2025-02-24,SKU010,Luminária Aura,Casa e cozinha,Site,198.86,10,102.23,262,11,13,1,200.52,4.37,3.47,15
2025-02-24,SKU010,Luminária Aura,Casa e cozinha,Aplicativo,200.76,10,102.05,237,10,13,1,273.69,4.28,2.49,13
2025-02-24,SKU010,Luminária Aura,Casa e cozinha,Marketplace,203.15,5,101.17,327,9,9,0,343.83,4.44,3.75,16
2025-02-24,SKU011,Organizador Box,Casa e cozinha,Site,307.54,15,156.87,528,23,25,2,250.72,4.0,3.34,39
2025-02-24,SKU011,Organizador Box,Casa e cozinha,Aplicativo,313.42,10,161.25,423,14,15,2,178.67,3.95,3.8,28
2025-02-24,SKU011,Organizador Box,Casa e cozinha,Marketplace,302.77,0,165.06,555,14,17,1,216.8,3.92,4.87,23
2025-02-24,SKU012,Mixer Prático,Casa e cozinha,Site,251.05,5,122.89,149,3,4,0,259.93,3.76,3.2,8
2025-02-24,SKU012,Mixer Prático,Casa e cozinha,Aplicativo,243.39,5,124.19,127,8,9,0,200.2,3.81,2.97,9
2025-02-24,SKU012,Mixer Prático,Casa e cozinha,Marketplace,242.36,10,120.23,182,3,4,0,228.59,3.88,3.59,8
2025-02-24,SKU013,Tênis Run,Esporte,Site,201.97,15,95.38,181,2,2,0,272.66,4.13,3.27,9
2025-02-24,SKU013,Tênis Run,Esporte,Aplicativo,196.9,5,98.06,150,11,12,1,151.61,3.75,2.74,12
2025-02-24,SKU013,Tênis Run,Esporte,Marketplace,201.8,5,97.02,227,5,7,0,253.68,3.71,4.83,8
2025-02-24,SKU014,Mochila Trail,Esporte,Site,191.05,0,95.21,258,10,11,0,222.22,4.57,3.11,16
2025-02-24,SKU014,Mochila Trail,Esporte,Aplicativo,187.62,15,93.25,228,8,11,0,220.52,4.56,2.39,19
2025-02-24,SKU014,Mochila Trail,Esporte,Marketplace,191.83,10,96.15,297,12,13,0,218.09,4.85,3.63,19
2025-02-24,SKU015,Garrafa Move,Esporte,Site,171.45,10,86.64,109,7,7,0,293.69,4.69,2.77,7
2025-02-24,SKU015,Garrafa Move,Esporte,Aplicativo,176.06,15,89.79,104,7,7,0,350.38,4.77,2.96,12
2025-02-24,SKU015,Garrafa Move,Esporte,Marketplace,175.91,25,89.09,161,11,11,0,394.15,4.7,4.25,11
2025-02-24,SKU016,Tapete Zen,Esporte,Site,176.95,10,94.26,242,7,10,0,261.47,4.09,3.32,13
2025-02-24,SKU016,Tapete Zen,Esporte,Aplicativo,182.02,0,91.03,174,8,10,0,221.6,3.71,2.66,10
2025-02-24,SKU016,Tapete Zen,Esporte,Marketplace,180.69,10,89.08,272,7,9,1,303.57,3.87,4.21,11
2025-02-24,SKU017,Kit Funcional,Esporte,Site,162.46,15,79.75,307,11,12,0,308.5,3.72,3.25,17
2025-02-24,SKU017,Kit Funcional,Esporte,Aplicativo,166.76,20,78.07,268,10,13,0,143.21,3.98,3.13,19
2025-02-24,SKU017,Kit Funcional,Esporte,Marketplace,157.57,10,79.58,327,11,14,0,335.8,3.74,3.44,16
2025-02-24,SKU018,Relógio Fit,Esporte,Site,242.47,20,114.79,212,6,7,1,398.73,4.43,3.67,17
2025-02-24,SKU018,Relógio Fit,Esporte,Aplicativo,232.1,0,114.03,185,9,12,0,276.81,4.42,2.11,17
2025-02-24,SKU018,Relógio Fit,Esporte,Marketplace,228.56,15,114.58,249,8,9,1,405.8,4.59,4.91,14
2025-02-24,SKU019,Camiseta Urban,Moda,Site,187.87,0,77.54,134,3,5,2,252.45,4.24,3.4,7
2025-02-24,SKU019,Camiseta Urban,Moda,Aplicativo,179.95,15,78.56,111,7,9,0,230.45,4.31,3.01,12
2025-02-24,SKU019,Camiseta Urban,Moda,Marketplace,177.6,15,79.29,156,4,4,1,297.31,4.1,3.98,8
2025-02-24,SKU020,Calça Flex,Moda,Site,124.16,10,55.54,229,14,15,1,402.02,3.56,3.18,15
2025-02-24,SKU020,Calça Flex,Moda,Aplicativo,123.88,30,53.22,153,14,14,3,307.16,3.49,2.68,17
2025-02-24,SKU020,Calça Flex,Moda,Marketplace,126.05,10,53.68,283,8,8,0,595.4,3.64,5.08,13
2025-02-24,SKU021,Tênis Street,Moda,Site,155.99,10,68.72,166,3,3,0,267.69,4.27,3.01,15
2025-02-24,SKU021,Tênis Street,Moda,Aplicativo,155.89,5,66.35,143,8,10,1,249.11,4.36,3.49,13
2025-02-24,SKU021,Tênis Street,Moda,Marketplace,155.43,0,66.69,220,6,6,0,319.53,4.22,4.01,8
2025-02-24,SKU022,Jaqueta City,Moda,Site,170.99,10,74.61,233,14,15,2,226.9,4.49,2.56,22
2025-02-24,SKU022,Jaqueta City,Moda,Aplicativo,166.72,25,72.33,174,13,16,2,192.29,4.42,2.33,24
2025-02-24,SKU022,Jaqueta City,Moda,Marketplace,171.36,0,71.5,283,11,11,1,276.73,4.27,4.47,17
2025-02-24,SKU023,Bolsa Mini,Moda,Site,138.06,5,61.94,406,8,9,3,283.46,3.61,3.16,28
2025-02-24,SKU023,Bolsa Mini,Moda,Aplicativo,144.79,5,60.34,362,14,16,1,306.01,3.46,3.01,24
2025-02-24,SKU023,Bolsa Mini,Moda,Marketplace,139.21,0,57.73,477,9,10,4,222.23,3.43,4.11,21
2025-02-24,SKU024,Moletom Soft,Moda,Site,132.19,10,56.75,229,10,11,1,218.56,4.28,2.9,17
2025-02-24,SKU024,Moletom Soft,Moda,Aplicativo,134.77,0,56.36,185,6,6,0,245.88,4.0,3.45,13
2025-02-24,SKU024,Moletom Soft,Moda,Marketplace,136.07,5,57.17,250,10,8,0,287.66,4.09,4.76,8
2025-02-24,SKU025,Kit Skin,Beleza,Site,105.36,10,40.63,152,4,4,0,441.44,3.6,3.0,6
2025-02-24,SKU025,Kit Skin,Beleza,Aplicativo,100.98,10,39.35,130,7,7,0,220.97,3.65,3.44,10
2025-02-24,SKU025,Kit Skin,Beleza,Marketplace,106.03,10,41.6,161,6,6,0,228.03,3.56,3.68,8
2025-02-24,SKU026,Perfume Bloom,Beleza,Site,107.85,10,41.5,359,17,19,0,312.04,4.41,3.67,27
2025-02-24,SKU026,Perfume Bloom,Beleza,Aplicativo,110.94,15,40.98,235,16,18,0,145.96,4.57,3.48,28
2025-02-24,SKU026,Perfume Bloom,Beleza,Marketplace,108.15,5,40.27,361,21,25,3,214.7,4.29,3.96,27
2025-02-24,SKU027,Secador Air,Beleza,Site,139.95,5,54.85,202,14,13,0,194.76,4.65,3.62,13
2025-02-24,SKU027,Secador Air,Beleza,Aplicativo,138.45,25,54.79,165,16,19,0,153.31,4.46,3.21,24
2025-02-24,SKU027,Secador Air,Beleza,Marketplace,149.03,25,55.67,233,8,8,0,293.75,4.4,4.38,15
2025-02-24,SKU028,Protetor Daily,Beleza,Site,139.44,20,54.5,220,13,14,0,255.93,3.77,3.76,22
2025-02-24,SKU028,Protetor Daily,Beleza,Aplicativo,135.0,20,55.03,159,13,14,0,230.11,3.69,2.03,20
2025-02-24,SKU028,Protetor Daily,Beleza,Marketplace,136.15,0,54.64,281,11,12,0,298.9,3.89,4.25,14
2025-02-24,SKU029,Escova Glow,Beleza,Site,93.95,0,35.48,215,15,16,0,260.44,4.44,2.58,16
2025-02-24,SKU029,Escova Glow,Beleza,Aplicativo,97.78,15,35.36,181,11,12,0,299.84,4.47,3.78,18
2025-02-24,SKU029,Escova Glow,Beleza,Marketplace,93.34,10,35.48,204,6,7,0,303.75,4.56,4.38,12
2025-02-24,SKU030,Sérum Vita,Beleza,Site,96.45,5,37.91,308,11,12,1,169.24,4.1,3.93,16
2025-02-24,SKU030,Sérum Vita,Beleza,Aplicativo,101.44,15,38.61,278,15,15,3,279.13,4.11,2.26,31
2025-02-24,SKU030,Sérum Vita,Beleza,Marketplace,101.84,0,39.58,388,11,12,0,271.79,4.16,3.72,18
2025-02-24,SKU031,Teclado Type,Informática,Site,588.7,10,393.16,183,4,5,0,173.93,4.25,3.27,10
2025-02-24,SKU031,Teclado Type,Informática,Aplicativo,630.04,30,401.4,199,7,8,1,260.73,4.18,3.38,15
2025-02-24,SKU031,Teclado Type,Informática,Marketplace,619.1,0,395.74,198,3,3,0,241.33,4.01,5.17,4
2025-02-24,SKU032,Mouse Click,Informática,Site,489.35,5,316.95,186,4,4,0,445.76,4.36,3.25,7
2025-02-24,SKU032,Mouse Click,Informática,Aplicativo,494.31,25,321.03,125,3,4,1,196.89,4.59,4.26,11
2025-02-24,SKU032,Mouse Click,Informática,Marketplace,492.48,10,315.55,176,3,4,0,274.62,4.21,3.87,4
2025-02-24,SKU033,Monitor View,Informática,Site,420.56,15,276.11,66,1,1,0,242.22,3.65,3.04,3
2025-02-24,SKU033,Monitor View,Informática,Aplicativo,416.5,25,282.42,47,1,1,0,174.14,3.61,3.62,4
2025-02-24,SKU033,Monitor View,Informática,Marketplace,422.37,20,277.52,102,1,1,0,280.74,3.55,2.71,6
2025-02-24,SKU034,SSD Fast,Informática,Site,675.71,25,452.76,107,8,7,0,294.9,4.59,2.96,7
2025-02-24,SKU034,SSD Fast,Informática,Aplicativo,686.5,0,434.36,67,2,2,0,159.25,4.41,1.98,4
2025-02-24,SKU034,SSD Fast,Informática,Marketplace,653.23,5,439.17,124,3,3,0,338.67,4.43,3.61,5
2025-02-24,SKU035,Hub Connect,Informática,Site,709.32,0,457.53,133,3,4,1,268.21,4.65,3.46,5
2025-02-24,SKU035,Hub Connect,Informática,Aplicativo,712.92,20,457.9,121,8,9,0,196.04,4.67,3.99,11
2025-02-24,SKU035,Hub Connect,Informática,Marketplace,666.43,20,453.03,153,4,5,0,317.12,4.66,4.03,9
2025-02-24,SKU036,Notebook Go,Informática,Site,552.73,0,339.98,272,10,8,1,361.26,3.93,2.52,8
2025-02-24,SKU036,Notebook Go,Informática,Aplicativo,502.32,20,367.94,204,10,10,0,221.55,3.91,3.11,16
2025-02-24,SKU036,Notebook Go,Informática,Marketplace,556.89,10,344.26,269,6,7,2,219.45,3.91,4.19,8
2025-02-24,SKU037,Bloco Criar,Infantil,Site,159.95,5,76.89,116,4,6,0,359.81,4.16,3.16,8
2025-02-24,SKU037,Bloco Criar,Infantil,Aplicativo,154.91,20,73.82,88,7,7,0,104.61,4.07,2.5,8
2025-02-24,SKU037,Bloco Criar,Infantil,Marketplace,159.74,10,75.17,131,4,4,0,433.62,4.11,4.33,8
2025-02-24,SKU038,Livro Descobrir,Infantil,Site,120.38,10,55.96,76,2,2,0,249.09,4.24,2.94,5
2025-02-24,SKU038,Livro Descobrir,Infantil,Aplicativo,118.28,15,55.17,58,4,4,0,153.77,4.51,2.42,4
2025-02-24,SKU038,Livro Descobrir,Infantil,Marketplace,115.74,10,55.95,99,3,3,0,276.45,4.35,4.45,8
2025-02-24,SKU039,Jogo Família,Infantil,Site,148.41,20,75.43,117,10,9,0,202.8,4.53,4.0,9
2025-02-24,SKU039,Jogo Família,Infantil,Aplicativo,149.77,10,74.22,118,5,5,0,145.3,4.59,2.68,12
2025-02-24,SKU039,Jogo Família,Infantil,Marketplace,157.33,0,73.2,166,2,4,0,393.63,4.4,4.71,8
2025-02-24,SKU040,Mochila Kids,Infantil,Site,126.41,15,59.76,145,6,8,0,449.39,4.32,3.76,9
2025-02-24,SKU040,Mochila Kids,Infantil,Aplicativo,123.64,20,60.27,111,10,12,0,156.02,4.56,2.99,12
2025-02-24,SKU040,Mochila Kids,Infantil,Marketplace,129.04,15,59.65,157,5,6,0,313.2,4.44,3.95,13
2025-02-24,SKU041,Pelúcia Nuvem,Infantil,Site,142.23,5,66.25,411,16,18,1,153.85,3.65,3.98,25
2025-02-24,SKU041,Pelúcia Nuvem,Infantil,Aplicativo,140.36,5,68.01,295,7,7,2,123.87,3.62,3.75,19
2025-02-24,SKU041,Pelúcia Nuvem,Infantil,Marketplace,147.8,5,67.39,481,14,14,0,291.48,3.75,4.27,19
2025-02-24,SKU042,Patinete Joy,Infantil,Site,94.2,15,44.57,214,12,12,0,361.79,4.14,3.68,16
2025-02-24,SKU042,Patinete Joy,Infantil,Aplicativo,94.45,0,45.4,143,6,8,2,174.89,4.26,3.41,9
2025-02-24,SKU042,Patinete Joy,Infantil,Marketplace,94.99,10,46.39,230,6,7,1,279.6,4.11,4.59,17
2025-02-24,SKU043,Cama Cozy,Pet,Site,91.46,0,39.28,313,8,9,0,261.0,3.67,2.54,15
2025-02-24,SKU043,Cama Cozy,Pet,Aplicativo,89.31,15,39.23,260,18,16,2,241.48,3.76,2.05,16
2025-02-24,SKU043,Cama Cozy,Pet,Marketplace,86.73,0,40.72,365,11,12,1,249.85,3.51,3.81,15
2025-02-24,SKU044,Fonte Fresh,Pet,Site,87.97,15,40.6,96,1,1,0,252.05,4.56,3.67,8
2025-02-24,SKU044,Fonte Fresh,Pet,Aplicativo,88.1,15,40.63,104,8,7,0,205.01,4.73,3.24,7
2025-02-24,SKU044,Fonte Fresh,Pet,Marketplace,96.38,10,39.37,117,9,7,0,285.48,4.79,4.61,7
2025-02-24,SKU045,Brinquedo Fun,Pet,Site,107.23,5,44.0,161,4,5,0,231.31,4.44,4.45,9
2025-02-24,SKU045,Brinquedo Fun,Pet,Aplicativo,102.26,15,44.91,136,9,9,0,208.09,4.46,3.69,13
2025-02-24,SKU045,Brinquedo Fun,Pet,Marketplace,98.08,10,44.5,205,13,14,0,400.84,4.29,3.2,16
2025-02-24,SKU046,Coleira Safe,Pet,Site,139.65,15,60.04,183,10,10,0,324.61,4.08,2.99,14
2025-02-24,SKU046,Coleira Safe,Pet,Aplicativo,136.75,0,61.69,129,6,7,0,207.09,4.16,1.93,11
2025-02-24,SKU046,Coleira Safe,Pet,Marketplace,134.54,10,61.09,225,8,9,0,499.9,4.17,4.08,14
2025-02-24,SKU047,Comedouro Smart,Pet,Site,83.05,10,38.02,260,13,17,1,256.78,4.25,3.4,28
2025-02-24,SKU047,Comedouro Smart,Pet,Aplicativo,87.18,20,37.15,203,15,17,0,202.9,4.04,2.24,22
2025-02-24,SKU047,Comedouro Smart,Pet,Marketplace,83.43,15,36.53,280,7,9,0,271.7,4.22,4.07,17
2025-02-24,SKU048,Kit Higiene,Pet,Site,138.1,10,61.9,442,13,15,0,216.34,4.27,3.6,25
2025-02-24,SKU048,Kit Higiene,Pet,Aplicativo,139.17,10,58.51,395,23,27,0,232.48,4.33,3.38,35
2025-02-24,SKU048,Kit Higiene,Pet,Marketplace,140.91,10,59.46,540,24,27,1,377.15,4.32,4.46,41
2025-03-03,SKU001,Fone Pulse,Áudio e vídeo,Site,354.54,10,195.77,234,2,2,0,289.87,4.66,2.83,12
2025-03-03,SKU001,Fone Pulse,Áudio e vídeo,Aplicativo,345.85,15,194.83,222,11,14,0,240.92,4.93,2.96,19
2025-03-03,SKU001,Fone Pulse,Áudio e vídeo,Marketplace,348.55,15,197.23,271,5,6,0,338.4,4.64,4.35,15
2025-03-03,SKU002,Caixa Wave,Áudio e vídeo,Site,274.37,15,154.92,368,12,14,2,247.4,4.77,4.05,23
2025-03-03,SKU002,Caixa Wave,Áudio e vídeo,Aplicativo,286.33,15,160.27,268,12,12,1,316.82,4.9,3.48,21
2025-03-03,SKU002,Caixa Wave,Áudio e vídeo,Marketplace,270.64,5,158.07,403,7,9,2,211.0,4.95,4.71,22
2025-03-03,SKU003,Webcam Focus,Áudio e vídeo,Site,415.17,10,236.1,251,7,8,0,309.05,3.88,3.8,11
2025-03-03,SKU003,Webcam Focus,Áudio e vídeo,Aplicativo,412.84,15,232.22,174,8,10,2,256.95,3.59,3.15,12
2025-03-03,SKU003,Webcam Focus,Áudio e vídeo,Marketplace,412.68,5,237.37,241,7,7,1,304.21,3.69,4.54,7
2025-03-03,SKU004,Microfone Voice,Áudio e vídeo,Site,318.78,10,183.98,128,9,7,0,220.86,4.85,4.23,7
2025-03-03,SKU004,Microfone Voice,Áudio e vídeo,Aplicativo,335.83,10,190.81,117,3,3,0,211.33,4.79,4.59,4
2025-03-03,SKU004,Microfone Voice,Áudio e vídeo,Marketplace,333.36,25,187.31,169,5,5,0,602.85,4.71,4.61,12
2025-03-03,SKU005,Soundbar One,Áudio e vídeo,Site,410.71,10,244.12,208,12,12,1,239.29,4.08,3.42,12
2025-03-03,SKU005,Soundbar One,Áudio e vídeo,Aplicativo,423.51,0,247.33,168,2,2,0,227.53,4.02,2.88,9
2025-03-03,SKU005,Soundbar One,Áudio e vídeo,Marketplace,417.94,0,229.59,261,3,3,0,379.3,4.12,4.25,9
2025-03-03,SKU006,Headset Play,Áudio e vídeo,Site,372.48,20,206.7,129,6,6,0,248.59,3.52,3.02,6
2025-03-03,SKU006,Headset Play,Áudio e vídeo,Aplicativo,361.27,15,204.16,106,3,3,1,204.73,3.65,3.23,8
2025-03-03,SKU006,Headset Play,Áudio e vídeo,Marketplace,377.58,10,216.15,177,3,3,0,367.08,3.63,3.92,9
2025-03-03,SKU007,Panela Chef,Casa e cozinha,Site,261.97,0,133.88,378,12,13,0,312.59,4.43,3.0,25
2025-03-03,SKU007,Panela Chef,Casa e cozinha,Aplicativo,261.04,10,135.52,316,16,17,2,273.2,4.59,3.39,25
2025-03-03,SKU007,Panela Chef,Casa e cozinha,Marketplace,262.52,5,131.6,516,17,19,1,638.29,4.32,4.08,21
2025-03-03,SKU008,Air Fryer Easy,Casa e cozinha,Site,308.06,5,159.28,184,15,15,0,355.0,4.91,2.28,15
2025-03-03,SKU008,Air Fryer Easy,Casa e cozinha,Aplicativo,301.34,25,154.43,169,11,11,1,360.61,4.85,2.49,21
2025-03-03,SKU008,Air Fryer Easy,Casa e cozinha,Marketplace,313.7,5,163.21,207,6,8,1,503.47,4.6,5.47,10
2025-03-03,SKU009,Jogo Mesa,Casa e cozinha,Site,203.09,15,106.41,207,10,12,0,213.48,4.43,3.59,13
2025-03-03,SKU009,Jogo Mesa,Casa e cozinha,Aplicativo,203.93,5,105.06,151,5,7,0,137.89,4.32,3.11,9
2025-03-03,SKU009,Jogo Mesa,Casa e cozinha,Marketplace,202.08,10,107.59,260,12,11,0,297.26,3.94,4.21,11
2025-03-03,SKU010,Luminária Aura,Casa e cozinha,Site,194.15,20,102.79,338,18,22,1,325.88,4.56,2.56,31
2025-03-03,SKU010,Luminária Aura,Casa e cozinha,Aplicativo,200.43,5,101.26,225,8,10,0,123.05,4.54,2.52,20
2025-03-03,SKU010,Luminária Aura,Casa e cozinha,Marketplace,188.57,0,101.38,387,8,8,0,394.7,4.49,4.74,23
2025-03-03,SKU011,Organizador Box,Casa e cozinha,Site,292.48,20,153.44,602,30,33,2,382.43,4.13,4.07,46
2025-03-03,SKU011,Organizador Box,Casa e cozinha,Aplicativo,303.29,10,159.27,497,17,20,0,270.89,4.14,3.77,33
2025-03-03,SKU011,Organizador Box,Casa e cozinha,Marketplace,309.48,0,155.65,684,24,26,0,449.46,4.08,3.01,31
2025-03-03,SKU012,Mixer Prático,Casa e cozinha,Site,240.76,25,124.47,169,7,10,1,314.69,3.92,3.25,16
2025-03-03,SKU012,Mixer Prático,Casa e cozinha,Aplicativo,243.24,0,124.48,156,2,2,0,231.68,3.93,2.96,9
2025-03-03,SKU012,Mixer Prático,Casa e cozinha,Marketplace,241.49,10,123.4,191,1,1,0,433.35,3.74,4.88,8
2025-03-03,SKU013,Tênis Run,Esporte,Site,203.68,0,96.45,244,4,4,0,503.4,3.84,3.51,10
2025-03-03,SKU013,Tênis Run,Esporte,Aplicativo,204.54,0,97.18,171,8,8,0,493.29,3.77,3.25,8
2025-03-03,SKU013,Tênis Run,Esporte,Marketplace,190.48,10,98.34,255,12,10,1,266.61,3.76,4.44,10
2025-03-03,SKU014,Mochila Trail,Esporte,Site,185.79,15,96.56,316,7,9,1,334.87,4.62,2.76,22
2025-03-03,SKU014,Mochila Trail,Esporte,Aplicativo,201.23,15,93.03,267,16,12,1,251.89,4.48,2.21,12
2025-03-03,SKU014,Mochila Trail,Esporte,Marketplace,200.53,10,93.94,362,15,14,1,276.11,4.67,4.65,14
2025-03-03,SKU015,Garrafa Move,Esporte,Site,177.46,5,88.46,124,4,5,0,384.66,4.49,1.83,5
2025-03-03,SKU015,Garrafa Move,Esporte,Aplicativo,174.86,15,86.43,85,8,8,1,121.9,4.79,3.37,9
2025-03-03,SKU015,Garrafa Move,Esporte,Marketplace,177.94,10,84.57,136,7,7,0,371.83,4.6,4.02,8
2025-03-03,SKU016,Tapete Zen,Esporte,Site,185.76,10,92.28,250,7,8,0,229.97,4.2,3.53,13
2025-03-03,SKU016,Tapete Zen,Esporte,Aplicativo,184.62,5,93.23,177,4,4,0,206.66,3.89,2.52,14
2025-03-03,SKU016,Tapete Zen,Esporte,Marketplace,191.33,10,91.91,280,9,10,0,308.48,4.06,3.73,12
2025-03-03,SKU017,Kit Funcional,Esporte,Site,158.26,0,79.89,397,10,12,0,371.63,3.77,3.2,15
2025-03-03,SKU017,Kit Funcional,Esporte,Aplicativo,159.28,0,80.49,285,7,8,1,206.16,3.67,3.17,12
2025-03-03,SKU017,Kit Funcional,Esporte,Marketplace,160.79,10,78.08,410,15,15,2,346.83,3.88,4.5,15
2025-03-03,SKU018,Relógio Fit,Esporte,Site,219.73,20,116.3,255,10,12,1,531.08,4.45,3.57,23
2025-03-03,SKU018,Relógio Fit,Esporte,Aplicativo,230.09,20,117.73,183,8,9,0,206.02,4.36,1.58,23
2025-03-03,SKU018,Relógio Fit,Esporte,Marketplace,234.67,0,112.55,273,5,5,0,474.19,4.39,3.11,15
2025-03-03,SKU019,Camiseta Urban,Moda,Site,177.61,15,77.78,133,6,8,0,230.36,4.24,2.89,10
2025-03-03,SKU019,Camiseta Urban,Moda,Aplicativo,184.24,20,80.83,131,11,11,1,383.24,4.05,2.74,17
2025-03-03,SKU019,Camiseta Urban,Moda,Marketplace,180.46,0,79.65,177,4,4,1,377.08,4.14,4.46,7
2025-03-03,SKU020,Calça Flex,Moda,Site,130.11,0,55.26,212,5,5,0,166.24,3.72,3.83,10
2025-03-03,SKU020,Calça Flex,Moda,Aplicativo,123.59,5,53.99,184,8,10,1,203.44,3.73,2.87,17
2025-03-03,SKU020,Calça Flex,Moda,Marketplace,125.34,25,53.89,268,6,9,2,316.48,3.73,4.34,20
2025-03-03,SKU021,Tênis Street,Moda,Site,156.43,5,68.27,183,5,6,0,258.11,4.19,3.09,14
2025-03-03,SKU021,Tênis Street,Moda,Aplicativo,154.34,25,67.98,157,6,7,1,181.42,4.15,3.93,17
2025-03-03,SKU021,Tênis Street,Moda,Marketplace,151.71,5,68.82,261,18,16,2,575.31,4.33,4.34,16
2025-03-03,SKU022,Jaqueta City,Moda,Site,173.4,0,73.41,264,9,10,0,297.58,4.33,3.6,18
2025-03-03,SKU022,Jaqueta City,Moda,Aplicativo,167.55,10,74.45,204,11,11,1,228.08,4.29,3.02,19
2025-03-03,SKU022,Jaqueta City,Moda,Marketplace,172.14,5,73.29,335,10,10,2,431.0,4.36,4.16,17
2025-03-03,SKU023,Bolsa Mini,Moda,Site,137.47,5,58.26,489,10,11,1,432.18,3.52,3.89,29
2025-03-03,SKU023,Bolsa Mini,Moda,Aplicativo,135.81,25,61.23,374,47,40,6,223.55,3.65,1.87,40
2025-03-03,SKU023,Bolsa Mini,Moda,Marketplace,140.5,20,62.14,588,20,23,4,425.08,3.79,5.64,33
2025-03-03,SKU024,Moletom Soft,Moda,Site,133.9,10,54.49,237,7,8,1,222.25,3.95,2.93,14
2025-03-03,SKU024,Moletom Soft,Moda,Aplicativo,139.06,10,58.19,212,9,10,0,215.24,4.16,3.6,13
2025-03-03,SKU024,Moletom Soft,Moda,Marketplace,133.4,15,58.47,268,13,17,1,374.84,4.1,3.45,18
2025-03-03,SKU025,Kit Skin,Beleza,Site,102.62,15,40.03,141,11,11,0,266.81,3.82,2.79,11
2025-03-03,SKU025,Kit Skin,Beleza,Aplicativo,103.11,10,40.1,127,6,9,1,173.82,3.74,3.01,9
2025-03-03,SKU025,Kit Skin,Beleza,Marketplace,101.91,25,39.92,173,2,2,0,308.91,3.67,3.59,15
2025-03-03,SKU026,Perfume Bloom,Beleza,Site,111.65,15,41.76,348,15,16,0,179.99,4.43,3.06,30
2025-03-03,SKU026,Perfume Bloom,Beleza,Aplicativo,108.8,25,41.65,324,33,32,1,276.44,4.41,2.63,32
2025-03-03,SKU026,Perfume Bloom,Beleza,Marketplace,106.5,10,42.1,456,22,23,0,337.51,4.59,4.38,23
2025-03-03,SKU027,Secador Air,Beleza,Site,143.77,30,54.1,234,21,24,1,215.56,4.44,3.45,29
2025-03-03,SKU027,Secador Air,Beleza,Aplicativo,141.63,5,53.64,173,17,19,0,184.1,4.38,3.13,19
2025-03-03,SKU027,Secador Air,Beleza,Marketplace,139.97,25,54.24,276,12,12,0,293.14,4.44,4.68,23
2025-03-03,SKU028,Protetor Daily,Beleza,Site,145.06,20,55.38,255,9,11,0,218.06,3.85,3.44,21
2025-03-03,SKU028,Protetor Daily,Beleza,Aplicativo,146.1,0,54.47,205,12,15,0,212.02,3.75,2.28,17
2025-03-03,SKU028,Protetor Daily,Beleza,Marketplace,143.72,10,55.5,295,12,15,1,464.75,3.86,4.1,15
2025-03-03,SKU029,Escova Glow,Beleza,Site,93.83,10,36.3,228,5,5,0,373.72,4.62,3.31,14
2025-03-03,SKU029,Escova Glow,Beleza,Aplicativo,95.67,20,35.39,214,16,20,2,230.74,4.69,3.6,27
2025-03-03,SKU029,Escova Glow,Beleza,Marketplace,93.65,5,35.17,293,13,17,0,428.62,4.6,4.41,23
2025-03-03,SKU030,Sérum Vita,Beleza,Site,98.85,5,38.54,366,12,13,0,193.64,4.1,3.08,30
2025-03-03,SKU030,Sérum Vita,Beleza,Aplicativo,97.15,10,37.97,291,22,26,0,242.32,4.37,3.62,31
2025-03-03,SKU030,Sérum Vita,Beleza,Marketplace,96.27,5,38.73,434,16,18,0,349.48,4.13,3.1,28
2025-03-03,SKU031,Teclado Type,Informática,Site,611.14,25,393.36,220,17,16,1,282.46,4.29,3.38,16
2025-03-03,SKU031,Teclado Type,Informática,Aplicativo,621.08,25,394.33,213,7,7,0,268.61,4.37,2.45,17
2025-03-03,SKU031,Teclado Type,Informática,Marketplace,629.55,15,406.19,308,2,3,0,428.13,4.23,4.2,14
2025-03-03,SKU032,Mouse Click,Informática,Site,485.94,15,326.39,175,10,11,1,329.99,4.46,2.28,12
2025-03-03,SKU032,Mouse Click,Informática,Aplicativo,482.62,15,329.68,151,4,4,0,289.94,4.31,4.2,7
2025-03-03,SKU032,Mouse Click,Informática,Marketplace,471.49,20,326.53,206,11,6,1,410.34,4.37,3.49,6
2025-03-03,SKU033,Monitor View,Informática,Site,403.22,5,278.59,76,4,3,0,335.68,3.6,2.84,3
2025-03-03,SKU033,Monitor View,Informática,Aplicativo,413.11,0,276.01,66,2,2,0,163.49,3.74,1.81,2
2025-03-03,SKU033,Monitor View,Informática,Marketplace,400.43,10,274.94,96,1,1,0,327.62,3.77,4.35,5
2025-03-03,SKU034,SSD Fast,Informática,Site,660.1,10,450.47,121,5,5,0,362.9,4.64,2.62,6
2025-03-03,SKU034,SSD Fast,Informática,Aplicativo,654.75,0,444.25,83,1,1,0,251.91,4.45,3.79,5
2025-03-03,SKU034,SSD Fast,Informática,Marketplace,696.05,15,429.2,123,6,6,0,247.21,4.45,4.85,7
2025-03-03,SKU035,Hub Connect,Informática,Site,687.01,15,446.9,161,4,4,0,290.67,4.39,3.0,10
2025-03-03,SKU035,Hub Connect,Informática,Aplicativo,704.12,0,458.0,114,3,3,0,179.38,4.6,2.69,6
2025-03-03,SKU035,Hub Connect,Informática,Marketplace,713.18,5,444.65,170,5,6,0,303.92,4.58,4.78,6
2025-03-03,SKU036,Notebook Go,Informática,Site,535.87,0,347.17,282,6,5,0,307.28,3.96,2.86,5
2025-03-03,SKU036,Notebook Go,Informática,Aplicativo,510.81,0,361.29,194,5,6,0,172.42,4.09,3.32,11
2025-03-03,SKU036,Notebook Go,Informática,Marketplace,524.93,0,344.8,341,7,8,0,272.98,3.89,4.34,12
2025-03-03,SKU037,Bloco Criar,Infantil,Site,154.29,20,78.15,146,10,11,0,314.43,4.22,4.11,11
2025-03-03,SKU037,Bloco Criar,Infantil,Aplicativo,168.39,0,78.24,110,4,4,0,550.08,4.19,3.13,8
2025-03-03,SKU037,Bloco Criar,Infantil,Marketplace,157.66,20,74.61,153,6,7,0,328.79,4.14,4.74,10
2025-03-03,SKU038,Livro Descobrir,Infantil,Site,113.22,20,53.57,73,4,5,0,249.53,4.24,2.4,7
2025-03-03,SKU038,Livro Descobrir,Infantil,Aplicativo,113.73,10,54.99,73,3,4,0,261.61,4.33,3.35,7
2025-03-03,SKU038,Livro Descobrir,Infantil,Marketplace,113.89,5,55.47,88,4,5,0,277.99,4.17,3.95,5
2025-03-03,SKU039,Jogo Família,Infantil,Site,160.32,25,74.79,140,6,8,0,129.61,4.47,4.01,12
2025-03-03,SKU039,Jogo Família,Infantil,Aplicativo,156.66,5,73.65,116,7,8,0,218.38,4.74,2.89,11
2025-03-03,SKU039,Jogo Família,Infantil,Marketplace,158.01,15,73.79,179,6,6,1,395.26,4.64,4.14,15
2025-03-03,SKU040,Mochila Kids,Infantil,Site,127.59,15,59.88,189,8,9,1,404.24,4.46,3.09,11
2025-03-03,SKU040,Mochila Kids,Infantil,Aplicativo,133.68,0,60.12,118,5,6,0,208.99,4.45,3.82,8
2025-03-03,SKU040,Mochila Kids,Infantil,Marketplace,128.53,0,60.05,198,10,11,1,418.72,4.47,3.54,11
2025-03-03,SKU041,Pelúcia Nuvem,Infantil,Site,147.01,10,68.77,455,16,19,1,282.06,3.66,3.27,25
2025-03-03,SKU041,Pelúcia Nuvem,Infantil,Aplicativo,141.53,10,67.06,445,32,26,0,388.45,3.84,2.84,26
2025-03-03,SKU041,Pelúcia Nuvem,Infantil,Marketplace,142.34,0,66.01,507,11,11,0,267.64,3.53,4.53,23
2025-03-03,SKU042,Patinete Joy,Infantil,Site,97.79,0,48.19,231,10,11,0,234.49,4.1,2.32,15
2025-03-03,SKU042,Patinete Joy,Infantil,Aplicativo,94.31,0,46.33,173,7,8,1,253.58,4.19,2.3,12
2025-03-03,SKU042,Patinete Joy,Infantil,Marketplace,99.66,5,44.87,292,20,19,0,373.47,4.23,3.58,19
2025-03-03,SKU043,Cama Cozy,Pet,Site,89.16,10,37.76,334,9,12,0,263.57,3.74,3.6,22
2025-03-03,SKU043,Cama Cozy,Pet,Aplicativo,87.85,5,38.57,340,19,22,1,416.92,3.57,3.01,28
2025-03-03,SKU043,Cama Cozy,Pet,Marketplace,88.13,5,40.01,438,15,15,0,353.52,3.63,4.23,26
2025-03-03,SKU044,Fonte Fresh,Pet,Site,87.11,0,39.71,114,8,8,0,225.34,4.74,2.58,10
2025-03-03,SKU044,Fonte Fresh,Pet,Aplicativo,90.75,10,40.13,90,7,7,0,260.43,4.71,3.57,7
2025-03-03,SKU044,Fonte Fresh,Pet,Marketplace,90.66,10,39.7,142,9,9,0,413.54,4.88,4.35,11
2025-03-03,SKU045,Brinquedo Fun,Pet,Site,99.65,10,44.33,211,6,7,1,247.13,4.49,2.48,10
2025-03-03,SKU045,Brinquedo Fun,Pet,Aplicativo,99.3,10,44.13,151,3,3,0,346.02,4.19,3.77,12
2025-03-03,SKU045,Brinquedo Fun,Pet,Marketplace,96.98,5,44.14,239,14,16,0,356.57,4.43,3.81,17
2025-03-03,SKU046,Coleira Safe,Pet,Site,134.82,5,60.17,186,11,10,0,246.09,4.17,3.66,10
2025-03-03,SKU046,Coleira Safe,Pet,Aplicativo,138.01,15,59.69,180,19,19,0,303.81,4.2,3.6,19
2025-03-03,SKU046,Coleira Safe,Pet,Marketplace,135.29,5,61.16,251,9,11,0,402.42,4.23,4.18,16
2025-03-03,SKU047,Comedouro Smart,Pet,Site,83.12,10,35.86,272,14,15,0,233.83,4.22,3.25,24
2025-03-03,SKU047,Comedouro Smart,Pet,Aplicativo,83.89,15,37.32,235,14,14,0,199.45,4.09,2.16,24
2025-03-03,SKU047,Comedouro Smart,Pet,Marketplace,82.07,10,36.94,361,12,14,0,411.16,4.33,5.05,23
2025-03-03,SKU048,Kit Higiene,Pet,Site,132.73,10,58.31,558,20,21,0,370.96,4.4,4.02,34
2025-03-03,SKU048,Kit Higiene,Pet,Aplicativo,136.74,10,58.51,409,24,27,1,305.76,4.39,2.37,37
2025-03-03,SKU048,Kit Higiene,Pet,Marketplace,134.27,5,58.16,641,17,21,1,395.81,4.22,4.49,40
2025-03-10,SKU001,Fone Pulse,Áudio e vídeo,Site,338.82,30,193.82,242,13,14,0,287.92,4.68,2.53,21
2025-03-10,SKU001,Fone Pulse,Áudio e vídeo,Aplicativo,337.59,30,197.48,198,10,13,0,221.75,4.71,3.21,21
2025-03-10,SKU001,Fone Pulse,Áudio e vídeo,Marketplace,329.96,25,196.57,307,17,18,4,261.79,4.59,4.07,22
2025-03-10,SKU002,Caixa Wave,Áudio e vídeo,Site,281.07,10,161.39,335,15,19,0,243.61,4.72,3.7,23
2025-03-10,SKU002,Caixa Wave,Áudio e vídeo,Aplicativo,272.67,15,155.21,299,14,16,1,249.5,4.91,2.58,32
2025-03-10,SKU002,Caixa Wave,Áudio e vídeo,Marketplace,283.26,10,155.09,372,17,18,1,307.94,4.8,3.51,20
2025-03-10,SKU003,Webcam Focus,Áudio e vídeo,Site,413.41,0,238.78,240,6,7,1,573.13,3.71,3.3,9
2025-03-10,SKU003,Webcam Focus,Áudio e vídeo,Aplicativo,400.37,10,236.8,226,9,9,1,297.0,3.66,2.83,11
2025-03-10,SKU003,Webcam Focus,Áudio e vídeo,Marketplace,411.22,10,232.24,260,6,7,0,226.75,3.64,5.03,11
2025-03-10,SKU004,Microfone Voice,Áudio e vídeo,Site,320.14,0,189.96,153,5,5,1,402.24,4.71,3.66,8
2025-03-10,SKU004,Microfone Voice,Áudio e vídeo,Aplicativo,327.4,10,184.74,109,5,5,0,268.77,4.7,3.3,8
2025-03-10,SKU004,Microfone Voice,Áudio e vídeo,Marketplace,332.82,0,193.69,169,11,8,1,493.26,4.67,4.52,8
2025-03-10,SKU005,Soundbar One,Áudio e vídeo,Site,421.68,20,236.37,198,7,8,0,239.32,4.22,3.89,15
2025-03-10,SKU005,Soundbar One,Áudio e vídeo,Aplicativo,425.75,20,231.15,178,10,10,0,263.43,4.3,3.5,13
2025-03-10,SKU005,Soundbar One,Áudio e vídeo,Marketplace,424.01,0,238.88,257,5,6,0,264.11,4.08,4.71,7
2025-03-10,SKU006,Headset Play,Áudio e vídeo,Site,342.07,15,206.92,138,3,4,1,226.94,3.56,2.75,4
2025-03-10,SKU006,Headset Play,Áudio e vídeo,Aplicativo,369.88,0,208.8,112,5,5,0,265.69,3.77,2.89,5
2025-03-10,SKU006,Headset Play,Áudio e vídeo,Marketplace,372.66,15,210.17,165,3,3,0,290.17,3.73,3.56,7
2025-03-10,SKU007,Panela Chef,Casa e cozinha,Site,257.18,30,136.53,375,18,21,1,260.63,4.6,3.59,44
2025-03-10,SKU007,Panela Chef,Casa e cozinha,Aplicativo,260.16,20,133.32,332,16,19,1,271.44,4.54,3.78,34
2025-03-10,SKU007,Panela Chef,Casa e cozinha,Marketplace,244.33,5,134.81,490,23,26,1,330.23,4.47,3.78,26
2025-03-10,SKU008,Air Fryer Easy,Casa e cozinha,Site,319.67,15,164.36,179,11,12,0,329.55,4.71,2.86,16
2025-03-10,SKU008,Air Fryer Easy,Casa e cozinha,Aplicativo,295.0,25,156.64,145,8,9,1,256.6,4.81,3.65,9
2025-03-10,SKU008,Air Fryer Easy,Casa e cozinha,Marketplace,316.02,0,157.89,194,6,7,0,258.14,4.93,5.31,7
2025-03-10,SKU009,Jogo Mesa,Casa e cozinha,Site,191.11,10,101.88,192,7,8,0,247.37,4.21,3.72,11
2025-03-10,SKU009,Jogo Mesa,Casa e cozinha,Aplicativo,202.45,10,105.3,181,9,9,0,335.83,4.12,3.69,9
2025-03-10,SKU009,Jogo Mesa,Casa e cozinha,Marketplace,205.06,10,103.75,237,11,12,0,291.48,4.1,3.28,13
2025-03-10,SKU010,Luminária Aura,Casa e cozinha,Site,184.67,20,101.99,299,19,24,3,269.25,4.43,3.3,31
2025-03-10,SKU010,Luminária Aura,Casa e cozinha,Aplicativo,199.5,5,103.12,267,13,14,0,239.81,4.55,2.69,18
2025-03-10,SKU010,Luminária Aura,Casa e cozinha,Marketplace,190.78,5,99.17,348,9,14,1,262.75,4.45,4.37,20
2025-03-10,SKU011,Organizador Box,Casa e cozinha,Site,298.61,10,158.29,630,25,30,2,316.29,4.22,3.33,41
2025-03-10,SKU011,Organizador Box,Casa e cozinha,Aplicativo,309.68,0,160.82,530,12,15,1,394.04,4.12,3.89,31
2025-03-10,SKU011,Organizador Box,Casa e cozinha,Marketplace,289.18,15,155.81,685,31,30,1,331.65,4.26,3.96,30
2025-03-10,SKU012,Mixer Prático,Casa e cozinha,Site,236.8,15,123.09,167,6,7,0,272.82,3.86,3.39,12
2025-03-10,SKU012,Mixer Prático,Casa e cozinha,Aplicativo,244.39,0,124.6,164,9,9,1,260.21,3.85,2.66,12
2025-03-10,SKU012,Mixer Prático,Casa e cozinha,Marketplace,245.4,0,123.67,209,8,10,0,348.06,3.87,3.08,11
2025-03-10,SKU013,Tênis Run,Esporte,Site,199.82,0,96.56,234,7,8,0,283.08,3.89,3.38,10
2025-03-10,SKU013,Tênis Run,Esporte,Aplicativo,192.97,0,96.86,176,7,7,0,234.87,3.85,3.51,8
2025-03-10,SKU013,Tênis Run,Esporte,Marketplace,196.34,20,96.08,230,5,7,1,256.57,3.64,3.25,17
2025-03-10,SKU014,Mochila Trail,Esporte,Site,191.72,5,94.9,274,8,9,3,237.1,4.85,3.99,14
2025-03-10,SKU014,Mochila Trail,Esporte,Aplicativo,188.08,20,96.7,274,13,14,0,272.55,4.63,3.44,24
2025-03-10,SKU014,Mochila Trail,Esporte,Marketplace,196.68,20,94.45,345,19,22,1,383.66,4.9,3.41,29
2025-03-10,SKU015,Garrafa Move,Esporte,Site,182.16,5,85.47,107,3,5,1,199.77,4.7,2.96,5
2025-03-10,SKU015,Garrafa Move,Esporte,Aplicativo,175.87,15,84.96,98,10,9,0,135.11,4.54,2.52,9
2025-03-10,SKU015,Garrafa Move,Esporte,Marketplace,177.31,10,89.34,157,6,6,0,476.37,4.66,3.55,8
2025-03-10,SKU016,Tapete Zen,Esporte,Site,192.79,0,89.84,275,2,2,2,278.22,3.98,2.82,13
2025-03-10,SKU016,Tapete Zen,Esporte,Aplicativo,183.64,0,95.2,248,10,12,0,413.04,4.04,2.65,12
2025-03-10,SKU016,Tapete Zen,Esporte,Marketplace,190.41,10,91.09,299,3,6,0,309.35,3.81,4.61,11
2025-03-10,SKU017,Kit Funcional,Esporte,Site,164.8,20,79.7,363,8,9,0,335.87,3.68,3.82,25
2025-03-10,SKU017,Kit Funcional,Esporte,Aplicativo,161.83,0,77.65,307,8,10,1,352.62,3.84,2.97,19
2025-03-10,SKU017,Kit Funcional,Esporte,Marketplace,159.94,0,78.14,431,11,11,1,230.08,3.78,4.52,20
2025-03-10,SKU018,Relógio Fit,Esporte,Site,215.11,20,111.5,230,16,15,0,284.37,4.4,2.94,15
2025-03-10,SKU018,Relógio Fit,Esporte,Aplicativo,239.04,5,113.37,192,13,13,0,186.31,4.56,2.55,13
2025-03-10,SKU018,Relógio Fit,Esporte,Marketplace,228.83,25,110.88,261,8,9,0,397.62,4.46,3.75,19
2025-03-10,SKU019,Camiseta Urban,Moda,Site,182.37,0,76.67,139,5,6,0,225.05,4.28,2.61,10
2025-03-10,SKU019,Camiseta Urban,Moda,Aplicativo,182.94,15,76.78,102,3,3,1,245.14,4.03,2.16,12
2025-03-10,SKU019,Camiseta Urban,Moda,Marketplace,179.32,5,75.13,177,9,10,2,328.82,4.33,4.18,10
2025-03-10,SKU020,Calça Flex,Moda,Site,125.94,5,52.37,269,9,10,1,546.66,3.65,2.35,20
2025-03-10,SKU020,Calça Flex,Moda,Aplicativo,123.17,15,55.04,186,12,14,2,279.07,3.93,2.28,16
2025-03-10,SKU020,Calça Flex,Moda,Marketplace,127.68,0,56.3,266,7,9,2,367.36,3.41,4.08,12
2025-03-10,SKU021,Tênis Street,Moda,Site,153.76,10,63.87,225,11,11,0,381.37,4.23,3.73,15
2025-03-10,SKU021,Tênis Street,Moda,Aplicativo,152.33,0,67.71,150,10,9,1,179.98,4.12,3.75,9
2025-03-10,SKU021,Tênis Street,Moda,Marketplace,153.66,25,64.74,249,13,15,2,363.43,4.18,4.7,17
2025-03-10,SKU022,Jaqueta City,Moda,Site,171.16,0,75.94,274,7,7,2,383.71,4.3,3.52,17
2025-03-10,SKU022,Jaqueta City,Moda,Aplicativo,165.71,25,73.56,219,25,29,4,308.96,4.46,3.48,32
2025-03-10,SKU022,Jaqueta City,Moda,Marketplace,175.1,25,72.8,379,25,29,5,480.62,4.33,4.05,34
2025-03-10,SKU023,Bolsa Mini,Moda,Site,145.03,0,61.84,489,21,26,2,290.13,3.48,3.16,26
2025-03-10,SKU023,Bolsa Mini,Moda,Aplicativo,145.68,25,60.27,368,19,20,2,157.66,3.44,4.1,24
2025-03-10,SKU023,Bolsa Mini,Moda,Marketplace,145.42,0,61.42,497,15,18,3,243.24,3.52,4.2,21
2025-03-10,SKU024,Moletom Soft,Moda,Site,133.89,15,57.71,231,21,23,2,237.83,3.96,2.6,23
2025-03-10,SKU024,Moletom Soft,Moda,Aplicativo,129.79,0,54.3,187,14,14,2,212.23,4.07,2.69,17
2025-03-10,SKU024,Moletom Soft,Moda,Marketplace,138.33,0,55.65,280,4,4,1,444.14,4.23,4.77,14
2025-03-10,SKU025,Kit Skin,Beleza,Site,101.7,0,39.75,162,6,7,1,353.45,3.74,3.26,10
2025-03-10,SKU025,Kit Skin,Beleza,Aplicativo,99.8,0,40.63,135,7,7,0,297.99,3.85,3.74,7
2025-03-10,SKU025,Kit Skin,Beleza,Marketplace,99.33,20,40.34,162,6,6,0,350.25,3.51,3.72,13
2025-03-10,SKU026,Perfume Bloom,Beleza,Site,108.48,15,41.96,385,16,20,1,313.05,4.49,3.58,31
2025-03-10,SKU026,Perfume Bloom,Beleza,Aplicativo,107.58,15,40.35,288,23,24,0,212.92,4.45,3.07,35
2025-03-10,SKU026,Perfume Bloom,Beleza,Marketplace,106.67,10,39.39,414,18,18,0,241.55,4.51,4.06,31
2025-03-10,SKU027,Secador Air,Beleza,Site,137.04,0,54.12,243,11,12,1,362.62,4.44,1.93,18
2025-03-10,SKU027,Secador Air,Beleza,Aplicativo,136.92,0,56.15,213,10,12,1,365.23,4.47,3.21,15
2025-03-10,SKU027,Secador Air,Beleza,Marketplace,138.69,0,54.82,239,10,7,2,381.65,4.39,4.86,7
2025-03-10,SKU028,Protetor Daily,Beleza,Site,138.43,5,55.62,216,11,13,0,169.19,3.83,3.5,18
2025-03-10,SKU028,Protetor Daily,Beleza,Aplicativo,142.63,25,55.81,230,8,10,0,339.96,3.69,2.96,19
2025-03-10,SKU028,Protetor Daily,Beleza,Marketplace,144.92,0,56.07,315,4,6,0,432.87,3.85,3.74,15
2025-03-10,SKU029,Escova Glow,Beleza,Site,93.43,15,38.24,212,15,19,0,224.16,4.63,3.56,21
2025-03-10,SKU029,Escova Glow,Beleza,Aplicativo,96.96,0,36.58,202,11,12,0,346.92,4.8,3.07,13
2025-03-10,SKU029,Escova Glow,Beleza,Marketplace,91.79,20,37.6,280,22,27,0,329.76,4.63,3.01,32
2025-03-10,SKU030,Sérum Vita,Beleza,Site,100.43,15,39.51,313,10,10,0,203.57,4.23,3.21,25
2025-03-10,SKU030,Sérum Vita,Beleza,Aplicativo,98.8,25,37.79,352,24,28,0,309.91,4.15,2.54,53
2025-03-10,SKU030,Sérum Vita,Beleza,Marketplace,95.08,20,39.24,431,19,22,0,305.05,4.25,4.0,25
2025-03-10,SKU031,Teclado Type,Informática,Site,617.32,15,397.64,252,5,6,0,258.91,4.09,3.68,12
2025-03-10,SKU031,Teclado Type,Informática,Aplicativo,604.56,20,404.56,195,7,9,1,180.41,4.06,3.19,15
2025-03-10,SKU031,Teclado Type,Informática,Marketplace,595.07,15,395.85,329,11,16,1,545.17,4.25,3.23,19
2025-03-10,SKU032,Mouse Click,Informática,Site,481.33,0,320.48,160,3,4,0,425.46,4.41,3.59,6
2025-03-10,SKU032,Mouse Click,Informática,Aplicativo,486.32,0,326.28,187,7,10,0,411.48,4.25,2.84,10
2025-03-10,SKU032,Mouse Click,Informática,Marketplace,486.06,5,312.15,194,2,3,0,344.34,4.39,3.6,8
2025-03-10,SKU033,Monitor View,Informática,Site,423.75,0,284.26,95,1,1,0,491.84,3.79,3.46,3
2025-03-10,SKU033,Monitor View,Informática,Aplicativo,415.04,25,284.52,75,6,3,0,116.1,3.76,3.24,3
2025-03-10,SKU033,Monitor View,Informática,Marketplace,410.29,10,281.53,92,3,3,0,319.42,3.75,3.98,4
2025-03-10,SKU034,SSD Fast,Informática,Site,676.25,10,448.4,100,3,3,0,268.57,4.48,3.97,4
2025-03-10,SKU034,SSD Fast,Informática,Aplicativo,665.4,15,457.11,110,6,5,0,318.42,4.39,4.37,5
2025-03-10,SKU034,SSD Fast,Informática,Marketplace,678.01,0,433.68,145,2,3,1,393.84,4.63,4.31,4
2025-03-10,SKU035,Hub Connect,Informática,Site,696.7,10,453.53,145,5,5,0,232.58,4.63,3.14,9
2025-03-10,SKU035,Hub Connect,Informática,Aplicativo,736.01,20,445.65,132,11,8,0,304.35,4.63,3.17,8
2025-03-10,SKU035,Hub Connect,Informática,Marketplace,719.12,10,445.83,167,6,4,0,325.13,4.68,3.55,4
2025-03-10,SKU036,Notebook Go,Informática,Site,541.01,25,353.86,270,8,10,1,343.57,4.1,3.14,19
2025-03-10,SKU036,Notebook Go,Informática,Aplicativo,529.26,10,353.56,244,8,8,0,238.15,3.91,2.16,16
2025-03-10,SKU036,Notebook Go,Informática,Marketplace,549.25,10,353.4,301,4,4,1,323.78,4.14,4.25,13
2025-03-10,SKU037,Bloco Criar,Infantil,Site,157.92,15,73.39,129,8,8,0,313.93,4.11,3.44,9
2025-03-10,SKU037,Bloco Criar,Infantil,Aplicativo,158.78,25,74.95,112,4,4,1,305.4,4.22,3.45,15
2025-03-10,SKU037,Bloco Criar,Infantil,Marketplace,157.18,5,76.28,155,8,8,1,397.06,4.25,4.07,8
2025-03-10,SKU038,Livro Descobrir,Infantil,Site,119.39,0,53.81,90,2,2,0,280.56,4.4,2.62,5
2025-03-10,SKU038,Livro Descobrir,Infantil,Aplicativo,118.32,5,54.29,63,5,5,0,326.49,4.47,2.28,7
2025-03-10,SKU038,Livro Descobrir,Infantil,Marketplace,116.53,5,56.37,103,1,1,0,468.22,4.46,4.07,7
2025-03-10,SKU039,Jogo Família,Infantil,Site,155.36,10,72.5,163,3,4,1,419.56,4.44,3.32,12
2025-03-10,SKU039,Jogo Família,Infantil,Aplicativo,158.91,20,76.3,104,6,6,0,179.23,4.48,3.11,12
2025-03-10,SKU039,Jogo Família,Infantil,Marketplace,153.53,0,75.18,180,8,8,0,417.09,4.49,4.21,12
2025-03-10,SKU040,Mochila Kids,Infantil,Site,128.51,0,62.55,154,7,7,0,247.22,4.64,3.47,7
2025-03-10,SKU040,Mochila Kids,Infantil,Aplicativo,128.36,10,59.3,148,6,6,1,206.79,4.12,3.12,14
2025-03-10,SKU040,Mochila Kids,Infantil,Marketplace,129.55,10,61.26,182,7,9,0,245.92,4.43,4.79,9
2025-03-10,SKU041,Pelúcia Nuvem,Infantil,Site,141.07,20,65.54,405,18,21,1,234.5,3.61,2.78,22
2025-03-10,SKU041,Pelúcia Nuvem,Infantil,Aplicativo,140.54,15,66.27,381,25,28,0,303.34,3.65,2.93,37
2025-03-10,SKU041,Pelúcia Nuvem,Infantil,Marketplace,144.76,5,68.77,613,26,26,2,398.72,3.67,4.85,26
2025-03-10,SKU042,Patinete Joy,Infantil,Site,94.08,15,45.7,224,19,20,2,205.32,4.16,2.76,20
2025-03-10,SKU042,Patinete Joy,Infantil,Aplicativo,99.6,0,46.89,191,12,14,1,271.46,4.18,3.48,14
2025-03-10,SKU042,Patinete Joy,Infantil,Marketplace,98.82,20,44.79,264,15,15,3,279.75,4.15,3.51,22
2025-03-10,SKU043,Cama Cozy,Pet,Site,89.02,0,37.82,357,12,13,0,228.39,3.54,3.76,18
2025-03-10,SKU043,Cama Cozy,Pet,Aplicativo,90.06,15,39.82,282,10,15,0,212.36,3.88,3.28,20
2025-03-10,SKU043,Cama Cozy,Pet,Marketplace,89.93,15,37.96,431,12,12,0,325.2,3.76,4.31,27
2025-03-10,SKU044,Fonte Fresh,Pet,Site,95.08,20,40.99,118,10,13,0,387.25,4.85,2.68,14
2025-03-10,SKU044,Fonte Fresh,Pet,Aplicativo,87.88,15,40.3,99,13,12,1,184.41,4.75,3.1,12
2025-03-10,SKU044,Fonte Fresh,Pet,Marketplace,88.51,15,40.92,128,9,11,0,238.89,4.75,3.68,11
2025-03-10,SKU045,Brinquedo Fun,Pet,Site,102.79,25,43.62,209,14,17,1,248.67,4.3,2.48,17
2025-03-10,SKU045,Brinquedo Fun,Pet,Aplicativo,103.76,10,44.53,166,7,8,0,203.17,4.42,3.47,17
2025-03-10,SKU045,Brinquedo Fun,Pet,Marketplace,101.17,10,43.39,206,10,12,0,375.27,4.29,3.91,13
2025-03-10,SKU046,Coleira Safe,Pet,Site,139.86,20,60.86,203,8,10,0,243.2,4.08,3.37,12
2025-03-10,SKU046,Coleira Safe,Pet,Aplicativo,141.41,5,60.6,157,13,13,0,214.0,4.37,2.17,13
2025-03-10,SKU046,Coleira Safe,Pet,Marketplace,136.64,5,60.89,235,10,11,0,315.2,4.06,2.98,11
2025-03-10,SKU047,Comedouro Smart,Pet,Site,86.71,10,36.47,277,14,17,0,289.32,4.11,3.64,20
2025-03-10,SKU047,Comedouro Smart,Pet,Aplicativo,80.86,15,37.62,218,13,13,0,226.51,4.17,3.26,19
2025-03-10,SKU047,Comedouro Smart,Pet,Marketplace,82.95,20,36.71,280,12,14,0,214.88,4.21,4.26,24
2025-03-10,SKU048,Kit Higiene,Pet,Site,141.59,5,61.59,506,16,16,2,197.03,4.38,3.08,41
2025-03-10,SKU048,Kit Higiene,Pet,Aplicativo,138.0,0,60.61,415,19,20,0,217.83,4.3,3.14,32
2025-03-10,SKU048,Kit Higiene,Pet,Marketplace,138.36,10,59.88,622,15,17,3,398.57,4.31,5.43,38
2025-03-17,SKU001,Fone Pulse,Áudio e vídeo,Site,329.39,15,196.47,280,12,15,0,426.64,4.84,3.21,27
2025-03-17,SKU001,Fone Pulse,Áudio e vídeo,Aplicativo,351.16,15,197.13,200,12,13,1,261.89,4.87,2.8,20
2025-03-17,SKU001,Fone Pulse,Áudio e vídeo,Marketplace,356.11,15,194.22,272,7,7,0,258.75,4.76,3.34,17
2025-03-17,SKU002,Caixa Wave,Áudio e vídeo,Site,279.4,15,158.76,375,18,21,1,315.72,4.82,3.34,27
2025-03-17,SKU002,Caixa Wave,Áudio e vídeo,Aplicativo,277.05,10,159.79,304,14,15,0,244.19,4.87,3.05,23
2025-03-17,SKU002,Caixa Wave,Áudio e vídeo,Marketplace,290.85,5,156.6,366,7,7,0,269.09,4.77,4.89,7
2025-03-17,SKU003,Webcam Focus,Áudio e vídeo,Site,412.93,15,229.68,230,10,11,0,181.78,3.75,2.21,15
2025-03-17,SKU003,Webcam Focus,Áudio e vídeo,Aplicativo,410.1,20,241.66,183,9,9,1,217.11,3.67,3.05,14
2025-03-17,SKU003,Webcam Focus,Áudio e vídeo,Marketplace,408.05,15,232.69,276,8,9,0,505.56,3.67,3.81,14
2025-03-17,SKU004,Microfone Voice,Áudio e vídeo,Site,338.38,15,191.94,123,5,6,1,190.03,4.76,3.12,10
2025-03-17,SKU004,Microfone Voice,Áudio e vídeo,Aplicativo,326.18,10,187.58,108,3,4,0,198.72,4.54,3.03,10
2025-03-17,SKU004,Microfone Voice,Áudio e vídeo,Marketplace,327.79,25,190.68,147,7,10,0,397.08,5.0,4.63,10
2025-03-17,SKU005,Soundbar One,Áudio e vídeo,Site,418.95,0,243.1,195,3,3,0,175.68,4.16,3.66,11
2025-03-17,SKU005,Soundbar One,Áudio e vídeo,Aplicativo,409.44,10,234.89,205,3,4,0,262.07,4.21,2.89,11
2025-03-17,SKU005,Soundbar One,Áudio e vídeo,Marketplace,417.56,0,232.99,284,6,7,0,352.87,4.13,3.79,12
2025-03-17,SKU006,Headset Play,Áudio e vídeo,Site,360.26,20,209.89,136,6,6,0,251.01,3.66,2.59,8
2025-03-17,SKU006,Headset Play,Áudio e vídeo,Aplicativo,367.56,0,201.59,114,2,3,0,135.95,3.61,2.52,5
2025-03-17,SKU006,Headset Play,Áudio e vídeo,Marketplace,371.67,5,215.86,151,3,3,0,339.51,3.56,2.93,8
2025-03-17,SKU007,Panela Chef,Casa e cozinha,Site,264.07,10,134.74,423,21,23,0,342.19,4.59,3.89,23
2025-03-17,SKU007,Panela Chef,Casa e cozinha,Aplicativo,254.95,30,133.3,331,25,28,0,240.81,4.44,4.23,30
2025-03-17,SKU007,Panela Chef,Casa e cozinha,Marketplace,252.37,25,132.78,507,25,28,2,333.23,4.49,3.98,32
2025-03-17,SKU008,Air Fryer Easy,Casa e cozinha,Site,300.69,0,159.79,182,8,9,0,274.63,4.56,3.16,11
2025-03-17,SKU008,Air Fryer Easy,Casa e cozinha,Aplicativo,319.25,5,159.02,134,10,9,1,201.84,4.69,2.47,9
2025-03-17,SKU008,Air Fryer Easy,Casa e cozinha,Marketplace,315.46,15,153.24,244,9,11,0,328.02,4.85,4.28,17
2025-03-17,SKU009,Jogo Mesa,Casa e cozinha,Site,202.12,10,105.74,235,8,10,0,345.96,4.16,2.77,18
2025-03-17,SKU009,Jogo Mesa,Casa e cozinha,Aplicativo,205.0,20,103.5,171,10,10,0,266.65,4.36,4.25,10
2025-03-17,SKU009,Jogo Mesa,Casa e cozinha,Marketplace,195.44,0,103.65,265,6,7,0,411.23,4.16,3.54,12
2025-03-17,SKU010,Luminária Aura,Casa e cozinha,Site,191.28,20,102.28,309,11,12,1,273.31,4.58,4.32,27
2025-03-17,SKU010,Luminária Aura,Casa e cozinha,Aplicativo,198.25,20,102.11,245,13,16,0,265.3,4.44,3.46,24
2025-03-17,SKU010,Luminária Aura,Casa e cozinha,Marketplace,196.03,10,101.2,365,17,20,1,307.32,4.43,3.6,27
2025-03-17,SKU011,Organizador Box,Casa e cozinha,Site,308.69,15,156.0,577,24,31,2,364.26,4.12,4.09,35
2025-03-17,SKU011,Organizador Box,Casa e cozinha,Aplicativo,290.66,0,158.78,446,22,22,2,175.52,3.99,1.97,35
2025-03-17,SKU011,Organizador Box,Casa e cozinha,Marketplace,293.82,0,157.34,648,26,31,0,361.33,4.23,3.16,38
2025-03-17,SKU012,Mixer Prático,Casa e cozinha,Site,239.42,0,119.59,147,2,2,0,238.36,3.86,1.82,10
2025-03-17,SKU012,Mixer Prático,Casa e cozinha,Aplicativo,235.76,10,120.09,146,7,8,1,239.82,3.81,3.02,9
2025-03-17,SKU012,Mixer Prático,Casa e cozinha,Marketplace,240.2,0,121.89,181,4,4,0,300.48,3.6,5.0,7
2025-03-17,SKU013,Tênis Run,Esporte,Site,188.25,5,100.49,224,6,7,1,295.17,3.76,3.03,13
2025-03-17,SKU013,Tênis Run,Esporte,Aplicativo,195.98,5,96.15,188,10,12,0,360.15,3.91,2.65,14
2025-03-17,SKU013,Tênis Run,Esporte,Marketplace,187.53,15,96.91,235,6,6,0,285.97,4.0,3.86,11
2025-03-17,SKU014,Mochila Trail,Esporte,Site,195.98,25,93.77,298,17,18,1,330.87,4.7,3.29,27
2025-03-17,SKU014,Mochila Trail,Esporte,Aplicativo,195.04,5,97.27,283,16,18,0,299.8,4.48,2.92,22
2025-03-17,SKU014,Mochila Trail,Esporte,Marketplace,194.3,15,96.19,416,20,21,0,526.05,4.83,3.51,32
2025-03-17,SKU015,Garrafa Move,Esporte,Site,180.38,20,86.56,120,10,11,0,265.5,4.71,3.06,12
2025-03-17,SKU015,Garrafa Move,Esporte,Aplicativo,177.04,10,86.27,106,3,3,0,328.92,4.74,3.33,7
2025-03-17,SKU015,Garrafa Move,Esporte,Marketplace,174.08,15,88.0,163,4,4,0,318.7,4.72,3.7,13
2025-03-17,SKU016,Tapete Zen,Esporte,Site,185.39,5,93.26,267,7,7,0,230.95,3.91,3.35,14
2025-03-17,SKU016,Tapete Zen,Esporte,Aplicativo,182.66,10,91.17,227,12,13,1,467.69,3.98,3.2,16
2025-03-17,SKU016,Tapete Zen,Esporte,Marketplace,189.06,0,92.95,303,3,3,0,467.69,3.9,4.55,11
2025-03-17,SKU017,Kit Funcional,Esporte,Site,166.25,0,78.77,382,13,16,1,421.4,4.01,2.69,16
2025-03-17,SKU017,Kit Funcional,Esporte,Aplicativo,162.69,20,75.74,302,16,18,0,353.78,3.75,3.39,19
2025-03-17,SKU017,Kit Funcional,Esporte,Marketplace,147.06,15,77.72,426,17,18,1,298.83,3.91,3.34,27
2025-03-17,SKU018,Relógio Fit,Esporte,Site,233.93,20,114.47,232,10,11,0,372.04,4.32,3.51,20
2025-03-17,SKU018,Relógio Fit,Esporte,Aplicativo,236.9,20,113.72,211,15,17,1,396.47,4.43,3.25,17
2025-03-17,SKU018,Relógio Fit,Esporte,Marketplace,225.85,25,113.12,290,15,16,0,394.79,4.41,4.93,18
2025-03-17,SKU019,Camiseta Urban,Moda,Site,183.69,15,77.71,141,6,7,0,251.33,4.1,4.01,10
2025-03-17,SKU019,Camiseta Urban,Moda,Aplicativo,183.25,10,79.06,104,5,6,0,159.76,4.11,3.22,8
2025-03-17,SKU019,Camiseta Urban,Moda,Marketplace,178.4,20,78.72,166,9,9,0,230.65,4.14,3.67,12
2025-03-17,SKU020,Calça Flex,Moda,Site,125.76,15,54.72,230,19,15,1,315.66,3.82,2.91,15
2025-03-17,SKU020,Calça Flex,Moda,Aplicativo,128.72,0,54.64,193,6,7,2,230.16,3.66,2.8,13
2025-03-17,SKU020,Calça Flex,Moda,Marketplace,132.69,10,55.94,280,6,6,0,376.45,3.7,4.39,15
2025-03-17,SKU021,Tênis Street,Moda,Site,159.32,10,68.7,181,8,8,2,260.89,4.37,3.5,12
2025-03-17,SKU021,Tênis Street,Moda,Aplicativo,152.23,15,68.66,193,14,15,2,264.15,4.37,3.38,21
2025-03-17,SKU021,Tênis Street,Moda,Marketplace,162.86,5,67.76,210,4,5,2,240.31,4.18,3.93,9
2025-03-17,SKU022,Jaqueta City,Moda,Site,176.12,15,72.24,293,11,12,2,367.96,4.16,3.21,22
2025-03-17,SKU022,Jaqueta City,Moda,Aplicativo,170.07,0,72.56,260,11,15,3,360.68,4.2,2.04,20
2025-03-17,SKU022,Jaqueta City,Moda,Marketplace,170.93,25,72.47,289,19,21,0,290.01,4.39,4.21,29
2025-03-17,SKU023,Bolsa Mini,Moda,Site,141.09,0,59.86,429,19,21,1,187.87,3.56,3.77,21
2025-03-17,SKU023,Bolsa Mini,Moda,Aplicativo,143.83,5,59.39,363,9,12,1,189.65,3.37,3.15,14
2025-03-17,SKU023,Bolsa Mini,Moda,Marketplace,140.68,5,59.66,492,18,19,0,264.13,3.57,3.62,19
2025-03-17,SKU024,Moletom Soft,Moda,Site,136.07,5,57.48,247,10,10,1,196.88,4.17,3.0,14
2025-03-17,SKU024,Moletom Soft,Moda,Aplicativo,135.9,0,57.1,222,7,7,1,367.72,4.03,2.46,14
2025-03-17,SKU024,Moletom Soft,Moda,Marketplace,138.46,25,56.98,282,9,9,0,284.44,4.26,4.48,22
2025-03-17,SKU025,Kit Skin,Beleza,Site,101.99,0,40.82,135,6,6,0,270.52,3.73,3.46,7
2025-03-17,SKU025,Kit Skin,Beleza,Aplicativo,106.93,10,40.28,147,9,9,0,278.6,3.51,2.74,10
2025-03-17,SKU025,Kit Skin,Beleza,Marketplace,99.42,25,39.73,206,8,8,1,513.85,3.67,4.61,15
2025-03-17,SKU026,Perfume Bloom,Beleza,Site,105.83,20,42.46,354,28,32,1,311.63,4.58,2.54,42
2025-03-17,SKU026,Perfume Bloom,Beleza,Aplicativo,106.6,0,42.12,284,22,27,1,172.79,4.32,2.6,28
2025-03-17,SKU026,Perfume Bloom,Beleza,Marketplace,105.4,5,42.4,426,18,20,1,172.19,4.35,5.18,26
2025-03-17,SKU027,Secador Air,Beleza,Site,142.94,10,53.99,229,11,13,0,216.38,4.56,3.51,19
2025-03-17,SKU027,Secador Air,Beleza,Aplicativo,136.12,10,55.52,201,9,9,0,282.32,4.39,2.73,25
2025-03-17,SKU027,Secador Air,Beleza,Marketplace,136.96,15,54.91,333,7,8,1,515.14,4.35,4.12,27
2025-03-17,SKU028,Protetor Daily,Beleza,Site,136.91,5,55.78,247,13,14,1,441.43,3.79,2.56,19
2025-03-17,SKU028,Protetor Daily,Beleza,Aplicativo,144.87,30,54.74,214,11,11,0,171.44,3.73,2.38,28
2025-03-17,SKU028,Protetor Daily,Beleza,Marketplace,143.11,15,54.87,303,9,9,1,496.81,3.66,3.73,15
2025-03-17,SKU029,Escova Glow,Beleza,Site,93.98,15,35.89,244,16,16,1,440.51,4.42,3.38,20
2025-03-17,SKU029,Escova Glow,Beleza,Aplicativo,93.15,0,36.34,215,13,11,0,275.15,4.39,2.65,11
2025-03-17,SKU029,Escova Glow,Beleza,Marketplace,95.46,0,36.22,313,9,11,0,446.44,4.27,3.57,18
2025-03-17,SKU030,Sérum Vita,Beleza,Site,102.6,10,38.04,381,20,23,1,240.82,4.16,2.25,30
2025-03-17,SKU030,Sérum Vita,Beleza,Aplicativo,94.5,15,37.23,266,22,26,0,255.42,4.21,2.25,33
2025-03-17,SKU030,Sérum Vita,Beleza,Marketplace,99.39,10,38.73,465,25,26,2,509.24,4.17,3.93,36
2025-03-17,SKU031,Teclado Type,Informática,Site,606.98,10,407.25,262,6,6,1,375.65,4.18,3.67,12
2025-03-17,SKU031,Teclado Type,Informática,Aplicativo,596.05,5,402.6,168,11,10,2,185.43,4.11,2.72,10
2025-03-17,SKU031,Teclado Type,Informática,Marketplace,589.77,15,412.42,314,8,10,3,443.68,4.09,2.81,16
2025-03-17,SKU032,Mouse Click,Informática,Site,485.98,20,314.6,177,6,6,0,236.76,4.29,3.3,10
2025-03-17,SKU032,Mouse Click,Informática,Aplicativo,490.23,0,315.2,126,5,5,1,160.22,4.48,3.58,6
2025-03-17,SKU032,Mouse Click,Informática,Marketplace,478.51,20,323.0,235,9,11,0,521.92,4.4,4.06,12
2025-03-17,SKU033,Monitor View,Informática,Site,422.4,10,273.36,76,3,3,0,285.97,3.67,3.15,3
2025-03-17,SKU033,Monitor View,Informática,Aplicativo,407.15,10,270.61,66,4,4,0,293.37,3.63,3.5,4
2025-03-17,SKU033,Monitor View,Informática,Marketplace,414.69,15,271.44,88,3,4,0,327.52,3.66,4.16,4
2025-03-17,SKU034,SSD Fast,Informática,Site,650.78,10,451.05,92,1,1,0,146.23,4.35,3.36,5
2025-03-17,SKU034,SSD Fast,Informática,Aplicativo,636.87,15,441.49,93,5,5,0,230.26,4.41,3.66,6
2025-03-17,SKU034,SSD Fast,Informática,Marketplace,679.92,0,437.19,134,4,4,0,331.83,4.42,4.36,4
2025-03-17,SKU035,Hub Connect,Informática,Site,719.33,0,453.52,145,5,6,1,422.83,4.57,2.03,6
2025-03-17,SKU035,Hub Connect,Informática,Aplicativo,696.79,20,453.05,117,6,7,1,232.46,4.57,3.34,8
2025-03-17,SKU035,Hub Connect,Informática,Marketplace,689.51,10,451.21,154,5,5,2,196.53,4.64,4.4,7
2025-03-17,SKU036,Notebook Go,Informática,Site,542.76,15,356.17,246,5,6,0,186.37,3.83,3.69,11
2025-03-17,SKU036,Notebook Go,Informática,Aplicativo,537.71,15,356.63,232,6,6,0,215.09,4.06,2.97,15
2025-03-17,SKU036,Notebook Go,Informática,Marketplace,529.35,0,348.35,366,9,9,1,583.57,4.02,3.98,11
2025-03-17,SKU037,Bloco Criar,Infantil,Site,159.19,5,72.36,136,5,5,0,298.04,4.12,2.99,10
2025-03-17,SKU037,Bloco Criar,Infantil,Aplicativo,161.36,10,75.91,95,6,6,0,212.17,3.95,2.8,6
2025-03-17,SKU037,Bloco Criar,Infantil,Marketplace,162.93,0,76.96,137,5,6,0,265.79,4.16,4.15,7
2025-03-17,SKU038,Livro Descobrir,Infantil,Site,115.18,20,53.97,94,5,6,0,308.23,4.29,2.77,9
2025-03-17,SKU038,Livro Descobrir,Infantil,Aplicativo,116.69,15,55.8,84,4,5,0,249.08,4.3,3.17,8
2025-03-17,SKU038,Livro Descobrir,Infantil,Marketplace,117.56,20,53.03,82,4,4,0,322.19,4.59,4.24,4
2025-03-17,SKU039,Jogo Família,Infantil,Site,158.14,0,73.66,150,5,5,0,294.27,4.68,3.0,10
2025-03-17,SKU039,Jogo Família,Infantil,Aplicativo,157.43,10,72.44,113,7,7,1,163.54,4.43,2.98,8
2025-03-17,SKU039,Jogo Família,Infantil,Marketplace,159.11,5,74.41,180,8,9,0,257.35,4.46,3.99,11
2025-03-17,SKU040,Mochila Kids,Infantil,Site,124.64,20,59.83,161,8,9,0,308.93,4.45,3.02,15
2025-03-17,SKU040,Mochila Kids,Infantil,Aplicativo,129.64,15,59.18,136,6,7,0,485.22,4.38,2.38,16
2025-03-17,SKU040,Mochila Kids,Infantil,Marketplace,117.87,0,59.25,214,9,10,0,428.44,4.35,4.77,10
2025-03-17,SKU041,Pelúcia Nuvem,Infantil,Site,149.67,5,66.29,487,11,12,0,444.79,3.53,3.39,23
2025-03-17,SKU041,Pelúcia Nuvem,Infantil,Aplicativo,135.37,10,67.39,446,18,20,0,370.25,3.66,1.92,36
2025-03-17,SKU041,Pelúcia Nuvem,Infantil,Marketplace,141.61,0,66.33,522,13,15,1,309.15,3.68,4.27,19
2025-03-17,SKU042,Patinete Joy,Infantil,Site,96.52,15,45.54,214,12,15,0,192.78,4.21,3.48,16
2025-03-17,SKU042,Patinete Joy,Infantil,Aplicativo,99.9,15,45.6,205,12,13,0,332.69,4.4,3.02,20
2025-03-17,SKU042,Patinete Joy,Infantil,Marketplace,96.59,15,46.12,251,11,14,0,193.22,4.21,3.04,17
2025-03-17,SKU043,Cama Cozy,Pet,Site,91.04,0,38.36,378,9,10,0,380.32,3.75,3.97,21
2025-03-17,SKU043,Cama Cozy,Pet,Aplicativo,88.9,10,38.61,300,16,18,0,215.06,3.68,2.64,23
2025-03-17,SKU043,Cama Cozy,Pet,Marketplace,90.94,25,37.38,385,8,9,1,309.11,3.73,4.31,20
2025-03-17,SKU044,Fonte Fresh,Pet,Site,90.35,0,39.89,135,8,9,0,208.63,4.89,3.58,11
2025-03-17,SKU044,Fonte Fresh,Pet,Aplicativo,91.59,10,38.69,96,10,8,0,175.99,4.88,3.03,8
2025-03-17,SKU044,Fonte Fresh,Pet,Marketplace,94.4,10,39.77,150,5,5,0,321.98,4.85,3.27,12
2025-03-17,SKU045,Brinquedo Fun,Pet,Site,103.83,25,43.25,184,11,11,0,216.07,4.25,2.88,17
2025-03-17,SKU045,Brinquedo Fun,Pet,Aplicativo,103.87,5,43.38,168,8,9,0,329.58,4.51,3.38,14
2025-03-17,SKU045,Brinquedo Fun,Pet,Marketplace,100.21,10,45.02,254,6,6,0,367.97,4.44,4.34,14
2025-03-17,SKU046,Coleira Safe,Pet,Site,137.52,15,62.97,211,11,12,0,236.14,4.24,3.88,14
2025-03-17,SKU046,Coleira Safe,Pet,Aplicativo,141.99,0,59.89,174,10,12,1,235.88,4.26,2.79,17
2025-03-17,SKU046,Coleira Safe,Pet,Marketplace,133.25,20,59.76,216,9,9,0,216.56,4.25,3.93,17
2025-03-17,SKU047,Comedouro Smart,Pet,Site,85.18,10,36.81,266,9,10,1,257.53,4.2,3.48,15
2025-03-17,SKU047,Comedouro Smart,Pet,Aplicativo,85.3,15,38.4,254,14,15,1,264.61,4.29,2.85,18
2025-03-17,SKU047,Comedouro Smart,Pet,Marketplace,84.72,10,38.16,320,7,10,0,237.02,4.26,4.17,17
2025-03-17,SKU048,Kit Higiene,Pet,Site,138.53,20,60.72,509,29,32,1,220.16,4.47,3.01,42
2025-03-17,SKU048,Kit Higiene,Pet,Aplicativo,130.22,15,59.49,428,34,39,1,203.97,4.33,2.08,62
2025-03-17,SKU048,Kit Higiene,Pet,Marketplace,133.85,0,61.8,567,21,25,3,265.68,4.43,3.9,34
2025-03-24,SKU001,Fone Pulse,Áudio e vídeo,Site,319.56,15,197.69,259,13,16,1,351.77,4.69,3.86,17
2025-03-24,SKU001,Fone Pulse,Áudio e vídeo,Aplicativo,342.99,10,198.48,201,12,12,0,241.82,4.75,4.23,12
2025-03-24,SKU001,Fone Pulse,Áudio e vídeo,Marketplace,351.09,5,195.66,327,9,9,1,336.46,4.68,3.85,13
2025-03-24,SKU002,Caixa Wave,Áudio e vídeo,Site,278.64,20,156.53,314,16,16,0,218.5,4.84,3.34,21
2025-03-24,SKU002,Caixa Wave,Áudio e vídeo,Aplicativo,267.65,5,161.17,298,14,14,0,182.65,4.97,3.21,26
2025-03-24,SKU002,Caixa Wave,Áudio e vídeo,Marketplace,280.11,5,158.1,422,10,12,0,291.77,4.68,4.78,16
2025-03-24,SKU003,Webcam Focus,Áudio e vídeo,Site,431.0,15,238.7,243,7,7,1,266.35,3.71,3.14,12
2025-03-24,SKU003,Webcam Focus,Áudio e vídeo,Aplicativo,428.2,15,236.47,187,8,9,1,300.97,3.7,2.84,11
2025-03-24,SKU003,Webcam Focus,Áudio e vídeo,Marketplace,432.1,0,241.36,272,4,6,0,256.17,3.7,4.01,9
2025-03-24,SKU004,Microfone Voice,Áudio e vídeo,Site,322.8,5,187.23,126,4,4,0,329.08,4.75,4.22,6
2025-03-24,SKU004,Microfone Voice,Áudio e vídeo,Aplicativo,313.95,20,184.19,102,10,11,1,262.85,4.9,2.51,11
2025-03-24,SKU004,Microfone Voice,Áudio e vídeo,Marketplace,337.51,10,191.49,150,8,6,0,279.13,4.93,4.03,6
2025-03-24,SKU005,Soundbar One,Áudio e vídeo,Site,426.27,5,241.34,200,2,3,0,245.23,4.07,3.13,12
2025-03-24,SKU005,Soundbar One,Áudio e vídeo,Aplicativo,423.18,25,231.96,184,13,13,1,322.63,4.1,2.0,13
2025-03-24,SKU005,Soundbar One,Áudio e vídeo,Marketplace,434.96,0,234.11,323,6,6,0,616.4,4.18,3.91,13
2025-03-24,SKU006,Headset Play,Áudio e vídeo,Site,362.1,10,209.99,157,7,9,0,381.89,3.68,2.64,9
2025-03-24,SKU006,Headset Play,Áudio e vídeo,Aplicativo,367.21,15,208.85,82,4,4,0,180.1,3.49,2.43,4
2025-03-24,SKU006,Headset Play,Áudio e vídeo,Marketplace,367.92,10,214.89,148,5,6,0,233.09,3.63,4.75,7
2025-03-24,SKU007,Panela Chef,Casa e cozinha,Site,265.85,0,132.72,453,13,15,0,358.08,4.48,3.66,20
2025-03-24,SKU007,Panela Chef,Casa e cozinha,Aplicativo,259.87,10,131.4,296,16,17,0,161.63,4.56,2.69,28
2025-03-24,SKU007,Panela Chef,Casa e cozinha,Marketplace,262.47,15,137.59,484,28,29,0,276.98,4.57,3.97,34
2025-03-24,SKU008,Air Fryer Easy,Casa e cozinha,Site,302.03,0,162.11,184,13,14,1,257.13,4.75,3.2,14
2025-03-24,SKU008,Air Fryer Easy,Casa e cozinha,Aplicativo,308.52,25,159.71,137,9,11,1,287.62,4.62,3.44,14
2025-03-24,SKU008,Air Fryer Easy,Casa e cozinha,Marketplace,309.73,15,156.58,247,14,16,0,350.29,4.79,3.32,19
2025-03-24,SKU009,Jogo Mesa,Casa e cozinha,Site,202.49,5,103.47,197,13,14,0,242.72,4.4,2.99,14
2025-03-24,SKU009,Jogo Mesa,Casa e cozinha,Aplicativo,202.58,10,102.09,177,8,8,0,225.03,4.16,3.4,11
2025-03-24,SKU009,Jogo Mesa,Casa e cozinha,Marketplace,200.7,15,102.04,214,5,7,0,258.72,4.08,2.96,16
2025-03-24,SKU010,Luminária Aura,Casa e cozinha,Site,191.35,0,101.12,290,10,11,0,210.5,4.3,2.89,19
2025-03-24,SKU010,Luminária Aura,Casa e cozinha,Aplicativo,193.62,15,101.11,251,19,20,1,279.35,4.32,2.67,20
2025-03-24,SKU010,Luminária Aura,Casa e cozinha,Marketplace,187.74,5,104.05,425,12,12,1,537.72,4.39,3.85,22
2025-03-24,SKU011,Organizador Box,Casa e cozinha,Site,304.33,0,154.59,578,18,22,3,315.76,4.04,2.17,32
2025-03-24,SKU011,Organizador Box,Casa e cozinha,Aplicativo,306.05,0,159.46,442,17,22,0,174.41,4.05,2.51,33
2025-03-24,SKU011,Organizador Box,Casa e cozinha,Marketplace,309.49,10,157.84,646,13,14,0,270.96,3.89,4.1,35
2025-03-24,SKU012,Mixer Prático,Casa e cozinha,Site,235.85,5,125.08,184,11,12,1,257.57,4.09,2.43,14
2025-03-24,SKU012,Mixer Prático,Casa e cozinha,Aplicativo,237.43,0,123.32,161,7,7,0,164.27,3.82,2.66,10
2025-03-24,SKU012,Mixer Prático,Casa e cozinha,Marketplace,236.96,5,124.51,214,5,5,0,421.1,3.86,3.71,9
2025-03-24,SKU013,Tênis Run,Esporte,Site,195.85,20,96.41,219,11,11,0,564.22,4.15,3.41,15
2025-03-24,SKU013,Tênis Run,Esporte,Aplicativo,196.61,5,96.67,167,8,8,1,235.0,3.85,2.51,12
2025-03-24,SKU013,Tênis Run,Esporte,Marketplace,194.78,0,97.7,268,6,7,0,464.98,3.69,4.61,9
2025-03-24,SKU014,Mochila Trail,Esporte,Site,188.68,10,92.82,344,19,21,2,271.58,4.65,2.81,28
2025-03-24,SKU014,Mochila Trail,Esporte,Aplicativo,193.38,5,93.39,251,9,10,0,219.05,4.68,3.53,23
2025-03-24,SKU014,Mochila Trail,Esporte,Marketplace,192.98,5,94.97,393,6,7,2,424.75,4.68,5.06,17
2025-03-24,SKU015,Garrafa Move,Esporte,Site,179.19,0,87.88,143,5,6,1,377.54,4.69,2.72,11
2025-03-24,SKU015,Garrafa Move,Esporte,Aplicativo,181.86,15,88.21,104,3,4,0,225.73,4.54,2.82,10
2025-03-24,SKU015,Garrafa Move,Esporte,Marketplace,180.89,15,86.63,179,5,7,0,490.1,4.59,4.09,13
2025-03-24,SKU016,Tapete Zen,Esporte,Site,195.32,10,89.82,263,9,10,0,284.11,4.06,2.72,16
2025-03-24,SKU016,Tapete Zen,Esporte,Aplicativo,184.89,0,89.39,220,11,10,1,205.29,3.97,3.31,10
2025-03-24,SKU016,Tapete Zen,Esporte,Marketplace,190.5,5,92.54,284,4,4,0,308.22,3.98,4.36,13
2025-03-24,SKU017,Kit Funcional,Esporte,Site,162.75,15,78.72,390,20,23,2,266.95,3.75,2.49,26
2025-03-24,SKU017,Kit Funcional,Esporte,Aplicativo,163.89,5,78.88,337,9,10,0,317.66,3.93,1.83,23
2025-03-24,SKU017,Kit Funcional,Esporte,Marketplace,159.12,10,81.27,447,8,9,0,504.61,3.78,4.3,15
2025-03-24,SKU018,Relógio Fit,Esporte,Site,232.73,0,111.21,243,9,10,0,292.06,4.54,3.9,11
2025-03-24,SKU018,Relógio Fit,Esporte,Aplicativo,230.59,20,114.71,185,9,11,0,238.79,4.57,3.37,11
2025-03-24,SKU018,Relógio Fit,Esporte,Marketplace,234.27,5,114.94,254,3,4,0,347.12,4.47,4.7,12
2025-03-24,SKU019,Camiseta Urban,Moda,Site,187.27,10,76.86,167,4,4,0,280.33,4.17,3.57,11
2025-03-24,SKU019,Camiseta Urban,Moda,Aplicativo,174.68,10,78.77,123,11,11,0,220.61,4.17,2.66,11
2025-03-24,SKU019,Camiseta Urban,Moda,Marketplace,184.45,10,78.22,153,6,7,0,190.77,4.15,4.3,8
2025-03-24,SKU020,Calça Flex,Moda,Site,126.11,20,54.83,224,13,16,3,205.5,3.68,3.58,16
2025-03-24,SKU020,Calça Flex,Moda,Aplicativo,127.47,20,56.02,169,10,11,1,259.91,3.64,3.76,13
2025-03-24,SKU020,Calça Flex,Moda,Marketplace,119.94,0,54.68,284,4,4,1,464.77,3.71,3.67,16
2025-03-24,SKU021,Tênis Street,Moda,Site,155.26,5,67.56,196,6,7,1,291.64,4.4,3.34,14
2025-03-24,SKU021,Tênis Street,Moda,Aplicativo,148.28,10,64.61,186,12,14,2,248.32,4.34,3.6,17
2025-03-24,SKU021,Tênis Street,Moda,Marketplace,151.65,5,68.4,263,9,11,0,408.73,4.43,3.74,11
2025-03-24,SKU022,Jaqueta City,Moda,Site,170.24,0,74.27,251,7,8,1,262.05,4.18,2.67,18
2025-03-24,SKU022,Jaqueta City,Moda,Aplicativo,164.45,15,71.56,209,22,23,1,228.2,4.39,2.25,31
2025-03-24,SKU022,Jaqueta City,Moda,Marketplace,174.93,10,71.42,311,11,13,3,386.94,4.25,5.74,15
2025-03-24,SKU023,Bolsa Mini,Moda,Site,146.94,0,60.76,476,13,14,1,373.47,3.61,2.8,27
2025-03-24,SKU023,Bolsa Mini,Moda,Aplicativo,145.51,20,59.19,330,19,21,2,147.61,3.73,2.64,31
2025-03-24,SKU023,Bolsa Mini,Moda,Marketplace,149.07,5,60.82,569,19,22,0,427.98,3.7,4.13,22
2025-03-24,SKU024,Moletom Soft,Moda,Site,135.38,20,57.7,274,20,18,1,507.7,4.14,3.98,18
2025-03-24,SKU024,Moletom Soft,Moda,Aplicativo,135.68,30,55.72,180,7,8,1,158.77,4.02,3.55,20
2025-03-24,SKU024,Moletom Soft,Moda,Marketplace,136.55,15,57.61,302,8,9,1,328.82,4.14,3.3,19
2025-03-24,SKU025,Kit Skin,Beleza,Site,97.08,10,39.94,131,4,4,0,352.24,3.62,2.74,12
2025-03-24,SKU025,Kit Skin,Beleza,Aplicativo,104.3,10,39.72,121,6,7,0,253.14,3.7,2.72,10
2025-03-24,SKU025,Kit Skin,Beleza,Marketplace,101.54,5,40.38,168,4,5,0,457.62,3.66,4.9,7
2025-03-24,SKU026,Perfume Bloom,Beleza,Site,111.71,25,41.61,374,29,30,0,382.37,4.51,3.23,36
2025-03-24,SKU026,Perfume Bloom,Beleza,Aplicativo,106.75,15,41.76,294,17,20,2,238.29,4.52,2.79,26
2025-03-24,SKU026,Perfume Bloom,Beleza,Marketplace,104.69,20,41.75,391,15,16,2,192.77,4.42,3.92,30
2025-03-24,SKU027,Secador Air,Beleza,Site,142.57,15,54.79,230,10,12,2,309.52,4.66,3.07,22
2025-03-24,SKU027,Secador Air,Beleza,Aplicativo,140.34,10,56.55,173,14,15,0,260.94,4.41,2.56,21
2025-03-24,SKU027,Secador Air,Beleza,Marketplace,140.2,15,52.11,278,13,16,0,350.27,4.29,4.27,19
2025-03-24,SKU028,Protetor Daily,Beleza,Site,140.37,20,52.81,199,5,6,0,241.58,3.69,3.22,18
2025-03-24,SKU028,Protetor Daily,Beleza,Aplicativo,138.07,10,54.61,200,9,10,0,167.43,3.85,2.99,20
2025-03-24,SKU028,Protetor Daily,Beleza,Marketplace,143.26,5,56.13,268,10,11,0,352.04,3.73,3.84,17
2025-03-24,SKU029,Escova Glow,Beleza,Site,94.94,10,37.1,251,12,13,0,237.42,4.54,4.05,16
2025-03-24,SKU029,Escova Glow,Beleza,Aplicativo,95.44,10,35.59,193,19,19,0,289.17,4.64,3.04,19
2025-03-24,SKU029,Escova Glow,Beleza,Marketplace,94.32,5,37.01,293,12,12,0,437.13,4.47,4.23,17
2025-03-24,SKU030,Sérum Vita,Beleza,Site,98.02,10,38.74,394,12,13,1,317.98,4.16,4.16,32
2025-03-24,SKU030,Sérum Vita,Beleza,Aplicativo,96.1,10,39.96,315,16,17,0,243.96,4.27,2.65,32
2025-03-24,SKU030,Sérum Vita,Beleza,Marketplace,96.66,5,38.47,507,14,16,0,638.26,4.15,5.02,23
2025-03-24,SKU031,Teclado Type,Informática,Site,603.33,20,405.71,223,7,9,0,313.42,4.4,3.09,15
2025-03-24,SKU031,Teclado Type,Informática,Aplicativo,609.34,25,396.9,207,4,4,0,176.77,4.17,3.17,14
2025-03-24,SKU031,Teclado Type,Informática,Marketplace,606.89,25,396.86,252,6,7,0,300.51,4.2,4.08,13
2025-03-24,SKU032,Mouse Click,Informática,Site,497.16,10,329.54,173,2,4,0,213.61,4.49,3.34,10
2025-03-24,SKU032,Mouse Click,Informática,Aplicativo,486.26,0,327.39,146,7,8,1,186.25,4.51,2.65,8
2025-03-24,SKU032,Mouse Click,Informática,Marketplace,481.42,15,320.22,215,6,7,0,501.25,4.32,4.23,11
2025-03-24,SKU033,Monitor View,Informática,Site,415.67,10,281.1,69,1,1,0,362.96,3.68,3.82,3
2025-03-24,SKU033,Monitor View,Informática,Aplicativo,427.35,5,274.48,60,3,2,0,178.94,3.65,3.2,2
2025-03-24,SKU033,Monitor View,Informática,Marketplace,410.87,20,279.35,92,1,1,0,236.96,3.63,3.52,3
2025-03-24,SKU034,SSD Fast,Informática,Site,673.44,15,450.64,121,7,7,0,427.52,4.42,2.66,8
2025-03-24,SKU034,SSD Fast,Informática,Aplicativo,659.63,5,454.18,70,3,4,0,174.22,4.36,2.08,4
2025-03-24,SKU034,SSD Fast,Informática,Marketplace,684.05,5,444.65,141,4,5,1,242.84,4.44,3.69,6
2025-03-24,SKU035,Hub Connect,Informática,Site,704.31,5,449.02,166,6,7,0,277.15,4.67,3.75,8
2025-03-24,SKU035,Hub Connect,Informática,Aplicativo,704.07,20,451.5,135,6,7,0,131.77,4.67,3.0,11
2025-03-24,SKU035,Hub Connect,Informática,Marketplace,706.36,10,457.22,169,8,8,0,323.67,4.54,4.26,8
2025-03-24,SKU036,Notebook Go,Informática,Site,519.4,0,349.95,253,5,6,0,259.57,3.7,3.61,9
2025-03-24,SKU036,Notebook Go,Informática,Aplicativo,524.81,0,342.53,207,6,6,0,294.7,3.85,2.6,10
2025-03-24,SKU036,Notebook Go,Informática,Marketplace,526.08,30,349.65,307,13,15,0,262.66,4.03,3.91,19
2025-03-24,SKU037,Bloco Criar,Infantil,Site,153.29,5,74.15,101,2,2,0,170.08,4.22,3.23,6
2025-03-24,SKU037,Bloco Criar,Infantil,Aplicativo,167.18,30,72.99,92,6,6,0,228.46,4.12,3.26,9
2025-03-24,SKU037,Bloco Criar,Infantil,Marketplace,159.3,10,73.43,143,5,7,1,274.39,4.21,4.45,8
2025-03-24,SKU038,Livro Descobrir,Infantil,Site,116.7,5,56.32,80,5,5,0,417.98,4.24,2.71,7
2025-03-24,SKU038,Livro Descobrir,Infantil,Aplicativo,119.49,20,55.57,66,1,1,0,282.11,4.42,2.7,7
2025-03-24,SKU038,Livro Descobrir,Infantil,Marketplace,113.37,15,56.5,88,7,6,0,286.11,4.27,3.68,6
2025-03-24,SKU039,Jogo Família,Infantil,Site,156.57,10,74.1,173,3,4,1,340.39,4.36,4.03,12
2025-03-24,SKU039,Jogo Família,Infantil,Aplicativo,167.95,0,74.01,124,5,6,1,346.87,4.58,3.15,10
2025-03-24,SKU039,Jogo Família,Infantil,Marketplace,151.09,10,74.52,183,6,6,0,252.73,4.53,3.8,14
2025-03-24,SKU040,Mochila Kids,Infantil,Site,130.29,0,58.51,170,7,7,0,288.51,4.24,2.72,7
2025-03-24,SKU040,Mochila Kids,Infantil,Aplicativo,127.8,10,58.55,115,3,3,0,211.96,4.34,2.17,12
2025-03-24,SKU040,Mochila Kids,Infantil,Marketplace,120.29,0,59.29,183,8,9,2,418.38,4.42,4.67,9
2025-03-24,SKU041,Pelúcia Nuvem,Infantil,Site,139.0,10,65.33,403,21,24,0,279.13,3.74,3.34,25
2025-03-24,SKU041,Pelúcia Nuvem,Infantil,Aplicativo,144.19,10,63.5,363,19,25,1,243.55,3.62,2.97,30
2025-03-24,SKU041,Pelúcia Nuvem,Infantil,Marketplace,152.72,5,66.2,492,16,16,0,244.73,3.8,5.35,16
2025-03-24,SKU042,Patinete Joy,Infantil,Site,93.41,20,45.45,243,21,22,0,312.57,4.41,4.06,22
2025-03-24,SKU042,Patinete Joy,Infantil,Aplicativo,96.68,25,47.16,181,16,16,0,268.78,4.31,2.53,24
2025-03-24,SKU042,Patinete Joy,Infantil,Marketplace,97.45,10,46.36,302,8,10,0,501.44,4.13,3.8,15
2025-03-24,SKU043,Cama Cozy,Pet,Site,90.98,20,40.53,369,20,22,0,296.6,3.73,3.17,26
2025-03-24,SKU043,Cama Cozy,Pet,Aplicativo,89.18,5,40.27,298,13,17,2,187.48,3.56,3.06,20
2025-03-24,SKU043,Cama Cozy,Pet,Marketplace,86.74,15,39.03,434,20,23,1,316.69,3.86,4.28,26
2025-03-24,SKU044,Fonte Fresh,Pet,Site,87.82,0,40.03,111,8,8,0,187.59,4.85,2.98,8
2025-03-24,SKU044,Fonte Fresh,Pet,Aplicativo,92.07,10,39.35,105,3,3,0,333.61,4.77,3.58,6
2025-03-24,SKU044,Fonte Fresh,Pet,Marketplace,89.79,20,39.79,186,8,10,0,527.11,4.9,4.36,12
2025-03-24,SKU045,Brinquedo Fun,Pet,Site,96.03,5,43.61,231,14,16,0,365.49,4.38,2.63,16
2025-03-24,SKU045,Brinquedo Fun,Pet,Aplicativo,101.47,15,43.83,165,14,16,0,246.2,4.44,3.43,16
2025-03-24,SKU045,Brinquedo Fun,Pet,Marketplace,100.7,20,44.69,222,10,12,0,272.99,4.34,3.73,19
2025-03-24,SKU046,Coleira Safe,Pet,Site,140.99,15,60.61,211,10,10,2,337.27,4.1,3.27,19
2025-03-24,SKU046,Coleira Safe,Pet,Aplicativo,136.09,20,61.38,156,8,10,0,236.22,4.08,2.93,15
2025-03-24,SKU046,Coleira Safe,Pet,Marketplace,145.16,15,59.56,280,11,14,0,373.61,4.22,4.79,15
2025-03-24,SKU047,Comedouro Smart,Pet,Site,86.1,20,37.66,262,4,4,0,380.12,4.43,4.28,23
2025-03-24,SKU047,Comedouro Smart,Pet,Aplicativo,87.34,0,36.2,259,6,6,0,305.1,4.25,2.04,20
2025-03-24,SKU047,Comedouro Smart,Pet,Marketplace,84.35,0,39.14,274,7,10,0,264.15,4.42,4.31,15
2025-03-24,SKU048,Kit Higiene,Pet,Site,136.21,0,61.73,469,13,15,1,166.47,4.44,3.15,36
2025-03-24,SKU048,Kit Higiene,Pet,Aplicativo,142.68,0,58.48,423,26,30,1,233.29,4.27,2.71,33
2025-03-24,SKU048,Kit Higiene,Pet,Marketplace,141.51,10,58.98,557,20,24,1,206.66,4.34,4.47,34
2025-03-31,SKU001,Fone Pulse,Áudio e vídeo,Site,349.75,5,202.97,222,11,10,0,167.69,4.75,3.52,10
2025-03-31,SKU001,Fone Pulse,Áudio e vídeo,Aplicativo,357.24,10,199.55,205,12,15,0,278.46,4.92,2.93,15
2025-03-31,SKU001,Fone Pulse,Áudio e vídeo,Marketplace,348.16,20,193.46,278,7,8,0,326.52,4.51,4.18,18
2025-03-31,SKU002,Caixa Wave,Áudio e vídeo,Site,268.37,5,156.77,411,17,20,0,426.25,4.75,2.59,26
2025-03-31,SKU002,Caixa Wave,Áudio e vídeo,Aplicativo,278.43,0,162.05,276,9,9,1,177.65,5.0,3.13,22
2025-03-31,SKU002,Caixa Wave,Áudio e vídeo,Marketplace,274.88,0,161.03,394,11,12,0,373.31,4.88,4.54,16
2025-03-31,SKU003,Webcam Focus,Áudio e vídeo,Site,394.48,0,236.67,234,3,5,0,459.04,3.65,3.47,9
2025-03-31,SKU003,Webcam Focus,Áudio e vídeo,Aplicativo,407.75,0,226.78,166,8,10,1,184.24,3.65,2.67,10
2025-03-31,SKU003,Webcam Focus,Áudio e vídeo,Marketplace,404.33,0,243.42,261,6,8,0,261.23,3.71,3.01,10
2025-03-31,SKU004,Microfone Voice,Áudio e vídeo,Site,329.81,5,192.33,160,10,10,0,329.14,4.84,2.51,10
2025-03-31,SKU004,Microfone Voice,Áudio e vídeo,Aplicativo,326.11,0,190.98,95,8,7,2,196.15,4.89,3.33,7
2025-03-31,SKU004,Microfone Voice,Áudio e vídeo,Marketplace,333.94,5,190.26,174,6,8,0,361.72,4.68,3.92,8
2025-03-31,SKU005,Soundbar One,Áudio e vídeo,Site,423.89,10,237.8,239,9,9,0,302.2,4.08,3.47,9
2025-03-31,SKU005,Soundbar One,Áudio e vídeo,Aplicativo,419.95,10,235.69,141,8,11,0,188.64,4.17,2.71,11
2025-03-31,SKU005,Soundbar One,Áudio e vídeo,Marketplace,421.72,0,242.64,227,8,9,0,311.53,4.18,4.81,9
2025-03-31,SKU006,Headset Play,Áudio e vídeo,Site,371.29,15,211.25,128,7,6,0,208.77,3.61,3.83,6
2025-03-31,SKU006,Headset Play,Áudio e vídeo,Aplicativo,360.12,5,211.98,134,7,8,0,209.01,3.73,2.07,11
2025-03-31,SKU006,Headset Play,Áudio e vídeo,Marketplace,368.16,10,214.28,168,7,8,1,427.01,3.54,4.52,8
2025-03-31,SKU007,Panela Chef,Casa e cozinha,Site,254.54,0,139.31,397,25,22,1,242.24,4.61,3.34,22
2025-03-31,SKU007,Panela Chef,Casa e cozinha,Aplicativo,247.03,10,130.8,371,22,25,0,280.96,4.47,3.05,38
2025-03-31,SKU007,Panela Chef,Casa e cozinha,Marketplace,259.61,10,133.71,527,21,27,2,446.46,4.54,4.55,33
2025-03-31,SKU008,Air Fryer Easy,Casa e cozinha,Site,293.69,15,154.39,183,10,11,0,280.26,4.7,3.61,15
2025-03-31,SKU008,Air Fryer Easy,Casa e cozinha,Aplicativo,311.25,5,160.58,136,3,3,0,209.43,4.87,3.95,9
2025-03-31,SKU008,Air Fryer Easy,Casa e cozinha,Marketplace,295.35,5,150.0,225,5,5,0,375.91,4.72,4.05,13
2025-03-31,SKU009,Jogo Mesa,Casa e cozinha,Site,205.01,15,105.0,208,15,16,2,214.29,4.2,3.2,16
2025-03-31,SKU009,Jogo Mesa,Casa e cozinha,Aplicativo,201.67,10,104.15,168,8,8,0,338.33,4.13,1.74,12
2025-03-31,SKU009,Jogo Mesa,Casa e cozinha,Marketplace,190.74,0,104.2,240,0,0,0,277.75,4.2,5.27,5
2025-03-31,SKU010,Luminária Aura,Casa e cozinha,Site,190.46,25,102.79,311,21,26,2,169.97,4.46,2.91,32
2025-03-31,SKU010,Luminária Aura,Casa e cozinha,Aplicativo,200.67,10,102.64,273,9,11,0,365.98,4.57,3.13,24
2025-03-31,SKU010,Luminária Aura,Casa e cozinha,Marketplace,193.67,0,99.83,363,9,10,0,394.54,4.34,3.79,17
2025-03-31,SKU011,Organizador Box,Casa e cozinha,Site,295.3,20,159.59,554,21,22,1,307.68,3.93,3.04,22
2025-03-31,SKU011,Organizador Box,Casa e cozinha,Aplicativo,304.21,0,160.28,498,15,16,0,280.15,3.81,2.99,27
2025-03-31,SKU011,Organizador Box,Casa e cozinha,Marketplace,302.27,5,161.37,642,22,26,1,303.84,4.1,4.14,34
2025-03-31,SKU012,Mixer Prático,Casa e cozinha,Site,248.04,0,126.13,184,7,8,0,212.95,3.8,3.41,8
2025-03-31,SKU012,Mixer Prático,Casa e cozinha,Aplicativo,241.07,0,123.7,160,5,5,2,304.54,3.75,2.9,11
2025-03-31,SKU012,Mixer Prático,Casa e cozinha,Marketplace,239.35,10,124.18,200,8,7,0,272.09,4.02,4.69,7
2025-03-31,SKU013,Tênis Run,Esporte,Site,192.81,5,97.06,229,6,8,0,309.08,3.73,2.97,13
2025-03-31,SKU013,Tênis Run,Esporte,Aplicativo,198.71,10,95.8,173,8,9,1,201.94,3.89,1.95,11
2025-03-31,SKU013,Tênis Run,Esporte,Marketplace,193.94,15,96.36,252,5,6,2,258.39,3.72,4.01,14
2025-03-31,SKU014,Mochila Trail,Esporte,Site,187.07,10,93.26,297,13,15,1,192.06,4.81,2.6,27
2025-03-31,SKU014,Mochila Trail,Esporte,Aplicativo,195.28,5,94.18,240,10,14,0,158.63,4.64,3.5,16
2025-03-31,SKU014,Mochila Trail,Esporte,Marketplace,193.57,20,95.78,359,17,18,0,207.49,4.93,4.55,28
2025-03-31,SKU015,Garrafa Move,Esporte,Site,175.11,0,88.67,114,3,3,0,386.51,4.52,3.28,4
2025-03-31,SKU015,Garrafa Move,Esporte,Aplicativo,176.95,20,87.0,81,5,6,0,213.08,4.62,3.21,7
2025-03-31,SKU015,Garrafa Move,Esporte,Marketplace,176.14,20,84.73,134,8,10,0,448.35,4.59,3.91,10
2025-03-31,SKU016,Tapete Zen,Esporte,Site,181.47,5,90.49,282,11,11,1,353.61,4.06,3.53,14
2025-03-31,SKU016,Tapete Zen,Esporte,Aplicativo,182.76,5,92.98,184,6,7,1,148.63,3.84,4.06,8
2025-03-31,SKU016,Tapete Zen,Esporte,Marketplace,184.91,20,91.46,315,14,15,2,397.01,3.97,4.05,15
2025-03-31,SKU017,Kit Funcional,Esporte,Site,164.61,15,82.82,331,15,17,0,145.68,3.8,3.5,18
2025-03-31,SKU017,Kit Funcional,Esporte,Aplicativo,171.06,0,78.81,285,11,12,0,294.39,3.84,1.95,18
2025-03-31,SKU017,Kit Funcional,Esporte,Marketplace,155.08,0,76.85,423,11,12,1,307.91,3.82,3.86,16
2025-03-31,SKU018,Relógio Fit,Esporte,Site,235.21,15,116.29,217,5,5,0,240.09,4.51,4.1,16
2025-03-31,SKU018,Relógio Fit,Esporte,Aplicativo,231.27,0,112.28,193,7,9,0,207.27,4.31,1.96,16
2025-03-31,SKU018,Relógio Fit,Esporte,Marketplace,223.83,10,115.71,301,13,16,0,326.97,4.38,3.66,19
2025-03-31,SKU019,Camiseta Urban,Moda,Site,185.38,20,74.89,139,11,13,1,193.03,4.22,2.95,14
2025-03-31,SKU019,Camiseta Urban,Moda,Aplicativo,175.54,20,79.01,104,5,5,1,207.52,4.06,2.19,16
2025-03-31,SKU019,Camiseta Urban,Moda,Marketplace,182.97,10,78.61,154,5,6,0,358.34,4.12,4.54,9
2025-03-31,SKU020,Calça Flex,Moda,Site,126.39,15,55.05,206,8,9,1,311.26,3.61,2.9,17
2025-03-31,SKU020,Calça Flex,Moda,Aplicativo,131.87,15,55.1,222,9,10,1,442.6,3.79,2.76,21
2025-03-31,SKU020,Calça Flex,Moda,Marketplace,128.53,5,54.58,223,4,5,0,271.65,3.79,4.49,11
2025-03-31,SKU021,Tênis Street,Moda,Site,162.38,5,66.45,188,7,10,1,292.55,4.17,2.35,13
2025-03-31,SKU021,Tênis Street,Moda,Aplicativo,158.27,20,67.76,169,11,12,0,274.81,4.29,3.91,17
2025-03-31,SKU021,Tênis Street,Moda,Marketplace,158.84,15,64.3,221,7,8,0,391.27,4.31,4.51,17
2025-03-31,SKU022,Jaqueta City,Moda,Site,165.03,20,74.55,255,14,14,2,268.15,4.46,2.86,24
2025-03-31,SKU022,Jaqueta City,Moda,Aplicativo,169.97,10,69.3,217,7,7,2,216.37,4.38,3.03,21
2025-03-31,SKU022,Jaqueta City,Moda,Marketplace,170.41,0,74.59,319,9,10,0,391.16,4.21,3.69,16
2025-03-31,SKU023,Bolsa Mini,Moda,Site,139.21,10,60.07,504,19,21,4,341.88,3.45,2.46,31
2025-03-31,SKU023,Bolsa Mini,Moda,Aplicativo,145.3,5,62.24,413,9,9,0,297.71,3.66,3.86,23
2025-03-31,SKU023,Bolsa Mini,Moda,Marketplace,141.9,25,60.49,565,26,31,2,490.01,3.78,3.51,52
2025-03-31,SKU024,Moletom Soft,Moda,Site,129.59,10,56.89,288,15,16,4,568.69,4.09,3.27,24
2025-03-31,SKU024,Moletom Soft,Moda,Aplicativo,127.04,15,58.09,200,18,18,2,281.71,4.31,3.08,18
2025-03-31,SKU024,Moletom Soft,Moda,Marketplace,133.13,5,56.33,321,11,14,0,447.9,4.1,4.61,14
2025-03-31,SKU025,Kit Skin,Beleza,Site,101.77,10,39.88,151,9,10,1,515.57,3.79,2.58,12
2025-03-31,SKU025,Kit Skin,Beleza,Aplicativo,103.97,0,40.23,100,4,5,0,161.21,3.55,2.77,6
2025-03-31,SKU025,Kit Skin,Beleza,Marketplace,102.45,25,40.84,210,8,10,0,543.79,3.84,3.42,16
2025-03-31,SKU026,Perfume Bloom,Beleza,Site,110.79,10,41.46,370,17,22,0,278.67,4.54,3.53,33
2025-03-31,SKU026,Perfume Bloom,Beleza,Aplicativo,104.63,20,41.84,352,32,37,1,352.18,4.5,2.76,50
2025-03-31,SKU026,Perfume Bloom,Beleza,Marketplace,103.97,10,42.27,511,21,25,0,466.79,4.35,3.72,47
2025-03-31,SKU027,Secador Air,Beleza,Site,134.56,0,55.08,236,13,14,1,299.53,4.42,2.91,20
2025-03-31,SKU027,Secador Air,Beleza,Aplicativo,136.13,15,52.66,186,11,12,0,258.87,4.57,3.04,26
2025-03-31,SKU027,Secador Air,Beleza,Marketplace,138.9,15,53.17,275,21,24,0,357.82,4.29,4.49,24
2025-03-31,SKU028,Protetor Daily,Beleza,Site,135.53,10,56.08,250,4,5,0,271.58,3.77,3.95,13
2025-03-31,SKU028,Protetor Daily,Beleza,Aplicativo,146.39,10,56.73,186,11,14,0,150.11,3.77,3.04,14
2025-03-31,SKU028,Protetor Daily,Beleza,Marketplace,140.76,10,55.32,295,11,12,0,492.89,3.61,4.69,14
2025-03-31,SKU029,Escova Glow,Beleza,Site,98.03,10,37.03,201,7,9,0,172.9,4.66,2.8,15
2025-03-31,SKU029,Escova Glow,Beleza,Aplicativo,90.88,15,36.84,213,16,18,1,341.44,4.41,2.43,29
2025-03-31,SKU029,Escova Glow,Beleza,Marketplace,93.77,5,36.39,284,11,11,0,367.32,4.38,3.86,19
2025-03-31,SKU030,Sérum Vita,Beleza,Site,99.95,15,39.17,393,19,21,0,407.27,4.12,3.63,26
2025-03-31,SKU030,Sérum Vita,Beleza,Aplicativo,98.23,10,37.69,327,28,28,2,269.44,4.39,3.07,28
2025-03-31,SKU030,Sérum Vita,Beleza,Marketplace,100.16,15,39.18,428,18,21,1,287.83,4.2,4.95,31
2025-03-31,SKU031,Teclado Type,Informática,Site,608.88,15,395.6,244,8,9,0,289.39,4.35,2.94,11
2025-03-31,SKU031,Teclado Type,Informática,Aplicativo,620.35,20,397.9,188,14,15,1,197.94,3.93,2.67,15
2025-03-31,SKU031,Teclado Type,Informática,Marketplace,615.59,15,398.15,277,7,6,0,276.02,4.11,4.61,6
2025-03-31,SKU032,Mouse Click,Informática,Site,470.38,20,307.84,196,3,3,0,483.61,4.31,3.55,14
2025-03-31,SKU032,Mouse Click,Informática,Aplicativo,483.16,5,318.9,149,6,6,0,234.51,4.41,3.02,7
2025-03-31,SKU032,Mouse Click,Informática,Marketplace,486.52,10,317.63,209,1,1,0,372.11,4.51,3.81,7
2025-03-31,SKU033,Monitor View,Informática,Site,403.12,0,273.99,98,2,3,0,324.22,3.88,2.79,3
2025-03-31,SKU033,Monitor View,Informática,Aplicativo,419.31,15,275.97,65,2,3,0,212.58,3.69,1.77,5
2025-03-31,SKU033,Monitor View,Informática,Marketplace,413.01,30,271.96,106,4,5,0,492.32,3.65,4.2,7
2025-03-31,SKU034,SSD Fast,Informática,Site,665.1,5,430.17,127,5,5,0,296.46,4.34,3.85,5
2025-03-31,SKU034,SSD Fast,Informática,Aplicativo,687.7,5,427.65,94,3,3,0,302.16,4.67,3.96,6
2025-03-31,SKU034,SSD Fast,Informática,Marketplace,664.96,25,427.31,139,3,3,0,390.27,4.36,5.04,6
2025-03-31,SKU035,Hub Connect,Informática,Site,673.52,5,458.01,152,1,1,0,197.8,4.63,4.12,8
2025-03-31,SKU035,Hub Connect,Informática,Aplicativo,685.61,0,452.05,139,3,6,0,216.12,4.46,3.47,7
2025-03-31,SKU035,Hub Connect,Informática,Marketplace,688.32,30,458.27,165,8,8,0,319.54,4.59,4.51,10
2025-03-31,SKU036,Notebook Go,Informática,Site,545.68,15,357.83,280,7,7,0,211.7,4.08,2.22,13
2025-03-31,SKU036,Notebook Go,Informática,Aplicativo,514.64,20,358.95,232,9,11,1,251.97,3.83,2.76,13
2025-03-31,SKU036,Notebook Go,Informática,Marketplace,533.91,15,345.68,360,11,12,1,460.24,3.92,4.94,12
2025-03-31,SKU037,Bloco Criar,Infantil,Site,158.01,5,73.99,107,5,6,0,268.39,4.0,3.05,6
2025-03-31,SKU037,Bloco Criar,Infantil,Aplicativo,156.89,0,77.79,110,11,8,0,231.31,4.28,3.31,8
2025-03-31,SKU037,Bloco Criar,Infantil,Marketplace,159.71,15,78.5,126,2,3,2,293.98,4.1,4.79,7
2025-03-31,SKU038,Livro Descobrir,Infantil,Site,116.59,10,55.92,70,2,3,0,197.76,4.34,3.73,3
2025-03-31,SKU038,Livro Descobrir,Infantil,Aplicativo,116.05,25,55.4,64,3,3,0,211.11,4.1,3.46,7
2025-03-31,SKU038,Livro Descobrir,Infantil,Marketplace,114.56,15,53.95,94,2,2,0,251.25,4.32,4.4,5
2025-03-31,SKU039,Jogo Família,Infantil,Site,159.81,20,74.35,129,4,5,0,253.89,4.69,3.59,13
2025-03-31,SKU039,Jogo Família,Infantil,Aplicativo,153.52,0,74.75,129,5,5,0,382.84,4.56,3.29,10
2025-03-31,SKU039,Jogo Família,Infantil,Marketplace,160.94,5,72.65,175,6,6,0,350.26,4.85,4.32,11
2025-03-31,SKU040,Mochila Kids,Infantil,Site,126.56,10,59.1,134,6,6,0,184.15,4.38,1.99,10
2025-03-31,SKU040,Mochila Kids,Infantil,Aplicativo,123.66,10,58.07,139,6,6,0,271.81,4.4,2.82,12
2025-03-31,SKU040,Mochila Kids,Infantil,Marketplace,127.54,5,58.1,191,7,8,0,372.84,4.49,3.87,8
2025-03-31,SKU041,Pelúcia Nuvem,Infantil,Site,143.45,5,68.22,505,21,24,3,516.31,3.69,2.98,24
2025-03-31,SKU041,Pelúcia Nuvem,Infantil,Aplicativo,145.98,5,65.95,347,12,16,1,192.4,3.49,2.43,27
2025-03-31,SKU041,Pelúcia Nuvem,Infantil,Marketplace,145.02,15,66.71,562,18,20,1,399.65,3.54,3.73,28
2025-03-31,SKU042,Patinete Joy,Infantil,Site,100.54,15,45.26,202,11,12,0,278.19,4.19,3.79,13
2025-03-31,SKU042,Patinete Joy,Infantil,Aplicativo,96.46,5,46.47,195,10,10,1,234.07,4.2,2.29,14
2025-03-31,SKU042,Patinete Joy,Infantil,Marketplace,95.9,15,46.5,302,12,12,2,577.66,4.19,4.57,21
2025-03-31,SKU043,Cama Cozy,Pet,Site,90.8,10,38.46,355,22,25,0,375.72,3.86,3.19,27
2025-03-31,SKU043,Cama Cozy,Pet,Aplicativo,90.86,0,38.53,320,11,13,0,319.61,3.75,2.58,19
2025-03-31,SKU043,Cama Cozy,Pet,Marketplace,90.86,5,38.36,451,15,19,0,361.76,3.72,3.76,23
2025-03-31,SKU044,Fonte Fresh,Pet,Site,92.31,5,39.96,120,7,8,0,254.47,4.78,2.79,8
2025-03-31,SKU044,Fonte Fresh,Pet,Aplicativo,90.37,20,40.99,100,9,11,0,346.78,4.76,3.3,11
2025-03-31,SKU044,Fonte Fresh,Pet,Marketplace,95.06,15,39.04,159,7,8,0,386.82,4.84,3.79,11
2025-03-31,SKU045,Brinquedo Fun,Pet,Site,95.88,5,45.07,209,9,12,0,398.26,4.42,3.48,19
2025-03-31,SKU045,Brinquedo Fun,Pet,Aplicativo,102.37,10,44.6,166,9,11,2,166.28,4.52,3.63,14
2025-03-31,SKU045,Brinquedo Fun,Pet,Marketplace,100.75,10,43.32,203,10,11,2,244.47,4.24,3.42,14
2025-03-31,SKU046,Coleira Safe,Pet,Site,135.3,5,61.64,218,12,14,0,242.81,4.03,3.0,16
2025-03-31,SKU046,Coleira Safe,Pet,Aplicativo,138.09,25,62.02,180,15,18,2,201.49,4.35,3.25,18
2025-03-31,SKU046,Coleira Safe,Pet,Marketplace,147.75,10,61.73,247,13,9,0,394.8,4.12,3.54,9
2025-03-31,SKU047,Comedouro Smart,Pet,Site,83.29,10,36.44,293,9,9,0,226.68,4.03,2.89,22
2025-03-31,SKU047,Comedouro Smart,Pet,Aplicativo,82.26,10,37.37,231,17,19,1,283.45,4.19,2.6,26
2025-03-31,SKU047,Comedouro Smart,Pet,Marketplace,82.66,15,35.96,344,18,18,1,501.56,4.08,5.4,18
2025-03-31,SKU048,Kit Higiene,Pet,Site,135.51,10,61.96,479,28,31,3,254.89,4.33,2.99,37
2025-03-31,SKU048,Kit Higiene,Pet,Aplicativo,144.23,10,60.18,415,30,32,0,149.34,4.21,1.79,41
2025-03-31,SKU048,Kit Higiene,Pet,Marketplace,139.74,0,58.95,568,19,20,0,329.8,4.15,4.07,23
2025-04-07,SKU001,Fone Pulse,Áudio e vídeo,Site,351.27,5,195.9,256,6,8,0,343.31,4.72,2.96,16
2025-04-07,SKU001,Fone Pulse,Áudio e vídeo,Aplicativo,338.65,10,192.94,203,18,19,0,310.12,4.63,2.07,21
2025-04-07,SKU001,Fone Pulse,Áudio e vídeo,Marketplace,347.85,5,194.3,301,8,10,1,394.76,4.6,4.23,13
2025-04-07,SKU002,Caixa Wave,Áudio e vídeo,Site,275.9,15,160.24,356,13,14,0,277.66,4.71,3.37,23
2025-04-07,SKU002,Caixa Wave,Áudio e vídeo,Aplicativo,287.56,5,158.25,278,13,14,0,143.72,4.82,2.51,18
2025-04-07,SKU002,Caixa Wave,Áudio e vídeo,Marketplace,285.9,15,159.12,459,14,17,1,494.52,4.75,4.24,26
2025-04-07,SKU003,Webcam Focus,Áudio e vídeo,Site,413.94,25,238.56,219,15,14,1,307.58,3.74,2.46,14
2025-04-07,SKU003,Webcam Focus,Áudio e vídeo,Aplicativo,396.44,0,240.8,170,5,5,0,193.69,3.67,2.56,10
2025-04-07,SKU003,Webcam Focus,Áudio e vídeo,Marketplace,403.86,10,238.63,264,8,8,0,317.16,3.78,3.87,12
2025-04-07,SKU004,Microfone Voice,Áudio e vídeo,Site,323.24,15,192.62,149,7,7,2,360.13,4.77,3.67,13
2025-04-07,SKU004,Microfone Voice,Áudio e vídeo,Aplicativo,344.63,5,189.52,102,9,6,0,181.24,4.58,3.83,6
2025-04-07,SKU004,Microfone Voice,Áudio e vídeo,Marketplace,325.76,10,185.56,187,6,6,0,312.01,4.76,4.35,11
2025-04-07,SKU005,Soundbar One,Áudio e vídeo,Site,434.1,20,246.61,228,5,6,1,330.77,4.08,4.24,12
2025-04-07,SKU005,Soundbar One,Áudio e vídeo,Aplicativo,405.09,15,239.45,193,11,13,0,366.95,3.76,2.56,13
2025-04-07,SKU005,Soundbar One,Áudio e vídeo,Marketplace,416.38,10,230.24,249,12,14,0,266.08,4.13,3.77,16
2025-04-07,SKU006,Headset Play,Áudio e vídeo,Site,353.01,25,204.21,144,2,3,1,236.07,3.7,4.56,9
2025-04-07,SKU006,Headset Play,Áudio e vídeo,Aplicativo,361.25,10,213.51,112,6,6,0,357.34,3.34,3.45,6
2025-04-07,SKU006,Headset Play,Áudio e vídeo,Marketplace,367.08,25,205.41,145,3,3,0,322.51,3.44,3.4,6
2025-04-07,SKU007,Panela Chef,Casa e cozinha,Site,256.27,15,137.26,422,20,21,0,220.77,4.47,3.75,32
2025-04-07,SKU007,Panela Chef,Casa e cozinha,Aplicativo,252.7,30,134.87,345,26,28,1,335.66,4.64,3.01,48
2025-04-07,SKU007,Panela Chef,Casa e cozinha,Marketplace,260.73,20,134.33,419,10,10,0,205.71,4.31,4.64,27
2025-04-07,SKU008,Air Fryer Easy,Casa e cozinha,Site,321.33,0,157.53,197,13,7,0,329.86,4.79,2.52,7
2025-04-07,SKU008,Air Fryer Easy,Casa e cozinha,Aplicativo,317.66,20,164.73,171,13,14,1,226.42,5.0,3.07,21
2025-04-07,SKU008,Air Fryer Easy,Casa e cozinha,Marketplace,311.16,10,159.53,251,9,9,1,525.97,4.76,4.6,16
2025-04-07,SKU009,Jogo Mesa,Casa e cozinha,Site,202.78,10,104.78,215,3,3,0,308.64,3.99,3.13,14
2025-04-07,SKU009,Jogo Mesa,Casa e cozinha,Aplicativo,198.12,20,107.59,141,8,8,0,172.25,4.26,3.25,12
2025-04-07,SKU009,Jogo Mesa,Casa e cozinha,Marketplace,198.67,10,100.91,219,8,10,0,251.73,4.08,4.09,12
2025-04-07,SKU010,Luminária Aura,Casa e cozinha,Site,193.67,5,103.99,308,13,13,1,313.09,4.37,3.6,17
2025-04-07,SKU010,Luminária Aura,Casa e cozinha,Aplicativo,200.68,5,103.05,270,22,17,3,219.89,4.35,1.84,17
2025-04-07,SKU010,Luminária Aura,Casa e cozinha,Marketplace,198.37,15,103.12,368,15,16,0,414.99,4.41,5.64,19
2025-04-07,SKU011,Organizador Box,Casa e cozinha,Site,299.74,25,155.11,623,37,41,0,465.59,4.0,2.44,47
2025-04-07,SKU011,Organizador Box,Casa e cozinha,Aplicativo,311.21,20,159.93,397,20,21,1,190.06,3.99,2.55,30
2025-04-07,SKU011,Organizador Box,Casa e cozinha,Marketplace,308.92,10,154.57,776,20,23,2,605.79,3.87,3.83,40
2025-04-07,SKU012,Mixer Prático,Casa e cozinha,Site,232.41,10,120.91,168,11,13,0,227.79,3.83,2.53,13
2025-04-07,SKU012,Mixer Prático,Casa e cozinha,Aplicativo,241.96,10,125.18,155,8,10,0,267.32,3.76,2.57,10
2025-04-07,SKU012,Mixer Prático,Casa e cozinha,Marketplace,248.5,20,124.51,201,2,2,0,384.98,3.76,4.47,10
2025-04-07,SKU013,Tênis Run,Esporte,Site,199.55,15,93.33,206,9,12,2,252.6,3.89,3.28,12
2025-04-07,SKU013,Tênis Run,Esporte,Aplicativo,204.42,20,97.18,159,5,6,1,155.85,3.82,3.74,10
2025-04-07,SKU013,Tênis Run,Esporte,Marketplace,196.45,20,95.3,249,4,4,1,249.94,3.81,3.92,15
2025-04-07,SKU014,Mochila Trail,Esporte,Site,198.12,10,93.35,322,15,17,1,215.29,4.77,2.89,25
2025-04-07,SKU014,Mochila Trail,Esporte,Aplicativo,195.03,10,96.14,234,12,13,1,147.52,4.65,3.44,14
2025-04-07,SKU014,Mochila Trail,Esporte,Marketplace,199.53,5,92.26,370,13,15,0,237.93,4.75,4.13,19
2025-04-07,SKU015,Garrafa Move,Esporte,Site,177.83,5,87.63,124,3,4,0,493.3,4.82,3.6,9
2025-04-07,SKU015,Garrafa Move,Esporte,Aplicativo,178.05,15,85.85,101,5,5,0,280.04,4.5,3.67,9
2025-04-07,SKU015,Garrafa Move,Esporte,Marketplace,180.48,10,87.65,143,5,6,0,343.43,4.78,3.82,10
2025-04-07,SKU016,Tapete Zen,Esporte,Site,177.16,10,93.73,248,18,20,0,252.11,3.93,2.48,20
2025-04-07,SKU016,Tapete Zen,Esporte,Aplicativo,183.91,5,92.86,218,6,8,0,169.8,3.92,2.43,15
2025-04-07,SKU016,Tapete Zen,Esporte,Marketplace,190.57,15,92.74,330,12,9,0,492.72,3.89,4.96,9
2025-04-07,SKU017,Kit Funcional,Esporte,Site,158.81,10,77.11,379,13,14,0,335.69,3.81,2.8,28
2025-04-07,SKU017,Kit Funcional,Esporte,Aplicativo,165.7,0,77.61,318,8,11,0,377.04,3.77,3.13,13
2025-04-07,SKU017,Kit Funcional,Esporte,Marketplace,162.43,15,77.98,427,14,16,0,492.29,3.72,4.12,20
2025-04-07,SKU018,Relógio Fit,Esporte,Site,234.21,10,111.17,244,8,9,0,342.56,4.34,3.71,14
2025-04-07,SKU018,Relógio Fit,Esporte,Aplicativo,236.69,20,113.42,210,14,17,0,253.91,4.27,3.14,18
2025-04-07,SKU018,Relógio Fit,Esporte,Marketplace,242.95,0,118.75,276,5,5,0,299.15,4.33,4.57,10
2025-04-07,SKU019,Camiseta Urban,Moda,Site,184.99,20,78.72,142,10,12,0,152.12,4.05,3.23,14
2025-04-07,SKU019,Camiseta Urban,Moda,Aplicativo,172.47,5,76.98,144,6,6,0,298.52,4.08,2.32,11
2025-04-07,SKU019,Camiseta Urban,Moda,Marketplace,185.92,15,78.59,190,5,6,0,450.89,4.24,4.04,14
2025-04-07,SKU020,Calça Flex,Moda,Site,125.4,25,55.02,230,18,21,1,246.99,3.68,3.04,21
2025-04-07,SKU020,Calça Flex,Moda,Aplicativo,129.48,5,54.24,186,7,7,0,277.78,3.67,2.84,14
2025-04-07,SKU020,Calça Flex,Moda,Marketplace,130.38,25,54.92,292,13,15,3,404.84,3.68,4.21,19
2025-04-07,SKU021,Tênis Street,Moda,Site,154.65,10,64.9,177,9,9,1,259.01,4.13,3.68,13
2025-04-07,SKU021,Tênis Street,Moda,Aplicativo,156.49,5,66.0,164,10,12,1,267.86,4.32,2.79,13
2025-04-07,SKU021,Tênis Street,Moda,Marketplace,152.88,15,67.75,211,14,16,2,416.14,4.34,4.08,20
2025-04-07,SKU022,Jaqueta City,Moda,Site,169.57,10,72.37,268,14,17,2,268.89,4.16,2.52,24
2025-04-07,SKU022,Jaqueta City,Moda,Aplicativo,176.13,5,69.12,231,9,10,3,242.02,4.1,2.77,18
2025-04-07,SKU022,Jaqueta City,Moda,Marketplace,168.38,10,73.49,315,12,13,1,472.79,4.15,4.46,16
2025-04-07,SKU023,Bolsa Mini,Moda,Site,145.46,5,58.98,434,15,18,3,271.13,3.65,5.04,18
2025-04-07,SKU023,Bolsa Mini,Moda,Aplicativo,141.14,10,60.5,446,24,25,0,388.6,3.62,3.04,34
2025-04-07,SKU023,Bolsa Mini,Moda,Marketplace,139.67,0,60.98,513,7,8,2,317.34,3.45,3.64,18
2025-04-07,SKU024,Moletom Soft,Moda,Site,134.9,10,55.32,270,8,8,0,261.41,3.98,4.34,14
2025-04-07,SKU024,Moletom Soft,Moda,Aplicativo,131.98,15,57.21,206,11,12,0,203.72,4.12,2.11,22
2025-04-07,SKU024,Moletom Soft,Moda,Marketplace,135.26,10,56.19,303,7,7,1,304.72,4.12,4.37,20
2025-04-07,SKU025,Kit Skin,Beleza,Site,105.64,10,39.92,140,8,6,0,261.75,3.66,3.78,6
2025-04-07,SKU025,Kit Skin,Beleza,Aplicativo,108.46,15,40.37,127,3,3,0,190.76,3.63,3.38,8
2025-04-07,SKU025,Kit Skin,Beleza,Marketplace,101.95,5,40.84,201,10,8,0,446.79,3.64,4.02,8
2025-04-07,SKU026,Perfume Bloom,Beleza,Site,106.82,10,40.1,328,26,24,0,254.08,4.6,2.92,24
2025-04-07,SKU026,Perfume Bloom,Beleza,Aplicativo,110.9,5,41.07,316,14,18,0,215.76,4.49,3.57,29
2025-04-07,SKU026,Perfume Bloom,Beleza,Marketplace,105.11,15,40.46,396,21,24,0,411.07,4.49,4.46,36
2025-04-07,SKU027,Secador Air,Beleza,Site,140.87,0,55.25,236,10,10,0,195.6,4.32,3.3,12
2025-04-07,SKU027,Secador Air,Beleza,Aplicativo,140.61,10,54.64,205,18,19,0,233.5,4.34,2.88,20
2025-04-07,SKU027,Secador Air,Beleza,Marketplace,141.76,5,53.87,285,19,17,2,324.31,4.43,3.6,17
2025-04-07,SKU028,Protetor Daily,Beleza,Site,147.36,20,54.96,257,12,14,0,293.26,3.73,2.79,18
2025-04-07,SKU028,Protetor Daily,Beleza,Aplicativo,139.08,5,53.66,189,1,1,0,164.65,3.78,2.86,19
2025-04-07,SKU028,Protetor Daily,Beleza,Marketplace,144.3,10,55.56,297,13,16,0,357.57,3.76,3.75,19
2025-04-07,SKU029,Escova Glow,Beleza,Site,92.19,5,35.17,217,9,10,0,159.38,4.69,3.84,16
2025-04-07,SKU029,Escova Glow,Beleza,Aplicativo,94.41,0,36.09,200,12,13,1,269.9,4.46,2.24,16
2025-04-07,SKU029,Escova Glow,Beleza,Marketplace,92.91,10,36.2,294,15,15,0,319.19,4.47,3.24,19
2025-04-07,SKU030,Sérum Vita,Beleza,Site,98.16,10,36.86,361,17,18,1,225.59,4.15,4.67,24
2025-04-07,SKU030,Sérum Vita,Beleza,Aplicativo,100.52,25,38.1,339,20,21,0,385.53,4.31,3.3,21
2025-04-07,SKU030,Sérum Vita,Beleza,Marketplace,96.0,10,38.11,449,26,28,0,451.68,4.19,3.23,28
2025-04-07,SKU031,Teclado Type,Informática,Site,588.68,15,394.77,256,16,14,2,320.92,4.04,3.45,14
2025-04-07,SKU031,Teclado Type,Informática,Aplicativo,616.94,0,409.45,213,5,6,0,281.97,4.07,3.26,11
2025-04-07,SKU031,Teclado Type,Informática,Marketplace,613.89,5,396.68,256,4,5,0,245.98,4.13,3.4,11
2025-04-07,SKU032,Mouse Click,Informática,Site,459.15,10,330.19,145,5,6,1,194.98,4.43,3.27,10
2025-04-07,SKU032,Mouse Click,Informática,Aplicativo,470.96,0,316.64,145,3,3,0,265.39,4.41,3.49,7
2025-04-07,SKU032,Mouse Click,Informática,Marketplace,495.53,15,314.03,187,5,6,0,273.93,4.5,3.69,9
2025-04-07,SKU033,Monitor View,Informática,Site,412.03,25,277.85,82,6,7,0,287.27,3.77,2.84,7
2025-04-07,SKU033,Monitor View,Informática,Aplicativo,428.21,0,275.87,73,1,2,0,211.37,3.82,2.31,4
2025-04-07,SKU033,Monitor View,Informática,Marketplace,416.27,10,271.53,87,2,2,0,311.81,3.73,4.34,4
2025-04-07,SKU034,SSD Fast,Informática,Site,659.57,15,461.83,111,1,1,0,253.37,4.51,3.96,5
2025-04-07,SKU034,SSD Fast,Informática,Aplicativo,667.1,10,438.5,94,6,5,1,142.62,4.69,3.78,5
2025-04-07,SKU034,SSD Fast,Informática,Marketplace,652.94,0,444.95,100,1,1,0,291.9,4.34,3.79,4
2025-04-07,SKU035,Hub Connect,Informática,Site,691.65,15,454.32,139,6,7,0,252.75,4.68,4.08,7
2025-04-07,SKU035,Hub Connect,Informática,Aplicativo,677.13,10,446.89,130,8,9,1,230.94,4.59,3.09,9
2025-04-07,SKU035,Hub Connect,Informática,Marketplace,699.74,15,449.18,175,2,2,0,265.06,4.53,4.92,8
2025-04-07,SKU036,Notebook Go,Informática,Site,546.61,20,354.17,247,11,11,0,204.57,4.2,2.73,18
2025-04-07,SKU036,Notebook Go,Informática,Aplicativo,541.53,15,346.56,188,3,3,0,158.89,3.88,2.99,11
2025-04-07,SKU036,Notebook Go,Informática,Marketplace,523.23,15,347.2,303,9,10,1,202.05,3.89,5.15,12
2025-04-07,SKU037,Bloco Criar,Infantil,Site,156.91,10,72.8,170,9,10,0,466.47,4.06,3.29,11
2025-04-07,SKU037,Bloco Criar,Infantil,Aplicativo,160.04,5,75.36,106,2,2,1,283.61,4.01,3.47,6
2025-04-07,SKU037,Bloco Criar,Infantil,Marketplace,159.19,10,73.87,148,8,8,0,239.11,4.16,3.65,10
2025-04-07,SKU038,Livro Descobrir,Infantil,Site,111.18,10,54.19,68,2,3,0,254.99,4.28,3.36,5
2025-04-07,SKU038,Livro Descobrir,Infantil,Aplicativo,115.71,5,55.35,75,2,2,0,244.62,4.53,3.32,6
2025-04-07,SKU038,Livro Descobrir,Infantil,Marketplace,116.26,0,55.86,116,3,5,0,459.91,4.3,4.24,5
2025-04-07,SKU039,Jogo Família,Infantil,Site,156.5,20,73.41,167,11,13,1,361.71,4.56,2.5,19
2025-04-07,SKU039,Jogo Família,Infantil,Aplicativo,153.28,30,74.5,134,21,17,1,310.22,4.49,2.52,17
2025-04-07,SKU039,Jogo Família,Infantil,Marketplace,163.3,5,77.17,180,6,8,0,366.57,4.35,3.22,11
2025-04-07,SKU040,Mochila Kids,Infantil,Site,126.66,25,60.33,155,6,7,1,358.5,4.24,3.82,15
2025-04-07,SKU040,Mochila Kids,Infantil,Aplicativo,122.24,10,59.37,118,8,9,0,174.07,4.53,3.04,12
2025-04-07,SKU040,Mochila Kids,Infantil,Marketplace,123.73,15,58.15,187,9,7,0,310.79,4.58,4.09,7
2025-04-07,SKU041,Pelúcia Nuvem,Infantil,Site,147.48,10,66.83,449,16,19,0,244.36,3.54,2.86,25
2025-04-07,SKU041,Pelúcia Nuvem,Infantil,Aplicativo,143.73,0,65.99,350,15,17,0,257.72,3.61,2.74,18
2025-04-07,SKU041,Pelúcia Nuvem,Infantil,Marketplace,136.41,0,67.76,622,20,23,0,612.73,3.73,4.25,28
2025-04-07,SKU042,Patinete Joy,Infantil,Site,96.47,15,46.71,181,6,6,0,327.15,4.23,2.19,17
2025-04-07,SKU042,Patinete Joy,Infantil,Aplicativo,96.17,10,47.73,185,11,14,0,242.38,4.15,3.07,18
2025-04-07,SKU042,Patinete Joy,Infantil,Marketplace,98.28,15,45.45,250,10,11,0,361.13,4.29,2.9,20
2025-04-07,SKU043,Cama Cozy,Pet,Site,92.69,10,39.19,321,10,12,0,225.22,3.59,4.38,16
2025-04-07,SKU043,Cama Cozy,Pet,Aplicativo,85.94,20,39.71,344,24,30,1,361.98,3.71,3.27,30
2025-04-07,SKU043,Cama Cozy,Pet,Marketplace,89.9,0,39.59,406,13,16,0,273.94,3.63,4.37,19
2025-04-07,SKU044,Fonte Fresh,Pet,Site,90.47,10,38.26,122,7,8,0,292.22,4.77,3.38,9
2025-04-07,SKU044,Fonte Fresh,Pet,Aplicativo,88.36,10,39.98,94,9,10,0,149.72,4.94,3.37,10
2025-04-07,SKU044,Fonte Fresh,Pet,Marketplace,86.64,25,39.4,133,4,4,0,319.0,4.76,4.15,12
2025-04-07,SKU045,Brinquedo Fun,Pet,Site,98.52,20,45.02,171,7,9,0,352.3,4.38,3.38,15
2025-04-07,SKU045,Brinquedo Fun,Pet,Aplicativo,101.86,20,43.62,148,7,7,0,367.86,4.48,3.14,13
2025-04-07,SKU045,Brinquedo Fun,Pet,Marketplace,102.94,10,44.9,190,5,5,1,182.71,4.48,3.89,7
2025-04-07,SKU046,Coleira Safe,Pet,Site,145.18,10,61.11,229,7,10,0,282.03,3.89,3.2,13
2025-04-07,SKU046,Coleira Safe,Pet,Aplicativo,144.3,5,60.52,145,8,8,0,133.47,4.21,2.5,13
2025-04-07,SKU046,Coleira Safe,Pet,Marketplace,141.88,10,59.7,230,7,8,0,279.98,4.22,4.35,15
2025-04-07,SKU047,Comedouro Smart,Pet,Site,85.28,5,37.63,311,15,17,0,303.31,4.31,2.91,18
2025-04-07,SKU047,Comedouro Smart,Pet,Aplicativo,83.46,20,38.37,219,18,15,0,321.28,4.11,2.36,15
2025-04-07,SKU047,Comedouro Smart,Pet,Marketplace,81.99,10,38.19,324,15,18,0,290.61,4.13,3.64,18
2025-04-07,SKU048,Kit Higiene,Pet,Site,132.22,15,61.07,507,26,30,0,300.77,4.34,3.55,42
2025-04-07,SKU048,Kit Higiene,Pet,Aplicativo,139.34,10,61.45,411,8,10,0,281.83,4.25,3.83,34
2025-04-07,SKU048,Kit Higiene,Pet,Marketplace,132.29,5,59.21,592,16,20,0,255.34,4.37,4.91,31
2025-04-14,SKU001,Fone Pulse,Áudio e vídeo,Site,343.69,20,190.93,224,8,9,0,238.86,4.47,3.25,18
2025-04-14,SKU001,Fone Pulse,Áudio e vídeo,Aplicativo,346.64,15,198.83,159,8,10,1,142.79,4.66,2.97,15
2025-04-14,SKU001,Fone Pulse,Áudio e vídeo,Marketplace,337.69,20,194.14,310,11,12,0,254.33,4.48,4.79,18
2025-04-14,SKU002,Caixa Wave,Áudio e vídeo,Site,271.81,15,160.22,350,21,21,2,244.22,4.85,2.35,21
2025-04-14,SKU002,Caixa Wave,Áudio e vídeo,Aplicativo,281.2,5,156.23,263,11,11,0,217.78,4.77,2.92,15
2025-04-14,SKU002,Caixa Wave,Áudio e vídeo,Marketplace,288.23,5,160.86,435,10,11,1,447.25,5.0,3.58,21
2025-04-14,SKU003,Webcam Focus,Áudio e vídeo,Site,410.47,20,232.47,250,5,5,0,400.0,3.56,3.58,7
2025-04-14,SKU003,Webcam Focus,Áudio e vídeo,Aplicativo,413.19,20,237.89,202,7,7,0,274.55,3.69,2.6,16
2025-04-14,SKU003,Webcam Focus,Áudio e vídeo,Marketplace,408.6,5,240.48,304,8,8,0,404.55,3.84,4.01,9
2025-04-14,SKU004,Microfone Voice,Áudio e vídeo,Site,331.56,0,191.0,137,7,8,1,225.28,4.81,4.32,8
2025-04-14,SKU004,Microfone Voice,Áudio e vídeo,Aplicativo,324.17,5,188.87,99,7,7,2,168.75,4.66,3.84,7
2025-04-14,SKU004,Microfone Voice,Áudio e vídeo,Marketplace,328.65,20,185.21,183,3,4,0,392.26,4.76,3.52,12
2025-04-14,SKU005,Soundbar One,Áudio e vídeo,Site,410.03,10,243.59,238,13,13,2,291.34,4.13,2.9,17
2025-04-14,SKU005,Soundbar One,Áudio e vídeo,Aplicativo,414.83,5,236.04,177,5,5,0,236.55,4.17,2.13,14
2025-04-14,SKU005,Soundbar One,Áudio e vídeo,Marketplace,428.16,15,229.8,247,9,10,0,315.55,4.18,4.79,10
2025-04-14,SKU006,Headset Play,Áudio e vídeo,Site,369.43,10,210.42,130,2,2,0,331.7,3.48,4.06,5
2025-04-14,SKU006,Headset Play,Áudio e vídeo,Aplicativo,364.99,30,211.31,129,6,6,0,339.9,3.57,3.25,11
2025-04-14,SKU006,Headset Play,Áudio e vídeo,Marketplace,366.13,5,203.12,167,2,2,0,364.11,3.62,4.72,5
2025-04-14,SKU007,Panela Chef,Casa e cozinha,Site,257.17,5,136.49,414,12,16,1,249.59,4.66,3.73,30
2025-04-14,SKU007,Panela Chef,Casa e cozinha,Aplicativo,256.12,5,133.76,310,15,16,1,149.2,4.67,3.57,22
2025-04-14,SKU007,Panela Chef,Casa e cozinha,Marketplace,267.29,0,132.81,454,16,18,1,287.43,4.6,2.93,24
2025-04-14,SKU008,Air Fryer Easy,Casa e cozinha,Site,304.2,0,155.39,184,7,8,0,376.17,4.83,2.98,12
2025-04-14,SKU008,Air Fryer Easy,Casa e cozinha,Aplicativo,295.62,25,156.55,167,16,22,0,362.36,4.87,2.61,24
2025-04-14,SKU008,Air Fryer Easy,Casa e cozinha,Marketplace,299.04,10,159.85,228,10,11,1,283.63,4.86,4.11,16
2025-04-14,SKU009,Jogo Mesa,Casa e cozinha,Site,201.82,20,107.76,253,9,10,0,378.89,4.31,2.75,22
2025-04-14,SKU009,Jogo Mesa,Casa e cozinha,Aplicativo,199.64,0,105.52,160,4,4,0,236.4,4.08,3.75,9
2025-04-14,SKU009,Jogo Mesa,Casa e cozinha,Marketplace,197.72,0,108.29,213,6,7,0,276.27,3.99,4.87,9
2025-04-14,SKU010,Luminária Aura,Casa e cozinha,Site,190.52,10,101.71,303,14,17,0,238.29,4.61,3.17,24
2025-04-14,SKU010,Luminária Aura,Casa e cozinha,Aplicativo,188.78,20,99.68,262,10,11,1,217.02,4.36,2.28,24
2025-04-14,SKU010,Luminária Aura,Casa e cozinha,Marketplace,196.95,15,105.05,400,21,24,1,281.45,4.4,3.1,30
2025-04-14,SKU011,Organizador Box,Casa e cozinha,Site,308.11,10,153.47,601,23,19,0,436.83,4.01,3.49,19
2025-04-14,SKU011,Organizador Box,Casa e cozinha,Aplicativo,300.03,0,157.02,455,14,16,2,141.57,3.73,3.44,26
2025-04-14,SKU011,Organizador Box,Casa e cozinha,Marketplace,306.69,5,163.8,684,18,21,0,364.53,4.05,4.07,39
2025-04-14,SKU012,Mixer Prático,Casa e cozinha,Site,239.39,10,123.12,181,5,5,1,390.49,3.66,3.41,5
2025-04-14,SKU012,Mixer Prático,Casa e cozinha,Aplicativo,238.4,0,126.09,141,10,10,2,217.77,3.94,2.87,10
2025-04-14,SKU012,Mixer Prático,Casa e cozinha,Marketplace,240.89,0,126.1,213,2,2,0,419.93,3.79,5.21,7
2025-04-14,SKU013,Tênis Run,Esporte,Site,200.37,15,96.33,223,6,7,0,442.45,3.89,3.5,12
2025-04-14,SKU013,Tênis Run,Esporte,Aplicativo,190.38,0,94.87,146,4,4,0,187.98,3.96,2.85,9
2025-04-14,SKU013,Tênis Run,Esporte,Marketplace,201.71,15,93.52,260,7,8,0,436.75,3.98,4.59,10
2025-04-14,SKU014,Mochila Trail,Esporte,Site,199.2,5,94.64,327,10,12,1,309.17,4.7,3.19,19
2025-04-14,SKU014,Mochila Trail,Esporte,Aplicativo,192.32,20,94.61,297,15,16,1,331.96,4.58,2.63,28
2025-04-14,SKU014,Mochila Trail,Esporte,Marketplace,185.53,10,93.55,374,14,13,0,315.21,4.56,3.86,13
2025-04-14,SKU015,Garrafa Move,Esporte,Site,176.03,5,85.27,130,2,2,0,245.3,4.57,2.25,10
2025-04-14,SKU015,Garrafa Move,Esporte,Aplicativo,181.92,15,86.34,109,6,7,0,238.63,4.73,3.3,7
2025-04-14,SKU015,Garrafa Move,Esporte,Marketplace,184.39,0,87.92,130,5,6,0,216.32,4.41,3.22,7
2025-04-14,SKU016,Tapete Zen,Esporte,Site,189.55,15,92.2,265,13,14,0,286.89,3.73,3.71,15
2025-04-14,SKU016,Tapete Zen,Esporte,Aplicativo,199.02,10,91.24,194,3,4,1,178.92,3.8,3.56,13
2025-04-14,SKU016,Tapete Zen,Esporte,Marketplace,184.86,10,91.6,317,7,8,1,328.38,3.93,3.76,18
2025-04-14,SKU017,Kit Funcional,Esporte,Site,159.22,5,79.51,332,3,5,0,268.57,3.76,3.63,13
2025-04-14,SKU017,Kit Funcional,Esporte,Aplicativo,160.87,20,78.02,325,14,14,1,347.79,3.79,3.04,28
2025-04-14,SKU017,Kit Funcional,Esporte,Marketplace,154.91,15,78.58,430,11,13,0,377.66,3.72,3.26,17
2025-04-14,SKU018,Relógio Fit,Esporte,Site,233.06,5,111.77,215,6,9,2,308.67,4.55,3.77,12
2025-04-14,SKU018,Relógio Fit,Esporte,Aplicativo,226.09,15,117.69,166,6,7,0,175.46,4.34,2.45,16
2025-04-14,SKU018,Relógio Fit,Esporte,Marketplace,240.97,20,115.81,232,8,9,0,215.82,4.25,4.7,11
2025-04-14,SKU019,Camiseta Urban,Moda,Site,178.97,25,78.36,171,4,4,1,450.38,4.27,2.91,19
2025-04-14,SKU019,Camiseta Urban,Moda,Aplicativo,190.69,15,77.3,165,9,11,3,356.49,3.9,3.33,12
2025-04-14,SKU019,Camiseta Urban,Moda,Marketplace,191.24,15,79.1,189,6,8,0,306.81,4.11,3.82,12
2025-04-14,SKU020,Calça Flex,Moda,Site,126.96,0,52.19,224,6,6,0,123.54,3.52,2.75,14
2025-04-14,SKU020,Calça Flex,Moda,Aplicativo,125.79,0,54.31,195,8,10,0,296.88,3.76,3.0,13
2025-04-14,SKU020,Calça Flex,Moda,Marketplace,136.59,15,53.6,294,9,12,0,378.56,3.62,4.69,15
2025-04-14,SKU021,Tênis Street,Moda,Site,147.31,10,66.61,174,17,13,1,206.79,4.41,3.04,13
2025-04-14,SKU021,Tênis Street,Moda,Aplicativo,149.95,20,67.51,149,15,17,2,170.93,4.41,2.61,24
2025-04-14,SKU021,Tênis Street,Moda,Marketplace,151.42,25,68.22,274,13,14,0,458.88,4.41,4.25,16
2025-04-14,SKU022,Jaqueta City,Moda,Site,168.81,10,73.16,291,11,11,2,317.67,4.18,3.16,11
2025-04-14,SKU022,Jaqueta City,Moda,Aplicativo,163.08,15,72.42,202,8,8,1,188.72,4.31,3.56,18
2025-04-14,SKU022,Jaqueta City,Moda,Marketplace,170.37,25,74.29,300,24,29,4,310.19,4.48,4.42,35
2025-04-14,SKU023,Bolsa Mini,Moda,Site,146.78,15,60.01,466,15,17,2,330.05,3.58,4.51,25
2025-04-14,SKU023,Bolsa Mini,Moda,Aplicativo,144.89,5,59.81,385,17,20,3,246.48,3.61,3.19,26
2025-04-14,SKU023,Bolsa Mini,Moda,Marketplace,142.32,15,59.05,527,24,25,3,313.16,3.47,4.64,32
2025-04-14,SKU024,Moletom Soft,Moda,Site,132.0,5,57.3,227,14,16,0,277.45,4.09,3.18,17
2025-04-14,SKU024,Moletom Soft,Moda,Aplicativo,128.05,25,54.09,213,21,22,3,214.15,4.24,2.42,37
2025-04-14,SKU024,Moletom Soft,Moda,Marketplace,126.79,10,57.7,308,14,16,3,435.41,4.06,3.78,23
2025-04-14,SKU025,Kit Skin,Beleza,Site,103.68,0,39.77,136,6,7,0,140.34,3.65,2.96,7
2025-04-14,SKU025,Kit Skin,Beleza,Aplicativo,105.59,5,39.51,125,10,8,0,189.56,3.66,2.01,8
2025-04-14,SKU025,Kit Skin,Beleza,Marketplace,103.08,15,40.05,201,6,8,0,357.16,3.51,4.64,8
2025-04-14,SKU026,Perfume Bloom,Beleza,Site,104.57,5,41.53,405,21,27,1,340.65,4.56,3.11,38
2025-04-14,SKU026,Perfume Bloom,Beleza,Aplicativo,106.35,10,40.79,264,15,16,0,118.74,4.33,3.25,26
2025-04-14,SKU026,Perfume Bloom,Beleza,Marketplace,112.01,5,42.14,455,20,22,2,305.01,4.4,4.69,30
2025-04-14,SKU027,Secador Air,Beleza,Site,136.84,15,52.68,257,8,10,1,307.24,4.32,3.42,25
2025-04-14,SKU027,Secador Air,Beleza,Aplicativo,142.42,15,53.47,187,7,10,0,207.53,4.3,3.9,14
2025-04-14,SKU027,Secador Air,Beleza,Marketplace,137.84,0,53.15,283,5,6,0,296.2,4.62,5.23,14
2025-04-14,SKU028,Protetor Daily,Beleza,Site,138.19,5,54.05,241,9,11,0,285.9,3.76,2.26,13
2025-04-14,SKU028,Protetor Daily,Beleza,Aplicativo,145.31,5,55.02,204,8,9,0,284.05,3.86,3.01,15
2025-04-14,SKU028,Protetor Daily,Beleza,Marketplace,139.49,25,54.78,303,19,20,0,233.35,3.52,3.54,20
2025-04-14,SKU029,Escova Glow,Beleza,Site,93.2,5,36.97,232,9,9,0,261.79,4.28,3.38,21
2025-04-14,SKU029,Escova Glow,Beleza,Aplicativo,92.04,5,35.73,213,10,11,0,282.9,4.5,2.9,23
2025-04-14,SKU029,Escova Glow,Beleza,Marketplace,90.92,5,37.49,282,11,12,0,346.23,4.48,3.85,16
2025-04-14,SKU030,Sérum Vita,Beleza,Site,102.62,0,37.75,373,16,19,0,241.0,4.2,3.07,26
2025-04-14,SKU030,Sérum Vita,Beleza,Aplicativo,97.25,10,37.83,312,30,34,2,259.45,4.08,1.53,34
2025-04-14,SKU030,Sérum Vita,Beleza,Marketplace,98.04,0,39.02,439,15,17,0,346.1,4.13,4.44,23
2025-04-14,SKU031,Teclado Type,Informática,Site,608.97,10,391.34,222,4,5,0,149.44,4.31,3.64,10
2025-04-14,SKU031,Teclado Type,Informática,Aplicativo,607.9,10,406.53,183,5,5,0,218.22,4.24,2.55,9
2025-04-14,SKU031,Teclado Type,Informática,Marketplace,606.65,10,383.01,244,11,9,0,209.43,4.14,3.37,9
2025-04-14,SKU032,Mouse Click,Informática,Site,495.73,0,319.72,197,8,9,0,265.73,4.43,2.77,9
2025-04-14,SKU032,Mouse Click,Informática,Aplicativo,492.24,0,313.74,148,8,4,0,301.02,4.4,3.39,4
2025-04-14,SKU032,Mouse Click,Informática,Marketplace,488.0,5,324.66,193,4,4,0,166.42,4.47,4.34,6
2025-04-14,SKU033,Monitor View,Informática,Site,410.48,0,288.55,88,3,3,0,340.6,3.69,3.91,3
2025-04-14,SKU033,Monitor View,Informática,Aplicativo,426.22,5,287.38,49,3,3,0,161.82,3.78,2.9,3
2025-04-14,SKU033,Monitor View,Informática,Marketplace,412.15,0,284.43,83,2,3,0,358.84,3.73,5.13,3
2025-04-14,SKU034,SSD Fast,Informática,Site,662.17,5,447.47,98,2,3,0,235.87,4.48,2.88,4
2025-04-14,SKU034,SSD Fast,Informática,Aplicativo,686.47,0,448.46,84,0,0,0,136.7,4.45,4.15,4
2025-04-14,SKU034,SSD Fast,Informática,Marketplace,653.82,15,445.72,141,6,6,0,592.65,4.22,3.07,8
2025-04-14,SKU035,Hub Connect,Informática,Site,655.59,5,456.56,161,5,5,0,476.64,4.59,3.26,8
2025-04-14,SKU035,Hub Connect,Informática,Aplicativo,684.68,10,460.72,103,3,3,0,131.38,4.63,3.02,9
2025-04-14,SKU035,Hub Connect,Informática,Marketplace,709.27,5,452.74,163,6,5,0,345.4,4.78,4.11,5
2025-04-14,SKU036,Notebook Go,Informática,Site,522.04,20,342.36,277,10,10,0,413.52,3.8,3.2,16
2025-04-14,SKU036,Notebook Go,Informática,Aplicativo,553.01,5,347.81,229,6,9,0,303.41,3.79,2.58,10
2025-04-14,SKU036,Notebook Go,Informática,Marketplace,526.07,5,350.18,338,7,8,1,423.79,4.02,4.36,13
2025-04-14,SKU037,Bloco Criar,Infantil,Site,159.23,25,75.01,126,5,6,2,244.68,3.97,3.83,12
2025-04-14,SKU037,Bloco Criar,Infantil,Aplicativo,155.29,15,76.99,98,3,3,0,239.5,4.18,3.22,9
2025-04-14,SKU037,Bloco Criar,Infantil,Marketplace,163.86,10,76.62,158,3,4,0,353.25,4.07,4.71,8
2025-04-14,SKU038,Livro Descobrir,Infantil,Site,115.08,20,54.93,83,4,4,0,265.19,4.3,4.09,6
2025-04-14,SKU038,Livro Descobrir,Infantil,Aplicativo,112.92,5,54.43,68,4,5,0,307.78,4.18,2.99,6
2025-04-14,SKU038,Livro Descobrir,Infantil,Marketplace,111.34,10,53.76,99,5,6,0,260.83,4.36,4.0,6
2025-04-14,SKU039,Jogo Família,Infantil,Site,155.41,15,76.34,163,10,6,0,256.19,4.65,4.18,6
2025-04-14,SKU039,Jogo Família,Infantil,Aplicativo,164.78,10,73.57,127,5,7,0,199.9,4.71,4.06,10
2025-04-14,SKU039,Jogo Família,Infantil,Marketplace,157.36,30,74.87,189,11,13,0,319.38,4.69,5.3,22
2025-04-14,SKU040,Mochila Kids,Infantil,Site,125.79,5,59.62,153,3,3,0,231.3,4.53,2.81,15
2025-04-14,SKU040,Mochila Kids,Infantil,Aplicativo,131.39,15,59.48,118,4,4,0,208.45,4.34,2.82,12
2025-04-14,SKU040,Mochila Kids,Infantil,Marketplace,125.22,15,60.35,178,5,6,0,333.86,4.34,4.8,9
2025-04-14,SKU041,Pelúcia Nuvem,Infantil,Site,141.28,10,68.1,418,16,19,0,309.96,3.56,3.24,22
2025-04-14,SKU041,Pelúcia Nuvem,Infantil,Aplicativo,141.13,5,68.23,351,22,25,2,175.44,3.74,2.2,30
2025-04-14,SKU041,Pelúcia Nuvem,Infantil,Marketplace,143.54,15,67.53,554,13,14,0,444.52,3.71,4.46,24
2025-04-14,SKU042,Patinete Joy,Infantil,Site,97.6,15,45.74,219,14,13,0,290.02,4.16,3.96,13
2025-04-14,SKU042,Patinete Joy,Infantil,Aplicativo,96.83,0,45.27,184,3,3,0,149.71,4.17,3.42,14
2025-04-14,SKU042,Patinete Joy,Infantil,Marketplace,94.98,15,45.79,258,14,15,0,290.58,4.18,3.3,16
2025-04-14,SKU043,Cama Cozy,Pet,Site,87.97,5,38.56,353,13,14,0,252.1,3.72,2.73,25
2025-04-14,SKU043,Cama Cozy,Pet,Aplicativo,91.91,5,38.62,278,11,12,0,258.71,3.68,3.22,19
2025-04-14,SKU043,Cama Cozy,Pet,Marketplace,85.35,15,39.35,442,17,18,1,299.43,3.73,2.9,31
2025-04-14,SKU044,Fonte Fresh,Pet,Site,91.49,0,39.9,127,5,6,0,223.09,4.81,3.1,11
2025-04-14,SKU044,Fonte Fresh,Pet,Aplicativo,93.24,5,37.79,111,6,6,0,298.74,4.59,3.23,7
2025-04-14,SKU044,Fonte Fresh,Pet,Marketplace,90.27,10,38.58,136,5,5,0,402.21,4.83,3.66,8
2025-04-14,SKU045,Brinquedo Fun,Pet,Site,101.48,0,43.62,191,14,8,0,302.92,4.38,4.1,8
2025-04-14,SKU045,Brinquedo Fun,Pet,Aplicativo,103.88,0,43.17,149,12,13,0,244.49,4.35,2.98,13
2025-04-14,SKU045,Brinquedo Fun,Pet,Marketplace,102.73,15,45.1,202,10,11,1,413.45,4.55,3.64,16
2025-04-14,SKU046,Coleira Safe,Pet,Site,143.55,10,60.57,232,3,3,0,352.84,4.14,3.26,12
2025-04-14,SKU046,Coleira Safe,Pet,Aplicativo,139.75,25,59.2,170,15,17,0,190.13,4.18,3.66,17
2025-04-14,SKU046,Coleira Safe,Pet,Marketplace,139.9,5,60.92,230,13,13,0,393.59,4.19,3.54,13
2025-04-14,SKU047,Comedouro Smart,Pet,Site,85.59,10,38.64,237,10,12,0,224.26,4.27,2.25,16
2025-04-14,SKU047,Comedouro Smart,Pet,Aplicativo,85.18,5,37.79,234,8,9,0,247.56,3.93,3.23,15
2025-04-14,SKU047,Comedouro Smart,Pet,Marketplace,86.42,10,37.88,354,15,17,0,470.76,4.17,3.59,25
2025-04-14,SKU048,Kit Higiene,Pet,Site,140.82,15,59.05,543,33,37,0,260.57,4.33,2.8,38
2025-04-14,SKU048,Kit Higiene,Pet,Aplicativo,140.92,15,60.34,373,25,31,0,129.21,4.38,1.48,46
2025-04-14,SKU048,Kit Higiene,Pet,Marketplace,137.47,0,60.33,631,22,23,0,439.34,4.31,4.42,39
2025-04-21,SKU001,Fone Pulse,Áudio e vídeo,Site,345.14,25,206.71,264,16,18,0,190.34,4.5,3.48,19
2025-04-21,SKU001,Fone Pulse,Áudio e vídeo,Aplicativo,350.68,0,193.2,204,8,10,1,204.21,4.78,3.44,10
2025-04-21,SKU001,Fone Pulse,Áudio e vídeo,Marketplace,350.82,10,192.85,275,4,5,1,237.78,4.7,3.61,17
2025-04-21,SKU002,Caixa Wave,Áudio e vídeo,Site,279.21,20,160.13,340,20,23,0,226.02,4.93,3.68,23
2025-04-21,SKU002,Caixa Wave,Áudio e vídeo,Aplicativo,270.48,20,155.86,285,20,24,2,177.72,5.0,3.2,30
2025-04-21,SKU002,Caixa Wave,Áudio e vídeo,Marketplace,279.88,0,159.12,384,15,15,1,235.34,4.78,3.72,15
2025-04-21,SKU003,Webcam Focus,Áudio e vídeo,Site,398.55,5,237.85,221,6,6,1,383.86,3.72,3.74,11
2025-04-21,SKU003,Webcam Focus,Áudio e vídeo,Aplicativo,413.07,15,232.25,178,12,11,0,180.01,3.52,3.32,11
2025-04-21,SKU003,Webcam Focus,Áudio e vídeo,Marketplace,398.33,5,238.92,316,9,9,1,398.5,3.8,3.7,15
2025-04-21,SKU004,Microfone Voice,Áudio e vídeo,Site,321.95,15,195.51,167,7,7,0,453.74,4.75,3.15,13
2025-04-21,SKU004,Microfone Voice,Áudio e vídeo,Aplicativo,334.17,25,186.82,139,8,10,1,275.47,4.93,3.21,16
2025-04-21,SKU004,Microfone Voice,Áudio e vídeo,Marketplace,314.93,5,186.53,181,7,9,0,422.29,4.99,3.78,10
2025-04-21,SKU005,Soundbar One,Áudio e vídeo,Site,429.26,10,241.65,230,5,6,1,277.12,4.24,3.11,12
2025-04-21,SKU005,Soundbar One,Áudio e vídeo,Aplicativo,417.43,10,238.41,166,8,9,1,177.19,4.29,2.67,13
2025-04-21,SKU005,Soundbar One,Áudio e vídeo,Marketplace,414.0,10,236.11,262,7,8,1,252.47,4.34,5.13,11
2025-04-21,SKU006,Headset Play,Áudio e vídeo,Site,369.76,5,218.22,133,2,2,0,211.53,3.53,3.64,6
2025-04-21,SKU006,Headset Play,Áudio e vídeo,Aplicativo,369.74,0,207.8,125,3,4,0,229.06,3.5,2.72,5
2025-04-21,SKU006,Headset Play,Áudio e vídeo,Marketplace,377.29,25,213.45,196,3,4,1,369.02,3.64,3.85,9
2025-04-21,SKU007,Panela Chef,Casa e cozinha,Site,259.04,0,135.69,412,16,17,0,281.87,4.7,2.45,24
2025-04-21,SKU007,Panela Chef,Casa e cozinha,Aplicativo,260.6,20,138.92,373,25,27,0,303.93,4.72,3.14,35
2025-04-21,SKU007,Panela Chef,Casa e cozinha,Marketplace,268.79,5,135.76,533,10,11,0,472.0,4.57,4.36,27
2025-04-21,SKU008,Air Fryer Easy,Casa e cozinha,Site,300.46,0,159.28,184,4,4,0,358.2,4.62,4.06,12
2025-04-21,SKU008,Air Fryer Easy,Casa e cozinha,Aplicativo,303.63,25,158.28,154,9,11,0,238.84,4.77,3.34,17
2025-04-21,SKU008,Air Fryer Easy,Casa e cozinha,Marketplace,288.95,20,157.36,195,3,4,0,445.27,4.66,3.97,8
2025-04-21,SKU009,Jogo Mesa,Casa e cozinha,Site,198.13,5,104.63,227,7,8,0,281.46,4.06,2.93,9
2025-04-21,SKU009,Jogo Mesa,Casa e cozinha,Aplicativo,184.49,10,101.91,164,11,13,0,280.9,4.24,3.34,18
2025-04-21,SKU009,Jogo Mesa,Casa e cozinha,Marketplace,194.08,0,104.14,264,7,7,0,398.04,4.28,3.99,13
2025-04-21,SKU010,Luminária Aura,Casa e cozinha,Site,190.4,10,98.88,320,15,16,0,324.25,4.63,3.77,24
2025-04-21,SKU010,Luminária Aura,Casa e cozinha,Aplicativo,186.62,10,101.87,256,16,15,0,218.98,4.39,3.02,15
2025-04-21,SKU010,Luminária Aura,Casa e cozinha,Marketplace,196.52,15,100.29,390,17,21,1,387.59,4.31,4.15,27
2025-04-21,SKU011,Organizador Box,Casa e cozinha,Site,298.68,10,157.86,574,21,26,0,269.14,3.86,3.63,26
2025-04-21,SKU011,Organizador Box,Casa e cozinha,Aplicativo,298.18,15,158.45,451,24,27,0,206.88,3.91,2.62,42
2025-04-21,SKU011,Organizador Box,Casa e cozinha,Marketplace,308.08,15,153.93,655,30,32,1,219.61,4.25,3.28,37
2025-04-21,SKU012,Mixer Prático,Casa e cozinha,Site,242.38,5,125.97,198,4,5,0,352.06,3.74,3.5,8
2025-04-21,SKU012,Mixer Prático,Casa e cozinha,Aplicativo,233.43,0,121.7,148,2,2,0,232.05,3.72,3.54,8
2025-04-21,SKU012,Mixer Prático,Casa e cozinha,Marketplace,226.44,0,122.15,201,6,8,0,388.69,3.74,4.62,9
2025-04-21,SKU013,Tênis Run,Esporte,Site,199.7,0,96.55,210,5,5,1,380.54,3.74,3.14,11
2025-04-21,SKU013,Tênis Run,Esporte,Aplicativo,207.9,20,94.99,167,8,11,0,125.38,3.81,3.56,12
2025-04-21,SKU013,Tênis Run,Esporte,Marketplace,203.82,10,97.04,261,5,5,2,346.6,3.82,4.23,10
2025-04-21,SKU014,Mochila Trail,Esporte,Site,191.58,25,96.46,313,19,22,1,253.41,4.81,1.95,40
2025-04-21,SKU014,Mochila Trail,Esporte,Aplicativo,198.76,10,94.41,253,15,17,0,215.03,4.63,2.77,17
2025-04-21,SKU014,Mochila Trail,Esporte,Marketplace,193.49,25,92.34,385,18,23,1,405.61,4.82,3.15,37
2025-04-21,SKU015,Garrafa Move,Esporte,Site,171.57,0,85.8,115,2,2,0,301.86,4.6,3.23,5
2025-04-21,SKU015,Garrafa Move,Esporte,Aplicativo,183.8,10,87.13,106,5,5,0,150.9,4.82,2.69,9
2025-04-21,SKU015,Garrafa Move,Esporte,Marketplace,181.32,25,85.92,115,11,9,1,376.07,4.6,4.25,9
2025-04-21,SKU016,Tapete Zen,Esporte,Site,185.09,5,89.92,245,4,5,0,408.06,3.86,3.62,13
2025-04-21,SKU016,Tapete Zen,Esporte,Aplicativo,188.35,5,95.08,224,10,11,1,270.45,4.13,3.01,13
2025-04-21,SKU016,Tapete Zen,Esporte,Marketplace,178.64,10,90.36,349,10,13,3,418.94,3.96,4.32,16
2025-04-21,SKU017,Kit Funcional,Esporte,Site,159.73,15,79.73,329,11,15,1,257.89,3.78,3.68,20
2025-04-21,SKU017,Kit Funcional,Esporte,Aplicativo,162.27,25,77.07,289,13,14,0,303.55,3.82,3.67,21
2025-04-21,SKU017,Kit Funcional,Esporte,Marketplace,168.04,10,77.4,367,10,10,0,264.98,3.91,4.91,13
2025-04-21,SKU018,Relógio Fit,Esporte,Site,234.82,25,113.53,239,8,9,0,408.06,4.18,3.55,19
2025-04-21,SKU018,Relógio Fit,Esporte,Aplicativo,231.09,15,112.29,179,10,10,0,174.11,4.39,3.94,15
2025-04-21,SKU018,Relógio Fit,Esporte,Marketplace,233.62,20,112.64,264,16,16,1,299.52,4.42,3.98,16
2025-04-21,SKU019,Camiseta Urban,Moda,Site,181.74,5,78.22,126,6,6,0,203.6,4.22,3.56,9
2025-04-21,SKU019,Camiseta Urban,Moda,Aplicativo,177.59,0,76.52,114,7,7,3,260.14,4.16,2.6,11
2025-04-21,SKU019,Camiseta Urban,Moda,Marketplace,177.57,20,78.42,156,6,6,1,141.58,4.15,3.46,16
2025-04-21,SKU020,Calça Flex,Moda,Site,128.26,15,55.25,196,6,7,1,284.35,3.7,3.25,14
2025-04-21,SKU020,Calça Flex,Moda,Aplicativo,129.37,15,55.1,183,7,8,1,389.81,3.56,2.42,16
2025-04-21,SKU020,Calça Flex,Moda,Marketplace,125.86,5,55.07,259,4,4,0,346.49,3.88,4.12,13
2025-04-21,SKU021,Tênis Street,Moda,Site,151.79,15,64.89,208,17,21,0,330.8,4.4,3.09,22
2025-04-21,SKU021,Tênis Street,Moda,Aplicativo,157.86,10,67.3,181,8,8,1,295.3,4.4,3.05,14
2025-04-21,SKU021,Tênis Street,Moda,Marketplace,151.69,25,65.84,237,9,11,3,277.41,4.25,4.58,19
2025-04-21,SKU022,Jaqueta City,Moda,Site,170.02,0,73.06,264,5,6,2,432.71,4.28,2.91,17
2025-04-21,SKU022,Jaqueta City,Moda,Aplicativo,167.05,0,73.11,225,12,10,0,279.41,4.21,3.36,10
2025-04-21,SKU022,Jaqueta City,Moda,Marketplace,162.94,15,74.71,319,17,20,2,346.43,4.29,4.16,21
2025-04-21,SKU023,Bolsa Mini,Moda,Site,141.98,0,61.26,480,15,18,2,333.74,3.48,2.84,27
2025-04-21,SKU023,Bolsa Mini,Moda,Aplicativo,142.71,15,60.22,326,12,12,0,215.57,3.68,2.54,26
2025-04-21,SKU023,Bolsa Mini,Moda,Marketplace,138.81,0,60.46,494,13,15,3,282.48,3.55,3.59,20
2025-04-21,SKU024,Moletom Soft,Moda,Site,134.01,15,57.66,250,18,15,2,290.92,4.14,4.1,15
2025-04-21,SKU024,Moletom Soft,Moda,Aplicativo,131.74,0,56.7,185,9,10,1,212.16,4.3,3.31,15
2025-04-21,SKU024,Moletom Soft,Moda,Marketplace,128.53,10,57.26,267,7,8,2,321.73,3.96,4.13,15
2025-04-21,SKU025,Kit Skin,Beleza,Site,101.33,10,39.26,161,12,12,0,230.32,3.54,3.54,12
2025-04-21,SKU025,Kit Skin,Beleza,Aplicativo,98.76,0,40.27,123,7,8,0,300.11,3.96,3.7,8
2025-04-21,SKU025,Kit Skin,Beleza,Marketplace,106.41,5,40.88,157,5,6,1,230.12,3.73,3.72,9
2025-04-21,SKU026,Perfume Bloom,Beleza,Site,104.9,10,42.13,354,13,17,0,273.79,4.39,2.96,28
2025-04-21,SKU026,Perfume Bloom,Beleza,Aplicativo,104.9,10,42.42,314,31,31,1,244.1,4.49,2.73,31
2025-04-21,SKU026,Perfume Bloom,Beleza,Marketplace,106.83,10,42.01,449,19,21,0,466.46,4.36,3.96,34
2025-04-21,SKU027,Secador Air,Beleza,Site,138.12,25,52.92,249,11,11,0,324.66,4.57,3.45,22
2025-04-21,SKU027,Secador Air,Beleza,Aplicativo,139.53,15,54.57,191,16,20,1,233.26,4.54,2.95,21
2025-04-21,SKU027,Secador Air,Beleza,Marketplace,142.58,10,53.76,259,15,18,0,230.68,4.33,3.04,18
2025-04-21,SKU028,Protetor Daily,Beleza,Site,143.77,10,55.24,226,7,7,0,245.32,3.85,2.38,13
2025-04-21,SKU028,Protetor Daily,Beleza,Aplicativo,140.02,0,56.44,184,11,13,2,245.48,3.59,3.66,14
2025-04-21,SKU028,Protetor Daily,Beleza,Marketplace,146.61,15,56.64,280,16,19,0,298.47,3.69,3.44,19
2025-04-21,SKU029,Escova Glow,Beleza,Site,95.4,0,35.66,248,5,6,0,415.03,4.48,3.71,15
2025-04-21,SKU029,Escova Glow,Beleza,Aplicativo,92.54,30,36.14,193,18,23,0,177.22,4.56,2.55,24
2025-04-21,SKU029,Escova Glow,Beleza,Marketplace,93.12,5,36.23,265,13,13,0,339.01,4.25,3.77,13
2025-04-21,SKU030,Sérum Vita,Beleza,Site,97.12,15,38.84,371,15,15,1,305.77,4.38,3.29,32
2025-04-21,SKU030,Sérum Vita,Beleza,Aplicativo,95.18,10,38.11,281,15,17,2,197.16,4.09,3.0,28
2025-04-21,SKU030,Sérum Vita,Beleza,Marketplace,96.21,20,38.46,437,22,28,1,394.69,4.37,2.95,35
2025-04-21,SKU031,Teclado Type,Informática,Site,618.89,15,400.07,240,7,7,1,389.62,4.29,3.74,11
2025-04-21,SKU031,Teclado Type,Informática,Aplicativo,577.13,0,412.72,220,1,1,0,272.63,3.91,3.11,10
2025-04-21,SKU031,Teclado Type,Informática,Marketplace,602.44,20,399.79,262,6,6,0,359.16,4.17,5.12,11
2025-04-21,SKU032,Mouse Click,Informática,Site,498.12,15,323.84,165,9,10,1,188.74,4.53,4.16,10
2025-04-21,SKU032,Mouse Click,Informática,Aplicativo,489.84,10,326.61,135,5,5,0,207.21,4.4,2.89,8
2025-04-21,SKU032,Mouse Click,Informática,Marketplace,492.43,25,326.75,226,3,4,0,456.48,4.49,3.27,15
2025-04-21,SKU033,Monitor View,Informática,Site,432.91,15,281.15,71,1,1,0,284.29,3.7,4.59,3
2025-04-21,SKU033,Monitor View,Informática,Aplicativo,425.53,5,282.98,67,1,2,0,333.08,3.57,3.14,3
2025-04-21,SKU033,Monitor View,Informática,Marketplace,421.45,10,287.32,98,1,1,0,662.92,3.65,5.34,3
2025-04-21,SKU034,SSD Fast,Informática,Site,673.54,5,450.07,119,3,3,0,194.96,4.36,3.16,6
2025-04-21,SKU034,SSD Fast,Informática,Aplicativo,659.36,20,446.67,93,3,3,0,136.94,4.55,3.34,6
2025-04-21,SKU034,SSD Fast,Informática,Marketplace,670.33,15,447.72,113,3,4,1,236.54,4.49,3.38,6
2025-04-21,SKU035,Hub Connect,Informática,Site,686.19,25,458.47,168,11,11,0,268.45,4.66,2.57,11
2025-04-21,SKU035,Hub Connect,Informática,Aplicativo,684.64,10,453.59,127,5,6,1,247.49,4.56,2.6,8
2025-04-21,SKU035,Hub Connect,Informática,Marketplace,703.7,15,433.2,176,4,4,0,339.2,4.41,3.82,8
2025-04-21,SKU036,Notebook Go,Informática,Site,526.14,5,337.83,282,6,8,0,282.78,3.75,3.44,11
2025-04-21,SKU036,Notebook Go,Informática,Aplicativo,534.32,25,346.41,216,7,9,0,139.14,4.07,2.61,14
2025-04-21,SKU036,Notebook Go,Informática,Marketplace,543.37,10,346.66,271,2,3,0,196.6,3.94,4.19,10
2025-04-21,SKU037,Bloco Criar,Infantil,Site,158.53,5,73.83,152,3,3,0,536.52,4.02,4.12,11
2025-04-21,SKU037,Bloco Criar,Infantil,Aplicativo,164.38,20,74.16,110,3,5,0,364.78,4.2,3.23,6
2025-04-21,SKU037,Bloco Criar,Infantil,Marketplace,158.23,20,77.18,163,8,9,0,609.95,4.2,3.14,13
2025-04-21,SKU038,Livro Descobrir,Infantil,Site,114.93,10,54.08,92,7,7,0,416.51,4.62,3.57,8
2025-04-21,SKU038,Livro Descobrir,Infantil,Aplicativo,119.24,20,56.2,72,5,6,0,207.22,4.22,3.09,8
2025-04-21,SKU038,Livro Descobrir,Infantil,Marketplace,115.87,30,57.12,112,10,11,0,329.75,4.28,4.8,11
2025-04-21,SKU039,Jogo Família,Infantil,Site,157.67,10,72.31,121,4,4,0,147.14,4.49,2.91,12
2025-04-21,SKU039,Jogo Família,Infantil,Aplicativo,154.44,0,73.79,135,5,5,0,244.35,4.52,2.82,9
2025-04-21,SKU039,Jogo Família,Infantil,Marketplace,153.57,0,74.17,191,9,9,1,358.87,4.6,4.83,9
2025-04-21,SKU040,Mochila Kids,Infantil,Site,132.93,20,56.73,164,10,10,1,439.9,4.44,4.14,12
2025-04-21,SKU040,Mochila Kids,Infantil,Aplicativo,127.74,10,59.03,129,6,7,1,188.63,4.15,3.14,10
2025-04-21,SKU040,Mochila Kids,Infantil,Marketplace,128.76,15,60.74,174,11,12,0,272.34,4.26,3.03,12
2025-04-21,SKU041,Pelúcia Nuvem,Infantil,Site,139.53,10,67.2,449,15,17,1,207.39,3.7,2.37,24
2025-04-21,SKU041,Pelúcia Nuvem,Infantil,Aplicativo,145.55,0,67.75,410,19,19,1,236.92,3.6,2.69,21
2025-04-21,SKU041,Pelúcia Nuvem,Infantil,Marketplace,142.6,0,66.26,550,14,15,0,342.66,3.43,4.29,19
2025-04-21,SKU042,Patinete Joy,Infantil,Site,92.58,20,44.97,221,5,5,0,230.18,4.14,3.74,20
2025-04-21,SKU042,Patinete Joy,Infantil,Aplicativo,101.99,0,45.51,170,8,8,0,192.62,4.2,2.81,15
2025-04-21,SKU042,Patinete Joy,Infantil,Marketplace,99.31,10,46.81,257,6,6,3,236.27,4.46,4.55,15
2025-04-21,SKU043,Cama Cozy,Pet,Site,85.67,5,39.13,375,11,12,0,230.23,3.5,3.11,19
2025-04-21,SKU043,Cama Cozy,Pet,Aplicativo,88.63,15,39.61,318,20,22,0,350.2,3.68,2.46,23
2025-04-21,SKU043,Cama Cozy,Pet,Marketplace,87.68,5,38.42,403,11,12,1,213.59,3.64,3.66,23
2025-04-21,SKU044,Fonte Fresh,Pet,Site,90.37,20,40.37,120,6,6,0,283.2,4.88,2.9,11
2025-04-21,SKU044,Fonte Fresh,Pet,Aplicativo,92.6,10,39.06,103,3,5,0,382.96,4.58,3.61,10
2025-04-21,SKU044,Fonte Fresh,Pet,Marketplace,90.75,10,40.35,157,4,6,0,483.94,4.66,3.93,10
2025-04-21,SKU045,Brinquedo Fun,Pet,Site,101.98,15,42.81,193,14,15,0,395.37,4.35,3.66,16
2025-04-21,SKU045,Brinquedo Fun,Pet,Aplicativo,97.6,25,43.96,154,10,12,0,281.15,4.46,2.75,17
2025-04-21,SKU045,Brinquedo Fun,Pet,Marketplace,100.33,10,44.85,239,14,14,0,428.73,4.51,4.9,14
2025-04-21,SKU046,Coleira Safe,Pet,Site,138.55,20,59.99,188,10,8,0,270.0,4.08,3.44,8
2025-04-21,SKU046,Coleira Safe,Pet,Aplicativo,136.39,10,61.1,173,11,13,0,252.57,4.02,2.82,15
2025-04-21,SKU046,Coleira Safe,Pet,Marketplace,139.78,10,60.5,244,20,14,0,266.53,4.29,4.44,14
2025-04-21,SKU047,Comedouro Smart,Pet,Site,88.77,30,37.73,273,23,26,0,171.51,4.1,2.8,35
2025-04-21,SKU047,Comedouro Smart,Pet,Aplicativo,78.98,10,37.28,253,16,20,1,304.4,4.22,3.15,28
2025-04-21,SKU047,Comedouro Smart,Pet,Marketplace,82.0,10,37.27,352,10,10,0,395.44,4.35,4.21,20
2025-04-21,SKU048,Kit Higiene,Pet,Site,134.77,15,62.07,505,19,21,2,243.33,4.34,2.68,45
2025-04-21,SKU048,Kit Higiene,Pet,Aplicativo,139.05,10,61.17,429,18,19,1,158.64,4.41,4.02,23
2025-04-21,SKU048,Kit Higiene,Pet,Marketplace,133.42,5,58.95,576,22,25,0,277.95,4.29,3.74,28
2025-04-28,SKU001,Fone Pulse,Áudio e vídeo,Site,354.6,20,199.07,230,12,12,2,304.98,4.74,3.27,12
2025-04-28,SKU001,Fone Pulse,Áudio e vídeo,Aplicativo,341.8,10,200.21,229,10,13,2,208.93,4.64,3.72,16
2025-04-28,SKU001,Fone Pulse,Áudio e vídeo,Marketplace,331.3,5,193.97,297,9,10,0,306.58,4.81,3.66,20
2025-04-28,SKU002,Caixa Wave,Áudio e vídeo,Site,279.69,15,159.23,346,17,18,0,244.98,4.81,3.03,29
2025-04-28,SKU002,Caixa Wave,Áudio e vídeo,Aplicativo,279.17,10,159.27,308,16,18,2,224.79,4.76,3.0,26
2025-04-28,SKU002,Caixa Wave,Áudio e vídeo,Marketplace,285.0,10,155.84,443,16,18,3,594.63,4.85,4.25,21
2025-04-28,SKU003,Webcam Focus,Áudio e vídeo,Site,408.9,0,233.72,240,7,8,1,488.75,3.85,3.83,8
2025-04-28,SKU003,Webcam Focus,Áudio e vídeo,Aplicativo,429.94,15,234.58,177,6,7,0,164.64,3.76,3.99,11
2025-04-28,SKU003,Webcam Focus,Áudio e vídeo,Marketplace,412.31,5,239.28,272,5,5,0,293.6,3.82,4.06,9
2025-04-28,SKU004,Microfone Voice,Áudio e vídeo,Site,321.7,5,190.22,121,5,5,1,295.08,4.8,3.53,7
2025-04-28,SKU004,Microfone Voice,Áudio e vídeo,Aplicativo,329.81,5,195.02,132,7,8,1,276.46,4.77,1.81,9
2025-04-28,SKU004,Microfone Voice,Áudio e vídeo,Marketplace,339.18,10,192.79,168,7,7,0,278.58,4.79,4.62,7
2025-04-28,SKU005,Soundbar One,Áudio e vídeo,Site,407.03,15,244.06,248,8,8,0,443.06,3.97,2.66,15
2025-04-28,SKU005,Soundbar One,Áudio e vídeo,Aplicativo,419.8,0,241.59,180,3,3,1,216.21,3.99,2.62,12
2025-04-28,SKU005,Soundbar One,Áudio e vídeo,Marketplace,425.48,5,244.35,293,11,10,1,325.7,4.08,4.33,10
2025-04-28,SKU006,Headset Play,Áudio e vídeo,Site,375.45,5,213.48,144,1,1,0,261.27,3.7,3.64,5
2025-04-28,SKU006,Headset Play,Áudio e vídeo,Aplicativo,366.86,5,208.38,92,0,0,0,196.06,3.57,2.69,5
2025-04-28,SKU006,Headset Play,Áudio e vídeo,Marketplace,371.79,5,208.46,139,4,5,0,311.62,3.44,3.54,6
2025-04-28,SKU007,Panela Chef,Casa e cozinha,Site,264.72,0,134.36,424,15,14,0,442.71,4.48,4.04,14
2025-04-28,SKU007,Panela Chef,Casa e cozinha,Aplicativo,262.92,15,136.03,339,23,25,2,151.14,4.72,3.4,28
2025-04-28,SKU007,Panela Chef,Casa e cozinha,Marketplace,262.51,0,132.43,492,14,15,0,324.12,4.75,4.89,24
2025-04-28,SKU008,Air Fryer Easy,Casa e cozinha,Site,313.16,10,157.13,198,10,10,0,386.56,4.65,2.58,13
2025-04-28,SKU008,Air Fryer Easy,Casa e cozinha,Aplicativo,295.12,10,156.59,126,11,12,1,140.0,4.61,2.38,12
2025-04-28,SKU008,Air Fryer Easy,Casa e cozinha,Marketplace,299.22,0,162.53,224,7,8,0,482.55,4.79,4.28,13
2025-04-28,SKU009,Jogo Mesa,Casa e cozinha,Site,203.86,15,104.0,181,12,13,0,296.43,4.01,3.04,15
2025-04-28,SKU009,Jogo Mesa,Casa e cozinha,Aplicativo,201.58,0,104.59,183,4,5,0,254.39,4.03,4.42,11
2025-04-28,SKU009,Jogo Mesa,Casa e cozinha,Marketplace,202.9,15,100.01,209,9,9,1,229.18,4.39,4.82,13
2025-04-28,SKU010,Luminária Aura,Casa e cozinha,Site,200.41,15,103.8,332,11,13,2,298.33,4.31,4.25,21
2025-04-28,SKU010,Luminária Aura,Casa e cozinha,Aplicativo,196.53,0,100.52,310,15,17,0,192.73,4.46,2.52,21
2025-04-28,SKU010,Luminária Aura,Casa e cozinha,Marketplace,188.74,10,98.15,407,18,22,1,470.53,4.42,3.56,27
2025-04-28,SKU011,Organizador Box,Casa e cozinha,Site,295.47,10,154.92,556,12,12,3,278.19,4.03,3.82,16
2025-04-28,SKU011,Organizador Box,Casa e cozinha,Aplicativo,309.2,10,156.09,523,36,33,2,380.62,3.92,3.09,33
2025-04-28,SKU011,Organizador Box,Casa e cozinha,Marketplace,296.3,0,160.76,748,24,25,1,553.35,4.15,3.79,40
2025-04-28,SKU012,Mixer Prático,Casa e cozinha,Site,239.33,5,121.74,147,3,3,0,263.33,3.8,2.82,9
2025-04-28,SKU012,Mixer Prático,Casa e cozinha,Aplicativo,228.81,10,122.95,145,8,11,0,328.68,3.82,3.2,11
2025-04-28,SKU012,Mixer Prático,Casa e cozinha,Marketplace,242.49,25,121.28,183,7,8,0,360.8,3.73,3.68,12
2025-04-28,SKU013,Tênis Run,Esporte,Site,193.02,20,98.98,221,11,13,0,291.81,3.9,2.65,14
2025-04-28,SKU013,Tênis Run,Esporte,Aplicativo,196.44,10,95.89,170,8,9,0,221.87,3.88,2.94,13
2025-04-28,SKU013,Tênis Run,Esporte,Marketplace,203.36,10,97.05,235,10,11,0,369.2,3.67,3.73,11
2025-04-28,SKU014,Mochila Trail,Esporte,Site,188.19,20,92.53,304,11,12,0,301.07,4.8,3.27,30
2025-04-28,SKU014,Mochila Trail,Esporte,Aplicativo,195.43,10,95.89,280,6,6,0,262.38,4.65,2.89,26
2025-04-28,SKU014,Mochila Trail,Esporte,Marketplace,197.78,5,92.16,356,8,8,1,247.04,4.49,3.13,22
2025-04-28,SKU015,Garrafa Move,Esporte,Site,171.61,0,86.41,143,4,4,0,501.61,4.61,3.27,9
2025-04-28,SKU015,Garrafa Move,Esporte,Aplicativo,181.51,0,89.32,81,4,5,0,155.43,4.59,2.68,6
2025-04-28,SKU015,Garrafa Move,Esporte,Marketplace,184.9,10,87.77,116,4,4,0,251.86,4.78,3.3,7
2025-04-28,SKU016,Tapete Zen,Esporte,Site,193.5,20,89.92,225,14,17,0,203.56,4.01,3.03,17
2025-04-28,SKU016,Tapete Zen,Esporte,Aplicativo,182.2,20,91.44,182,5,5,0,209.74,3.95,3.56,13
2025-04-28,SKU016,Tapete Zen,Esporte,Marketplace,189.0,20,91.89,289,9,10,0,226.82,4.12,3.5,22
2025-04-28,SKU017,Kit Funcional,Esporte,Site,161.63,0,78.36,386,13,15,0,299.11,4.0,3.97,15
2025-04-28,SKU017,Kit Funcional,Esporte,Aplicativo,161.25,25,77.26,252,10,10,0,162.7,3.72,2.98,19
2025-04-28,SKU017,Kit Funcional,Esporte,Marketplace,158.85,15,76.1,441,15,17,0,476.7,3.92,4.68,21
2025-04-28,SKU018,Relógio Fit,Esporte,Site,230.9,15,115.43,269,10,10,1,535.17,4.35,3.77,15
2025-04-28,SKU018,Relógio Fit,Esporte,Aplicativo,225.75,10,112.61,200,14,15,2,165.4,4.53,4.34,15
2025-04-28,SKU018,Relógio Fit,Esporte,Marketplace,225.27,10,114.52,291,13,10,0,316.82,4.59,3.34,10
2025-04-28,SKU019,Camiseta Urban,Moda,Site,181.84,15,76.73,153,9,9,1,361.85,4.27,2.65,17
2025-04-28,SKU019,Camiseta Urban,Moda,Aplicativo,177.97,15,76.6,124,6,9,1,209.68,4.3,2.58,11
2025-04-28,SKU019,Camiseta Urban,Moda,Marketplace,180.41,0,80.3,182,5,5,1,287.11,4.18,4.18,8
2025-04-28,SKU020,Calça Flex,Moda,Site,137.89,10,52.7,217,10,10,1,249.35,3.64,2.63,14
2025-04-28,SKU020,Calça Flex,Moda,Aplicativo,125.81,15,54.25,216,16,18,3,488.18,3.68,2.93,21
2025-04-28,SKU020,Calça Flex,Moda,Marketplace,123.42,0,54.84,244,3,3,1,241.21,3.75,5.17,8
2025-04-28,SKU021,Tênis Street,Moda,Site,154.48,10,65.85,204,7,9,4,212.02,4.15,2.69,19
2025-04-28,SKU021,Tênis Street,Moda,Aplicativo,158.69,20,65.81,164,7,8,1,221.81,4.34,3.3,20
2025-04-28,SKU021,Tênis Street,Moda,Marketplace,154.35,10,64.25,203,5,8,1,204.13,4.21,3.76,13
2025-04-28,SKU022,Jaqueta City,Moda,Site,171.86,15,74.79,245,9,9,1,282.43,4.03,3.69,16
2025-04-28,SKU022,Jaqueta City,Moda,Aplicativo,166.48,10,73.12,212,13,16,2,177.06,4.54,3.3,21
2025-04-28,SKU022,Jaqueta City,Moda,Marketplace,171.65,10,71.39,278,9,11,1,294.68,4.29,4.08,18
2025-04-28,SKU023,Bolsa Mini,Moda,Site,136.2,15,61.34,481,18,23,4,331.85,3.77,2.59,32
2025-04-28,SKU023,Bolsa Mini,Moda,Aplicativo,134.72,5,60.46,437,19,21,2,331.17,3.58,3.61,35
2025-04-28,SKU023,Bolsa Mini,Moda,Marketplace,136.15,10,59.05,505,20,16,2,304.18,3.63,4.2,16
2025-04-28,SKU024,Moletom Soft,Moda,Site,134.97,10,56.79,270,15,17,1,411.14,4.19,2.21,19
2025-04-28,SKU024,Moletom Soft,Moda,Aplicativo,131.26,25,56.65,205,19,23,1,223.33,4.21,3.01,27
2025-04-28,SKU024,Moletom Soft,Moda,Marketplace,136.5,5,57.29,258,7,8,1,332.43,4.0,3.56,13
2025-04-28,SKU025,Kit Skin,Beleza,Site,105.02,15,40.48,147,8,11,0,261.35,3.55,2.48,12
2025-04-28,SKU025,Kit Skin,Beleza,Aplicativo,104.33,15,40.17,108,4,4,0,161.95,3.61,2.93,9
2025-04-28,SKU025,Kit Skin,Beleza,Marketplace,102.22,15,40.59,191,11,9,0,313.8,3.62,4.39,9
2025-04-28,SKU026,Perfume Bloom,Beleza,Site,107.8,10,40.9,376,20,25,0,214.91,4.24,2.94,25
2025-04-28,SKU026,Perfume Bloom,Beleza,Aplicativo,107.71,10,40.53,304,16,16,0,234.63,4.48,2.05,16
2025-04-28,SKU026,Perfume Bloom,Beleza,Marketplace,106.83,25,41.38,410,25,29,0,199.29,4.36,4.99,33
2025-04-28,SKU027,Secador Air,Beleza,Site,136.29,0,53.9,265,17,19,0,294.05,4.54,3.23,19
2025-04-28,SKU027,Secador Air,Beleza,Aplicativo,139.42,5,54.29,183,6,7,0,391.2,4.53,2.7,18
2025-04-28,SKU027,Secador Air,Beleza,Marketplace,137.67,15,54.09,262,11,11,0,232.14,4.62,5.01,15
2025-04-28,SKU028,Protetor Daily,Beleza,Site,139.48,30,55.34,228,13,14,0,402.06,3.82,3.15,22
2025-04-28,SKU028,Protetor Daily,Beleza,Aplicativo,145.1,10,55.21,190,8,10,0,209.82,3.94,2.89,17
2025-04-28,SKU028,Protetor Daily,Beleza,Marketplace,141.31,0,55.22,316,10,10,0,325.36,3.66,4.25,12
2025-04-28,SKU029,Escova Glow,Beleza,Site,94.06,25,36.15,223,17,19,0,274.61,4.46,3.51,19
2025-04-28,SKU029,Escova Glow,Beleza,Aplicativo,95.64,30,35.9,204,24,28,1,273.6,4.58,3.07,28
2025-04-28,SKU029,Escova Glow,Beleza,Marketplace,92.39,5,35.56,299,13,16,2,338.35,4.54,3.87,23
2025-04-28,SKU030,Sérum Vita,Beleza,Site,98.61,20,39.25,368,19,20,0,318.04,4.34,3.2,35
2025-04-28,SKU030,Sérum Vita,Beleza,Aplicativo,98.39,10,38.36,375,19,22,0,427.51,4.23,3.05,43
2025-04-28,SKU030,Sérum Vita,Beleza,Marketplace,100.4,15,38.62,423,10,11,0,280.27,4.27,3.92,23
2025-04-28,SKU031,Teclado Type,Informática,Site,601.72,5,396.59,242,9,10,2,188.37,4.09,2.75,10
2025-04-28,SKU031,Teclado Type,Informática,Aplicativo,611.47,25,389.49,191,13,17,0,218.88,4.27,2.66,18
2025-04-28,SKU031,Teclado Type,Informática,Marketplace,611.41,10,405.98,267,9,9,0,387.13,4.25,3.62,10
2025-04-28,SKU032,Mouse Click,Informática,Site,489.19,5,320.74,168,4,4,0,228.0,4.24,3.12,7
2025-04-28,SKU032,Mouse Click,Informática,Aplicativo,507.44,10,317.47,133,3,3,0,151.45,4.52,3.17,8
2025-04-28,SKU032,Mouse Click,Informática,Marketplace,495.57,5,302.16,213,4,6,0,335.68,4.36,4.64,8
2025-04-28,SKU033,Monitor View,Informática,Site,415.1,10,276.9,83,4,5,0,309.48,3.72,2.66,5
2025-04-28,SKU033,Monitor View,Informática,Aplicativo,419.61,10,284.46,67,1,1,0,201.06,3.6,2.17,3
2025-04-28,SKU033,Monitor View,Informática,Marketplace,414.66,20,283.54,90,2,2,0,309.12,3.76,4.06,4
2025-04-28,SKU034,SSD Fast,Informática,Site,672.15,15,438.8,113,2,2,0,280.52,4.69,2.81,7
2025-04-28,SKU034,SSD Fast,Informática,Aplicativo,670.02,0,438.76,104,4,4,1,544.61,4.62,3.71,6
2025-04-28,SKU034,SSD Fast,Informática,Marketplace,699.27,10,447.35,134,1,1,0,461.82,4.48,4.73,4
2025-04-28,SKU035,Hub Connect,Informática,Site,695.86,20,464.38,162,6,6,0,253.96,4.52,3.25,9
2025-04-28,SKU035,Hub Connect,Informática,Aplicativo,682.29,15,450.37,127,3,4,0,173.44,4.73,2.04,11
2025-04-28,SKU035,Hub Connect,Informática,Marketplace,673.6,15,457.9,184,6,7,0,301.72,4.72,4.0,10
2025-04-28,SKU036,Notebook Go,Informática,Site,528.1,15,356.51,265,4,4,0,370.23,3.7,3.99,10
2025-04-28,SKU036,Notebook Go,Informática,Aplicativo,541.83,0,357.24,218,4,4,0,251.94,3.85,4.1,8
2025-04-28,SKU036,Notebook Go,Informática,Marketplace,534.56,15,353.51,301,7,8,0,297.97,3.84,4.82,12
2025-04-28,SKU037,Bloco Criar,Infantil,Site,156.1,5,75.52,138,4,4,0,290.1,4.07,2.49,9
2025-04-28,SKU037,Bloco Criar,Infantil,Aplicativo,155.61,25,74.97,102,13,12,0,236.37,4.33,2.63,12
2025-04-28,SKU037,Bloco Criar,Infantil,Marketplace,156.31,15,73.81,160,11,11,0,466.48,3.99,3.37,11
2025-04-28,SKU038,Livro Descobrir,Infantil,Site,116.23,30,56.02,76,3,3,0,242.4,4.31,4.1,6
2025-04-28,SKU038,Livro Descobrir,Infantil,Aplicativo,116.88,15,53.65,58,1,1,0,323.56,4.25,2.51,6
2025-04-28,SKU038,Livro Descobrir,Infantil,Marketplace,117.83,15,53.13,89,7,6,0,242.31,4.56,3.41,6
2025-04-28,SKU039,Jogo Família,Infantil,Site,157.35,20,73.64,143,7,8,0,318.97,4.5,3.27,11
2025-04-28,SKU039,Jogo Família,Infantil,Aplicativo,166.59,25,71.6,118,4,4,0,281.27,4.62,2.7,11
2025-04-28,SKU039,Jogo Família,Infantil,Marketplace,153.96,0,74.91,183,8,9,0,334.74,4.66,3.61,14
2025-04-28,SKU040,Mochila Kids,Infantil,Site,125.9,10,59.99,150,8,10,0,308.81,4.58,3.56,14
2025-04-28,SKU040,Mochila Kids,Infantil,Aplicativo,128.83,10,57.89,108,8,8,0,293.65,4.18,2.85,11
2025-04-28,SKU040,Mochila Kids,Infantil,Marketplace,126.31,5,58.0,185,3,5,0,303.37,4.46,4.91,7
2025-04-28,SKU041,Pelúcia Nuvem,Infantil,Site,139.73,0,67.46,443,11,13,0,323.65,3.6,3.57,27
2025-04-28,SKU041,Pelúcia Nuvem,Infantil,Aplicativo,141.93,10,67.13,400,21,24,0,444.19,3.51,2.89,28
2025-04-28,SKU041,Pelúcia Nuvem,Infantil,Marketplace,137.88,15,67.04,499,21,27,1,214.34,3.69,3.41,36
2025-04-28,SKU042,Patinete Joy,Infantil,Site,96.78,0,47.15,241,11,12,0,358.19,4.21,3.95,12
2025-04-28,SKU042,Patinete Joy,Infantil,Aplicativo,94.66,15,46.9,208,12,12,0,233.59,4.3,3.39,17
2025-04-28,SKU042,Patinete Joy,Infantil,Marketplace,98.4,10,46.8,286,13,14,0,352.95,4.36,4.64,14
2025-04-28,SKU043,Cama Cozy,Pet,Site,87.4,0,38.21,377,7,9,0,298.02,3.65,2.82,17
2025-04-28,SKU043,Cama Cozy,Pet,Aplicativo,85.99,10,39.87,281,19,11,0,210.3,3.67,3.55,11
2025-04-28,SKU043,Cama Cozy,Pet,Marketplace,90.4,10,39.99,490,14,14,1,446.97,3.78,4.31,21
2025-04-28,SKU044,Fonte Fresh,Pet,Site,88.99,0,40.02,118,2,2,0,450.95,4.75,2.82,8
2025-04-28,SKU044,Fonte Fresh,Pet,Aplicativo,91.62,15,38.58,114,3,3,0,320.31,4.73,3.57,9
2025-04-28,SKU044,Fonte Fresh,Pet,Marketplace,87.01,5,39.33,147,11,11,1,250.98,4.79,4.72,11
2025-04-28,SKU045,Brinquedo Fun,Pet,Site,101.13,20,42.94,212,11,12,0,335.95,4.18,3.98,13
2025-04-28,SKU045,Brinquedo Fun,Pet,Aplicativo,100.67,0,43.14,149,4,5,0,195.39,4.1,3.73,12
2025-04-28,SKU045,Brinquedo Fun,Pet,Marketplace,98.42,10,44.33,215,8,8,1,418.64,4.2,4.14,11
2025-04-28,SKU046,Coleira Safe,Pet,Site,141.66,10,60.81,194,11,12,0,267.82,4.02,3.32,14
2025-04-28,SKU046,Coleira Safe,Pet,Aplicativo,136.32,0,61.49,170,12,13,0,226.31,4.28,2.9,14
2025-04-28,SKU046,Coleira Safe,Pet,Marketplace,142.98,10,61.38,256,10,12,0,441.77,4.21,3.05,14
2025-04-28,SKU047,Comedouro Smart,Pet,Site,83.69,25,38.96,277,15,17,0,315.49,4.33,2.77,22
2025-04-28,SKU047,Comedouro Smart,Pet,Aplicativo,84.4,0,37.55,262,12,14,0,282.23,4.32,3.12,21
2025-04-28,SKU047,Comedouro Smart,Pet,Marketplace,87.07,25,38.05,314,16,16,0,256.6,4.12,3.97,19
2025-04-28,SKU048,Kit Higiene,Pet,Site,132.49,30,61.58,569,32,39,0,473.13,4.43,3.46,57
2025-04-28,SKU048,Kit Higiene,Pet,Aplicativo,131.6,5,60.28,492,25,26,0,404.94,4.37,3.32,45
2025-04-28,SKU048,Kit Higiene,Pet,Marketplace,130.51,15,60.98,654,32,37,1,355.88,4.38,4.66,41
2025-05-05,SKU001,Fone Pulse,Áudio e vídeo,Site,336.12,5,188.33,291,10,10,1,407.85,4.56,2.97,10
2025-05-05,SKU001,Fone Pulse,Áudio e vídeo,Aplicativo,349.56,0,203.14,287,7,8,0,563.3,4.74,2.87,14
2025-05-05,SKU001,Fone Pulse,Áudio e vídeo,Marketplace,365.45,20,193.76,349,12,15,0,393.18,4.69,3.84,21
2025-05-05,SKU002,Caixa Wave,Áudio e vídeo,Site,275.24,10,154.41,310,10,10,0,203.28,4.94,2.71,17
2025-05-05,SKU002,Caixa Wave,Áudio e vídeo,Aplicativo,279.81,15,160.15,309,28,32,2,246.74,5.0,1.74,33
2025-05-05,SKU002,Caixa Wave,Áudio e vídeo,Marketplace,285.05,0,157.32,503,13,15,1,520.69,4.72,4.82,21
2025-05-05,SKU003,Webcam Focus,Áudio e vídeo,Site,441.6,0,242.7,256,5,7,1,395.04,3.75,3.65,9
2025-05-05,SKU003,Webcam Focus,Áudio e vídeo,Aplicativo,387.27,0,237.58,229,12,11,0,326.88,3.77,3.0,11
2025-05-05,SKU003,Webcam Focus,Áudio e vídeo,Marketplace,417.74,5,228.49,324,2,2,0,332.13,3.63,4.37,12
2025-05-05,SKU004,Microfone Voice,Áudio e vídeo,Site,323.97,5,189.68,167,6,8,0,325.27,4.85,3.87,9
2025-05-05,SKU004,Microfone Voice,Áudio e vídeo,Aplicativo,326.41,15,189.2,110,5,8,0,178.66,4.75,2.93,12
2025-05-05,SKU004,Microfone Voice,Áudio e vídeo,Marketplace,345.86,15,195.04,205,5,5,1,338.62,4.8,3.28,10
2025-05-05,SKU005,Soundbar One,Áudio e vídeo,Site,425.47,25,239.89,243,5,5,1,278.47,4.06,3.07,18
2025-05-05,SKU005,Soundbar One,Áudio e vídeo,Aplicativo,425.44,0,238.95,206,9,7,0,269.88,4.17,2.56,7
2025-05-05,SKU005,Soundbar One,Áudio e vídeo,Marketplace,437.0,10,238.96,308,6,6,0,490.58,4.04,4.11,13
2025-05-05,SKU006,Headset Play,Áudio e vídeo,Site,372.71,0,207.68,158,7,7,0,347.55,3.57,3.12,7
2025-05-05,SKU006,Headset Play,Áudio e vídeo,Aplicativo,370.56,10,209.71,147,4,4,0,268.3,3.56,3.04,4
2025-05-05,SKU006,Headset Play,Áudio e vídeo,Marketplace,378.22,0,210.94,168,6,6,0,314.32,3.59,4.46,6
2025-05-05,SKU007,Panela Chef,Casa e cozinha,Site,272.54,15,134.01,410,19,24,1,160.31,4.49,2.53,34
2025-05-05,SKU007,Panela Chef,Casa e cozinha,Aplicativo,262.85,10,136.13,365,22,27,2,214.83,4.74,2.14,43
2025-05-05,SKU007,Panela Chef,Casa e cozinha,Marketplace,253.74,20,134.22,529,20,22,0,332.66,4.65,4.28,32
2025-05-05,SKU008,Air Fryer Easy,Casa e cozinha,Site,311.02,10,156.63,173,6,8,0,213.64,4.75,3.27,14
2025-05-05,SKU008,Air Fryer Easy,Casa e cozinha,Aplicativo,306.66,20,164.15,159,8,9,1,201.89,4.7,2.71,18
2025-05-05,SKU008,Air Fryer Easy,Casa e cozinha,Marketplace,314.74,0,158.92,270,8,8,1,382.98,4.64,3.62,8
2025-05-05,SKU009,Jogo Mesa,Casa e cozinha,Site,199.31,10,105.44,241,8,9,0,286.5,4.1,2.58,18
2025-05-05,SKU009,Jogo Mesa,Casa e cozinha,Aplicativo,194.61,10,105.04,226,9,10,0,449.02,4.15,3.51,10
2025-05-05,SKU009,Jogo Mesa,Casa e cozinha,Marketplace,197.82,20,107.33,293,12,15,0,583.43,3.97,4.43,17
2025-05-05,SKU010,Luminária Aura,Casa e cozinha,Site,193.59,15,100.86,350,15,17,0,359.76,4.48,3.1,26
2025-05-05,SKU010,Luminária Aura,Casa e cozinha,Aplicativo,193.03,25,100.36,306,24,27,4,315.48,4.45,3.43,31
2025-05-05,SKU010,Luminária Aura,Casa e cozinha,Marketplace,197.93,15,100.76,440,26,28,2,550.46,4.42,2.84,38
2025-05-05,SKU011,Organizador Box,Casa e cozinha,Site,313.52,5,160.96,640,29,34,1,299.14,4.29,3.07,42
2025-05-05,SKU011,Organizador Box,Casa e cozinha,Aplicativo,313.43,0,155.23,569,22,28,0,331.33,4.04,2.97,31
2025-05-05,SKU011,Organizador Box,Casa e cozinha,Marketplace,305.89,15,156.32,757,30,35,1,364.63,3.97,4.2,50
2025-05-05,SKU012,Mixer Prático,Casa e cozinha,Site,237.54,15,123.12,166,6,7,0,276.25,3.83,2.57,14
2025-05-05,SKU012,Mixer Prático,Casa e cozinha,Aplicativo,235.14,30,121.95,155,3,3,0,193.39,3.6,3.08,13
2025-05-05,SKU012,Mixer Prático,Casa e cozinha,Marketplace,236.15,20,120.23,236,10,11,1,496.05,3.72,3.51,16
2025-05-05,SKU013,Tênis Run,Esporte,Site,193.27,5,97.69,243,5,5,1,493.92,3.86,2.44,11
2025-05-05,SKU013,Tênis Run,Esporte,Aplicativo,199.07,10,94.93,166,5,6,0,212.92,3.8,2.86,11
2025-05-05,SKU013,Tênis Run,Esporte,Marketplace,198.45,10,96.11,279,3,3,0,372.81,3.93,5.49,10
2025-05-05,SKU014,Mochila Trail,Esporte,Site,185.86,10,95.0,355,14,17,0,317.58,4.83,3.52,29
2025-05-05,SKU014,Mochila Trail,Esporte,Aplicativo,186.54,20,92.51,258,14,16,0,264.57,4.43,4.73,20
2025-05-05,SKU014,Mochila Trail,Esporte,Marketplace,199.07,15,95.41,422,15,17,2,490.7,4.5,3.81,31
2025-05-05,SKU015,Garrafa Move,Esporte,Site,183.34,5,88.0,156,3,3,0,395.91,4.71,3.65,8
2025-05-05,SKU015,Garrafa Move,Esporte,Aplicativo,179.83,10,87.42,121,8,9,0,419.71,4.65,2.88,9
2025-05-05,SKU015,Garrafa Move,Esporte,Marketplace,177.27,5,87.29,165,6,7,0,410.35,4.66,4.24,9
2025-05-05,SKU016,Tapete Zen,Esporte,Site,189.21,10,87.99,319,12,14,1,401.76,3.83,3.18,14
2025-05-05,SKU016,Tapete Zen,Esporte,Aplicativo,184.67,15,92.95,285,15,16,1,579.71,3.86,3.36,16
2025-05-05,SKU016,Tapete Zen,Esporte,Marketplace,187.82,15,91.42,292,6,6,0,245.98,3.86,4.34,15
2025-05-05,SKU017,Kit Funcional,Esporte,Site,153.14,20,78.41,424,12,13,0,215.85,3.82,2.16,37
2025-05-05,SKU017,Kit Funcional,Esporte,Aplicativo,159.89,20,77.9,311,13,15,1,431.61,3.84,2.82,27
2025-05-05,SKU017,Kit Funcional,Esporte,Marketplace,157.04,20,76.53,435,23,26,0,289.37,3.9,4.01,33
2025-05-05,SKU018,Relógio Fit,Esporte,Site,231.34,10,114.82,248,15,16,0,141.62,4.51,2.1,19
2025-05-05,SKU018,Relógio Fit,Esporte,Aplicativo,229.37,10,112.54,214,7,7,0,288.34,4.49,3.89,15
2025-05-05,SKU018,Relógio Fit,Esporte,Marketplace,234.56,20,113.13,291,9,10,1,307.87,4.44,4.86,13
2025-05-05,SKU019,Camiseta Urban,Moda,Site,185.51,10,78.84,189,3,4,2,381.34,4.4,3.32,13
2025-05-05,SKU019,Camiseta Urban,Moda,Aplicativo,191.77,10,78.19,139,7,7,1,288.75,4.28,2.11,15
2025-05-05,SKU019,Camiseta Urban,Moda,Marketplace,178.55,25,76.62,209,14,11,1,499.58,4.25,4.26,11
2025-05-05,SKU020,Calça Flex,Moda,Site,122.77,10,53.52,203,14,11,2,216.52,3.54,3.49,11
2025-05-05,SKU020,Calça Flex,Moda,Aplicativo,127.96,5,54.33,182,9,11,0,249.12,3.82,2.77,14
2025-05-05,SKU020,Calça Flex,Moda,Marketplace,121.44,15,54.89,306,8,8,1,576.34,3.82,4.32,16
2025-05-05,SKU021,Tênis Street,Moda,Site,145.5,5,68.0,209,11,13,1,281.96,4.3,2.4,21
2025-05-05,SKU021,Tênis Street,Moda,Aplicativo,154.59,5,67.73,194,4,4,1,250.91,4.46,3.86,14
2025-05-05,SKU021,Tênis Street,Moda,Marketplace,152.22,5,65.52,297,21,23,3,490.95,4.28,2.7,23
2025-05-05,SKU022,Jaqueta City,Moda,Site,175.76,0,76.55,330,11,13,1,315.0,4.1,2.76,21
2025-05-05,SKU022,Jaqueta City,Moda,Aplicativo,164.96,10,73.02,241,10,10,1,217.69,4.34,3.13,19
2025-05-05,SKU022,Jaqueta City,Moda,Marketplace,168.13,15,72.73,336,14,15,2,486.03,4.24,4.49,24
2025-05-05,SKU023,Bolsa Mini,Moda,Site,139.02,15,61.43,591,27,29,3,472.67,3.73,3.1,37
2025-05-05,SKU023,Bolsa Mini,Moda,Aplicativo,140.66,20,62.47,362,23,27,1,158.14,3.55,3.01,33
2025-05-05,SKU023,Bolsa Mini,Moda,Marketplace,137.53,15,58.71,624,21,23,5,407.29,3.49,4.48,23
2025-05-05,SKU024,Moletom Soft,Moda,Site,130.52,5,58.13,276,9,9,2,408.6,3.95,2.59,22
2025-05-05,SKU024,Moletom Soft,Moda,Aplicativo,129.35,0,58.02,214,16,19,3,357.15,4.17,2.37,19
2025-05-05,SKU024,Moletom Soft,Moda,Marketplace,137.82,25,59.05,314,13,15,0,251.67,4.04,4.33,21
2025-05-05,SKU025,Kit Skin,Beleza,Site,99.55,10,41.29,155,7,7,0,268.29,3.52,2.88,11
2025-05-05,SKU025,Kit Skin,Beleza,Aplicativo,104.48,10,39.72,145,12,9,0,356.46,3.57,3.55,9
2025-05-05,SKU025,Kit Skin,Beleza,Marketplace,103.97,10,39.5,183,5,6,0,402.68,3.68,3.66,10
2025-05-05,SKU026,Perfume Bloom,Beleza,Site,111.38,5,41.79,431,13,13,1,390.58,4.41,3.41,25
2025-05-05,SKU026,Perfume Bloom,Beleza,Aplicativo,102.49,5,42.18,375,24,29,0,387.7,4.57,2.83,41
2025-05-05,SKU026,Perfume Bloom,Beleza,Marketplace,112.01,10,41.63,499,15,17,0,461.68,4.37,5.34,33
2025-05-05,SKU027,Secador Air,Beleza,Site,143.36,10,53.47,244,8,10,0,257.52,4.51,2.57,18
2025-05-05,SKU027,Secador Air,Beleza,Aplicativo,134.18,25,56.27,193,13,16,0,216.74,4.31,3.25,29
2025-05-05,SKU027,Secador Air,Beleza,Marketplace,133.97,0,55.09,288,10,13,0,462.53,4.53,4.96,13
2025-05-05,SKU028,Protetor Daily,Beleza,Site,143.16,15,56.15,299,13,13,0,456.57,3.65,3.14,24
2025-05-05,SKU028,Protetor Daily,Beleza,Aplicativo,144.71,10,56.7,259,13,13,1,392.14,3.69,2.13,24
2025-05-05,SKU028,Protetor Daily,Beleza,Marketplace,144.47,10,58.55,345,16,17,0,420.14,3.81,4.11,17
2025-05-05,SKU029,Escova Glow,Beleza,Site,91.17,15,36.42,273,15,19,2,297.48,4.49,4.0,21
2025-05-05,SKU029,Escova Glow,Beleza,Aplicativo,94.16,10,36.36,215,9,13,0,244.82,4.45,3.93,14
2025-05-05,SKU029,Escova Glow,Beleza,Marketplace,97.32,5,36.83,319,18,20,2,476.78,4.31,4.54,20
2025-05-05,SKU030,Sérum Vita,Beleza,Site,98.7,15,38.08,424,25,27,1,300.07,3.96,3.06,35
2025-05-05,SKU030,Sérum Vita,Beleza,Aplicativo,93.78,0,38.2,387,16,19,0,408.79,4.27,2.21,36
2025-05-05,SKU030,Sérum Vita,Beleza,Marketplace,103.88,10,38.42,481,21,24,1,350.75,4.27,3.59,26
2025-05-05,SKU031,Teclado Type,Informática,Site,619.9,5,383.02,293,13,12,1,406.52,4.24,2.5,12
2025-05-05,SKU031,Teclado Type,Informática,Aplicativo,598.32,0,404.46,236,9,11,1,270.69,3.96,3.3,12
2025-05-05,SKU031,Teclado Type,Informática,Marketplace,598.85,25,403.99,319,11,16,2,418.72,4.15,4.0,18
2025-05-05,SKU032,Mouse Click,Informática,Site,479.13,0,317.3,227,7,7,0,422.9,4.46,2.33,13
2025-05-05,SKU032,Mouse Click,Informática,Aplicativo,508.86,0,322.14,188,2,3,0,285.42,4.28,3.63,4
2025-05-05,SKU032,Mouse Click,Informática,Marketplace,492.6,0,324.2,229,6,7,0,406.68,4.29,3.51,7
2025-05-05,SKU033,Monitor View,Informática,Site,422.05,15,281.36,73,3,3,0,322.23,3.79,3.18,3
2025-05-05,SKU033,Monitor View,Informática,Aplicativo,423.1,0,277.53,65,0,0,0,229.26,3.7,3.16,2
2025-05-05,SKU033,Monitor View,Informática,Marketplace,425.54,0,277.36,129,1,1,0,688.7,3.72,3.95,4
2025-05-05,SKU034,SSD Fast,Informática,Site,669.36,10,451.02,124,4,5,0,248.31,4.5,2.61,7
2025-05-05,SKU034,SSD Fast,Informática,Aplicativo,651.59,10,443.86,109,5,5,1,217.11,4.4,3.33,6
2025-05-05,SKU034,SSD Fast,Informática,Marketplace,635.81,10,452.48,139,7,7,1,289.71,4.49,3.57,7
2025-05-05,SKU035,Hub Connect,Informática,Site,714.27,10,451.48,148,2,2,0,221.88,4.51,3.33,6
2025-05-05,SKU035,Hub Connect,Informática,Aplicativo,707.25,10,451.35,120,5,6,0,269.2,4.57,2.88,8
2025-05-05,SKU035,Hub Connect,Informática,Marketplace,651.66,15,468.35,216,7,6,0,578.98,4.6,5.01,6
2025-05-05,SKU036,Notebook Go,Informática,Site,536.94,0,356.49,309,8,9,1,375.07,3.83,2.9,9
2025-05-05,SKU036,Notebook Go,Informática,Aplicativo,514.83,5,345.27,230,3,3,0,328.85,4.06,4.33,11
2025-05-05,SKU036,Notebook Go,Informática,Marketplace,512.74,15,343.5,351,13,11,0,395.88,3.81,4.95,11
2025-05-05,SKU037,Bloco Criar,Infantil,Site,154.78,0,75.04,152,11,10,0,369.1,4.29,4.01,10
2025-05-05,SKU037,Bloco Criar,Infantil,Aplicativo,167.61,0,75.06,107,4,5,0,341.83,4.3,2.54,7
2025-05-05,SKU037,Bloco Criar,Infantil,Marketplace,160.44,10,76.37,158,8,10,0,388.98,4.15,3.59,12
2025-05-05,SKU038,Livro Descobrir,Infantil,Site,120.17,10,55.0,110,3,3,0,351.56,4.46,4.06,9
2025-05-05,SKU038,Livro Descobrir,Infantil,Aplicativo,119.12,20,55.59,97,4,4,0,240.77,4.34,2.92,7
2025-05-05,SKU038,Livro Descobrir,Infantil,Marketplace,119.63,10,54.81,104,5,6,0,442.01,4.2,3.76,7
2025-05-05,SKU039,Jogo Família,Infantil,Site,159.75,5,72.59,198,7,8,1,286.17,4.56,3.46,10
2025-05-05,SKU039,Jogo Família,Infantil,Aplicativo,162.88,20,73.34,155,8,10,0,368.93,4.62,3.31,14
2025-05-05,SKU039,Jogo Família,Infantil,Marketplace,161.17,0,74.95,149,5,6,0,266.34,4.64,4.11,10
2025-05-05,SKU040,Mochila Kids,Infantil,Site,126.75,25,58.42,206,10,10,0,460.89,4.37,3.83,16
2025-05-05,SKU040,Mochila Kids,Infantil,Aplicativo,128.29,15,59.79,153,6,8,0,340.7,4.23,3.3,16
2025-05-05,SKU040,Mochila Kids,Infantil,Marketplace,118.91,0,59.72,199,7,7,0,354.43,4.31,4.48,11
2025-05-05,SKU041,Pelúcia Nuvem,Infantil,Site,140.16,20,66.49,507,33,36,1,258.89,3.89,3.0,41
2025-05-05,SKU041,Pelúcia Nuvem,Infantil,Aplicativo,143.45,5,68.25,417,15,16,2,255.64,3.78,3.66,30
2025-05-05,SKU041,Pelúcia Nuvem,Infantil,Marketplace,141.0,0,67.02,623,20,23,1,354.52,3.61,4.38,23
2025-05-05,SKU042,Patinete Joy,Infantil,Site,96.93,25,47.08,258,13,14,0,312.25,4.21,3.73,17
2025-05-05,SKU042,Patinete Joy,Infantil,Aplicativo,95.63,5,45.2,196,7,9,0,308.2,4.27,3.31,13
2025-05-05,SKU042,Patinete Joy,Infantil,Marketplace,101.12,0,45.43,269,8,8,0,352.58,4.07,3.84,11
2025-05-05,SKU043,Cama Cozy,Pet,Site,85.9,20,38.36,386,25,27,1,229.14,3.77,2.88,37
2025-05-05,SKU043,Cama Cozy,Pet,Aplicativo,89.48,25,39.73,354,11,13,0,274.73,3.58,2.69,37
2025-05-05,SKU043,Cama Cozy,Pet,Marketplace,88.47,10,39.29,491,19,19,0,401.6,3.77,4.3,29
2025-05-05,SKU044,Fonte Fresh,Pet,Site,91.76,10,40.31,147,8,8,0,339.16,4.81,3.03,13
2025-05-05,SKU044,Fonte Fresh,Pet,Aplicativo,92.76,0,37.93,101,12,10,0,307.04,4.75,3.5,10
2025-05-05,SKU044,Fonte Fresh,Pet,Marketplace,92.06,15,40.15,181,7,8,0,346.64,4.7,3.05,14
2025-05-05,SKU045,Brinquedo Fun,Pet,Site,94.49,20,43.46,218,10,11,1,272.0,4.25,3.3,21
2025-05-05,SKU045,Brinquedo Fun,Pet,Aplicativo,105.79,5,43.5,191,9,12,0,286.67,4.42,3.04,14
2025-05-05,SKU045,Brinquedo Fun,Pet,Marketplace,101.12,15,43.28,232,8,8,0,287.44,4.47,3.79,18
2025-05-05,SKU046,Coleira Safe,Pet,Site,142.13,10,59.61,221,11,15,0,344.02,4.21,2.97,15
2025-05-05,SKU046,Coleira Safe,Pet,Aplicativo,143.43,15,61.85,180,10,13,0,230.33,4.03,2.76,15
2025-05-05,SKU046,Coleira Safe,Pet,Marketplace,137.6,10,60.26,258,3,4,0,280.34,4.05,3.94,15
2025-05-05,SKU047,Comedouro Smart,Pet,Site,85.36,25,38.3,293,13,14,0,215.67,4.29,3.55,28
2025-05-05,SKU047,Comedouro Smart,Pet,Aplicativo,84.53,10,37.86,257,9,11,0,263.23,4.09,3.23,19
2025-05-05,SKU047,Comedouro Smart,Pet,Marketplace,85.02,25,37.05,333,17,20,0,253.2,4.31,4.56,33
2025-05-05,SKU048,Kit Higiene,Pet,Site,139.32,15,57.95,530,28,31,1,276.72,4.36,3.81,35
2025-05-05,SKU048,Kit Higiene,Pet,Aplicativo,141.15,10,60.81,435,13,16,0,206.74,4.21,2.33,42
2025-05-05,SKU048,Kit Higiene,Pet,Marketplace,134.22,15,60.55,650,27,33,0,396.38,4.34,3.29,43
2025-05-12,SKU001,Fone Pulse,Áudio e vídeo,Site,355.83,10,198.33,248,7,9,1,230.31,4.83,3.12,18
2025-05-12,SKU001,Fone Pulse,Áudio e vídeo,Aplicativo,343.5,20,199.75,203,8,9,0,162.5,4.89,4.11,14
2025-05-12,SKU001,Fone Pulse,Áudio e vídeo,Marketplace,346.78,20,194.33,363,16,17,3,508.25,4.61,3.25,24
2025-05-12,SKU002,Caixa Wave,Áudio e vídeo,Site,261.45,20,159.43,364,25,28,0,348.48,4.82,2.46,39
2025-05-12,SKU002,Caixa Wave,Áudio e vídeo,Aplicativo,278.55,10,158.98,322,9,11,1,299.31,4.77,3.58,12
2025-05-12,SKU002,Caixa Wave,Áudio e vídeo,Marketplace,280.64,0,158.52,431,13,15,1,317.38,4.77,4.12,22
2025-05-12,SKU003,Webcam Focus,Áudio e vídeo,Site,414.87,10,232.79,292,12,13,0,310.02,3.86,3.17,16
2025-05-12,SKU003,Webcam Focus,Áudio e vídeo,Aplicativo,405.85,15,235.97,208,10,11,1,194.3,3.9,3.85,11
2025-05-12,SKU003,Webcam Focus,Áudio e vídeo,Marketplace,407.08,15,234.09,283,9,10,0,264.08,3.72,4.26,11
2025-05-12,SKU004,Microfone Voice,Áudio e vídeo,Site,327.35,0,195.2,145,5,4,1,223.97,4.79,3.43,4
2025-05-12,SKU004,Microfone Voice,Áudio e vídeo,Aplicativo,340.08,10,188.1,127,7,7,0,335.57,4.78,2.78,11
2025-05-12,SKU004,Microfone Voice,Áudio e vídeo,Marketplace,343.86,10,177.48,193,3,3,1,374.59,4.83,3.73,12
2025-05-12,SKU005,Soundbar One,Áudio e vídeo,Site,411.35,20,237.66,219,13,13,0,232.76,4.12,2.46,17
2025-05-12,SKU005,Soundbar One,Áudio e vídeo,Aplicativo,430.51,10,231.12,205,7,8,1,253.82,4.15,2.18,15
2025-05-12,SKU005,Soundbar One,Áudio e vídeo,Marketplace,406.87,15,240.74,331,14,17,1,682.13,4.02,4.75,19
2025-05-12,SKU006,Headset Play,Áudio e vídeo,Site,379.6,5,206.91,124,0,0,0,169.97,3.72,2.77,6
2025-05-12,SKU006,Headset Play,Áudio e vídeo,Aplicativo,371.89,5,210.59,172,4,4,0,433.98,3.85,2.83,13
2025-05-12,SKU006,Headset Play,Áudio e vídeo,Marketplace,368.87,5,201.92,183,3,3,0,348.5,3.56,4.74,6
2025-05-12,SKU007,Panela Chef,Casa e cozinha,Site,261.66,25,136.16,441,21,21,0,394.78,4.59,4.1,32
2025-05-12,SKU007,Panela Chef,Casa e cozinha,Aplicativo,251.43,10,133.82,392,28,32,2,348.39,4.57,3.04,40
2025-05-12,SKU007,Panela Chef,Casa e cozinha,Marketplace,261.25,15,135.51,489,12,15,1,296.63,4.35,4.2,32
2025-05-12,SKU008,Air Fryer Easy,Casa e cozinha,Site,296.54,5,160.83,215,13,15,0,692.2,4.72,2.92,16
2025-05-12,SKU008,Air Fryer Easy,Casa e cozinha,Aplicativo,302.68,15,160.21,161,13,15,0,326.23,4.61,2.14,20
2025-05-12,SKU008,Air Fryer Easy,Casa e cozinha,Marketplace,310.77,0,156.12,234,6,7,0,441.42,4.85,3.74,11
2025-05-12,SKU009,Jogo Mesa,Casa e cozinha,Site,196.53,10,107.16,229,11,11,0,224.82,4.43,3.62,14
2025-05-12,SKU009,Jogo Mesa,Casa e cozinha,Aplicativo,201.62,0,101.48,222,5,5,0,398.95,4.12,2.74,15
2025-05-12,SKU009,Jogo Mesa,Casa e cozinha,Marketplace,209.33,15,102.87,283,6,6,0,593.6,4.17,4.81,13
2025-05-12,SKU010,Luminária Aura,Casa e cozinha,Site,197.43,25,102.87,292,18,20,0,183.5,4.3,3.25,22
2025-05-12,SKU010,Luminária Aura,Casa e cozinha,Aplicativo,199.86,5,102.74,317,19,21,2,469.69,4.52,3.71,21
2025-05-12,SKU010,Luminária Aura,Casa e cozinha,Marketplace,185.68,20,100.48,418,27,27,4,463.5,4.47,4.08,27
2025-05-12,SKU011,Organizador Box,Casa e cozinha,Site,297.56,10,154.99,578,28,30,2,178.31,4.15,3.12,41
2025-05-12,SKU011,Organizador Box,Casa e cozinha,Aplicativo,299.41,10,155.18,506,28,36,0,235.92,4.03,3.13,47
2025-05-12,SKU011,Organizador Box,Casa e cozinha,Marketplace,291.2,25,158.87,801,38,43,1,530.63,3.92,3.4,54
2025-05-12,SKU012,Mixer Prático,Casa e cozinha,Site,236.97,10,119.11,211,10,12,1,271.49,4.09,3.27,14
2025-05-12,SKU012,Mixer Prático,Casa e cozinha,Aplicativo,237.43,10,126.76,171,8,9,0,241.64,3.57,3.7,9
2025-05-12,SKU012,Mixer Prático,Casa e cozinha,Marketplace,237.6,10,121.47,228,7,9,0,272.14,3.97,3.88,10
2025-05-12,SKU013,Tênis Run,Esporte,Site,189.92,15,98.07,217,14,14,0,292.96,3.97,3.07,14
2025-05-12,SKU013,Tênis Run,Esporte,Aplicativo,194.63,20,94.16,207,9,12,0,237.22,3.86,2.6,14
2025-05-12,SKU013,Tênis Run,Esporte,Marketplace,203.06,10,93.26,274,6,7,1,408.23,3.86,4.11,14
2025-05-12,SKU014,Mochila Trail,Esporte,Site,195.98,0,94.93,322,6,8,1,232.8,4.61,3.0,18
2025-05-12,SKU014,Mochila Trail,Esporte,Aplicativo,192.8,20,93.98,300,24,27,2,355.31,4.55,3.66,31
2025-05-12,SKU014,Mochila Trail,Esporte,Marketplace,191.07,0,92.41,393,12,12,1,286.04,4.57,4.14,20
2025-05-12,SKU015,Garrafa Move,Esporte,Site,178.21,5,86.77,143,4,5,1,311.1,4.73,3.38,10
2025-05-12,SKU015,Garrafa Move,Esporte,Aplicativo,173.71,5,84.64,107,4,4,0,192.36,4.77,2.36,10
2025-05-12,SKU015,Garrafa Move,Esporte,Marketplace,175.04,15,87.1,153,5,6,1,475.51,4.65,4.23,8
2025-05-12,SKU016,Tapete Zen,Esporte,Site,191.66,5,90.34,293,14,13,0,371.55,4.15,3.09,13
2025-05-12,SKU016,Tapete Zen,Esporte,Aplicativo,191.02,10,92.53,222,9,9,0,255.97,4.0,2.78,14
2025-05-12,SKU016,Tapete Zen,Esporte,Marketplace,186.72,5,89.78,357,10,12,1,515.84,4.06,3.79,13
2025-05-12,SKU017,Kit Funcional,Esporte,Site,157.53,15,78.28,392,10,10,1,300.81,3.88,3.03,20
2025-05-12,SKU017,Kit Funcional,Esporte,Aplicativo,161.71,0,79.74,372,10,11,0,348.2,3.91,2.96,20
2025-05-12,SKU017,Kit Funcional,Esporte,Marketplace,158.19,15,79.17,471,20,22,0,414.56,3.77,3.64,22
2025-05-12,SKU018,Relógio Fit,Esporte,Site,230.95,15,112.98,274,12,14,1,319.14,4.44,3.01,20
2025-05-12,SKU018,Relógio Fit,Esporte,Aplicativo,224.83,5,111.43,212,7,7,0,220.37,4.49,3.7,10
2025-05-12,SKU018,Relógio Fit,Esporte,Marketplace,217.94,10,116.27,281,10,10,1,269.64,4.38,4.36,13
2025-05-12,SKU019,Camiseta Urban,Moda,Site,183.24,20,77.65,160,7,8,3,360.55,4.24,3.36,15
2025-05-12,SKU019,Camiseta Urban,Moda,Aplicativo,180.89,15,77.97,128,6,7,1,225.11,4.01,3.35,14
2025-05-12,SKU019,Camiseta Urban,Moda,Marketplace,191.62,0,78.66,193,7,8,0,289.07,4.09,3.49,10
2025-05-12,SKU020,Calça Flex,Moda,Site,120.61,15,53.16,240,8,10,0,283.4,3.7,3.23,16
2025-05-12,SKU020,Calça Flex,Moda,Aplicativo,127.09,10,55.22,199,9,10,0,270.17,3.45,2.3,14
2025-05-12,SKU020,Calça Flex,Moda,Marketplace,126.29,0,53.72,305,5,5,0,383.75,3.7,5.1,14
2025-05-12,SKU021,Tênis Street,Moda,Site,156.15,10,66.8,236,6,7,0,447.45,4.53,3.66,14
2025-05-12,SKU021,Tênis Street,Moda,Aplicativo,152.12,0,66.08,192,11,12,0,201.92,4.39,2.46,19
2025-05-12,SKU021,Tênis Street,Moda,Marketplace,158.22,25,65.98,264,12,16,1,351.79,4.17,4.34,24
2025-05-12,SKU022,Jaqueta City,Moda,Site,168.17,0,73.95,276,11,14,1,290.57,4.33,3.19,21
2025-05-12,SKU022,Jaqueta City,Moda,Aplicativo,177.03,0,76.12,232,9,9,3,163.12,4.39,3.92,13
2025-05-12,SKU022,Jaqueta City,Moda,Marketplace,169.29,30,74.51,359,25,29,5,601.83,4.24,5.68,32
2025-05-12,SKU023,Bolsa Mini,Moda,Site,138.53,10,60.06,542,14,17,3,376.32,3.48,3.21,34
2025-05-12,SKU023,Bolsa Mini,Moda,Aplicativo,135.47,5,60.37,395,23,27,3,276.54,3.5,2.89,33
2025-05-12,SKU023,Bolsa Mini,Moda,Marketplace,138.88,5,61.73,582,19,20,2,352.93,3.79,4.73,29
2025-05-12,SKU024,Moletom Soft,Moda,Site,131.4,20,57.09,295,18,23,2,329.81,4.03,3.21,24
2025-05-12,SKU024,Moletom Soft,Moda,Aplicativo,129.72,10,56.4,253,11,13,0,343.13,4.15,2.87,26
2025-05-12,SKU024,Moletom Soft,Moda,Marketplace,132.99,5,56.33,321,6,6,2,262.72,4.07,4.29,19
2025-05-12,SKU025,Kit Skin,Beleza,Site,94.58,0,41.04,165,10,11,0,315.91,3.71,3.69,12
2025-05-12,SKU025,Kit Skin,Beleza,Aplicativo,103.06,0,40.87,157,9,9,1,386.44,3.83,3.56,10
2025-05-12,SKU025,Kit Skin,Beleza,Marketplace,104.19,10,38.69,179,2,2,0,293.92,3.47,5.08,8
2025-05-12,SKU026,Perfume Bloom,Beleza,Site,109.46,20,41.22,398,28,33,1,329.84,4.37,2.84,33
2025-05-12,SKU026,Perfume Bloom,Beleza,Aplicativo,105.46,0,41.34,326,14,17,1,244.9,4.47,3.67,34
2025-05-12,SKU026,Perfume Bloom,Beleza,Marketplace,103.6,5,42.35,491,20,22,0,303.9,4.49,4.2,35
2025-05-12,SKU027,Secador Air,Beleza,Site,140.44,15,53.25,253,13,15,1,333.25,4.45,3.52,20
2025-05-12,SKU027,Secador Air,Beleza,Aplicativo,147.49,5,53.53,211,14,15,0,303.2,4.45,3.47,15
2025-05-12,SKU027,Secador Air,Beleza,Marketplace,140.09,5,55.09,285,11,14,0,415.86,4.26,4.64,17
2025-05-12,SKU028,Protetor Daily,Beleza,Site,136.28,5,55.42,251,9,9,0,274.13,3.63,3.08,13
2025-05-12,SKU028,Protetor Daily,Beleza,Aplicativo,137.47,0,56.19,242,7,8,0,219.82,3.84,1.82,20
2025-05-12,SKU028,Protetor Daily,Beleza,Marketplace,142.84,15,53.89,395,18,18,1,637.38,3.7,4.29,28
2025-05-12,SKU029,Escova Glow,Beleza,Site,91.65,5,37.95,271,13,14,0,452.32,4.44,3.36,17
2025-05-12,SKU029,Escova Glow,Beleza,Aplicativo,94.89,5,36.25,243,11,12,0,323.82,4.44,2.45,30
2025-05-12,SKU029,Escova Glow,Beleza,Marketplace,93.67,10,36.12,298,16,18,0,233.69,4.55,4.02,27
2025-05-12,SKU030,Sérum Vita,Beleza,Site,97.88,20,37.21,421,25,27,1,233.08,4.17,2.69,33
2025-05-12,SKU030,Sérum Vita,Beleza,Aplicativo,96.99,5,38.26,325,21,24,0,248.52,4.13,1.97,29
2025-05-12,SKU030,Sérum Vita,Beleza,Marketplace,103.7,5,38.32,479,27,30,1,277.19,4.37,3.52,33
2025-05-12,SKU031,Teclado Type,Informática,Site,598.71,0,395.16,247,7,7,0,307.9,3.88,3.08,9
2025-05-12,SKU031,Teclado Type,Informática,Aplicativo,613.13,0,388.66,212,7,7,0,245.14,4.27,3.11,7
2025-05-12,SKU031,Teclado Type,Informática,Marketplace,619.07,25,398.82,346,11,11,0,449.47,4.14,3.61,23
2025-05-12,SKU032,Mouse Click,Informática,Site,476.2,20,325.09,183,8,8,0,224.57,4.36,3.96,13
2025-05-12,SKU032,Mouse Click,Informática,Aplicativo,484.05,10,325.52,169,7,8,1,220.82,4.45,2.95,10
2025-05-12,SKU032,Mouse Click,Informática,Marketplace,467.18,10,319.62,208,6,6,0,283.27,4.25,3.7,11
2025-05-12,SKU033,Monitor View,Informática,Site,413.68,5,274.78,77,1,1,0,269.82,3.73,1.76,4
2025-05-12,SKU033,Monitor View,Informática,Aplicativo,414.1,5,282.2,79,0,0,0,440.22,3.63,3.31,4
2025-05-12,SKU033,Monitor View,Informática,Marketplace,421.27,0,278.72,105,2,2,0,337.94,3.56,4.2,4
2025-05-12,SKU034,SSD Fast,Informática,Site,677.72,5,447.22,113,6,5,0,390.0,4.27,3.35,5
2025-05-12,SKU034,SSD Fast,Informática,Aplicativo,653.34,5,456.91,107,6,6,0,288.57,4.58,3.21,6
2025-05-12,SKU034,SSD Fast,Informática,Marketplace,662.64,0,450.29,133,1,1,0,303.72,4.42,4.37,4
2025-05-12,SKU035,Hub Connect,Informática,Site,686.8,15,444.76,179,6,6,1,323.15,4.65,2.9,12
2025-05-12,SKU035,Hub Connect,Informática,Aplicativo,713.4,0,435.19,144,5,5,1,270.22,4.5,2.96,7
2025-05-12,SKU035,Hub Connect,Informática,Marketplace,713.74,15,464.76,220,3,3,0,472.83,4.67,4.17,11
2025-05-12,SKU036,Notebook Go,Informática,Site,525.48,0,356.34,340,9,9,0,427.45,4.02,2.85,13
2025-05-12,SKU036,Notebook Go,Informática,Aplicativo,507.04,15,343.65,222,11,13,1,229.9,3.75,3.09,14
2025-05-12,SKU036,Notebook Go,Informática,Marketplace,522.58,15,360.07,350,13,15,0,367.06,3.73,4.29,16
2025-05-12,SKU037,Bloco Criar,Infantil,Site,161.49,5,77.79,133,9,10,0,299.81,4.2,1.86,11
2025-05-12,SKU037,Bloco Criar,Infantil,Aplicativo,155.53,0,76.09,139,3,4,0,390.49,4.2,3.05,6
2025-05-12,SKU037,Bloco Criar,Infantil,Marketplace,164.41,20,74.4,179,7,7,0,375.59,4.14,3.84,12
2025-05-12,SKU038,Livro Descobrir,Infantil,Site,120.01,15,54.71,80,4,5,1,272.25,4.42,4.1,7
2025-05-12,SKU038,Livro Descobrir,Infantil,Aplicativo,114.35,10,55.7,90,6,6,0,246.21,4.37,2.85,8
2025-05-12,SKU038,Livro Descobrir,Infantil,Marketplace,115.7,5,54.38,98,2,3,0,291.35,4.13,4.73,5
2025-05-12,SKU039,Jogo Família,Infantil,Site,152.59,5,74.26,153,6,6,1,367.94,4.34,3.04,14
2025-05-12,SKU039,Jogo Família,Infantil,Aplicativo,159.6,5,77.45,164,6,8,0,383.77,4.68,2.48,16
2025-05-12,SKU039,Jogo Família,Infantil,Marketplace,158.69,5,75.73,217,7,7,0,601.7,4.61,4.05,8
2025-05-12,SKU040,Mochila Kids,Infantil,Site,129.29,0,59.28,173,6,9,1,225.9,4.39,3.72,11
2025-05-12,SKU040,Mochila Kids,Infantil,Aplicativo,127.01,20,62.1,145,12,14,0,269.03,4.34,3.68,14
2025-05-12,SKU040,Mochila Kids,Infantil,Marketplace,127.45,10,59.57,177,6,6,0,314.5,4.33,4.19,12
2025-05-12,SKU041,Pelúcia Nuvem,Infantil,Site,140.93,0,66.8,476,12,14,1,345.0,3.83,2.28,29
2025-05-12,SKU041,Pelúcia Nuvem,Infantil,Aplicativo,148.0,15,68.25,479,19,19,1,372.4,3.52,2.97,26
2025-05-12,SKU041,Pelúcia Nuvem,Infantil,Marketplace,135.68,10,69.31,578,23,25,3,346.61,3.82,3.05,33
2025-05-12,SKU042,Patinete Joy,Infantil,Site,98.62,10,46.29,255,15,10,1,371.76,4.21,3.5,10
2025-05-12,SKU042,Patinete Joy,Infantil,Aplicativo,96.52,5,46.38,230,11,13,0,290.96,4.2,3.18,16
2025-05-12,SKU042,Patinete Joy,Infantil,Marketplace,97.33,0,46.32,289,6,8,0,359.91,4.29,3.39,17
2025-05-12,SKU043,Cama Cozy,Pet,Site,94.2,0,38.41,390,11,11,0,270.99,3.5,3.08,20
2025-05-12,SKU043,Cama Cozy,Pet,Aplicativo,84.98,15,39.17,326,20,23,0,261.72,3.67,2.28,27
2025-05-12,SKU043,Cama Cozy,Pet,Marketplace,90.29,10,38.32,512,18,20,0,351.66,3.7,3.59,24
2025-05-12,SKU044,Fonte Fresh,Pet,Site,89.11,10,39.71,143,13,15,1,192.55,4.84,2.4,17
2025-05-12,SKU044,Fonte Fresh,Pet,Aplicativo,86.63,5,40.61,130,9,10,0,399.02,4.84,2.7,12
2025-05-12,SKU044,Fonte Fresh,Pet,Marketplace,90.17,5,39.39,169,8,9,0,387.16,4.87,4.99,11
2025-05-12,SKU045,Brinquedo Fun,Pet,Site,102.34,20,44.91,214,9,9,2,331.12,4.26,2.24,19
2025-05-12,SKU045,Brinquedo Fun,Pet,Aplicativo,95.65,10,44.27,158,11,13,0,159.27,4.46,1.93,18
2025-05-12,SKU045,Brinquedo Fun,Pet,Marketplace,97.46,25,44.79,246,14,16,0,355.64,4.37,2.83,22
2025-05-12,SKU046,Coleira Safe,Pet,Site,139.32,15,60.85,240,11,13,0,300.96,4.1,2.8,23
2025-05-12,SKU046,Coleira Safe,Pet,Aplicativo,136.73,25,59.14,170,14,16,0,249.12,4.1,2.72,20
2025-05-12,SKU046,Coleira Safe,Pet,Marketplace,139.43,15,62.06,258,17,19,0,312.37,4.13,3.9,19
2025-05-12,SKU047,Comedouro Smart,Pet,Site,84.08,0,37.77,333,8,8,0,330.57,4.06,3.08,24
2025-05-12,SKU047,Comedouro Smart,Pet,Aplicativo,86.89,15,37.84,238,10,10,0,276.26,4.03,2.82,18
2025-05-12,SKU047,Comedouro Smart,Pet,Marketplace,86.88,15,37.67,396,13,14,0,519.03,4.06,4.06,23
2025-05-12,SKU048,Kit Higiene,Pet,Site,130.81,10,60.63,557,32,38,2,288.11,4.08,2.29,44
2025-05-12,SKU048,Kit Higiene,Pet,Aplicativo,137.34,10,59.48,439,21,23,2,152.72,4.21,2.83,36
2025-05-12,SKU048,Kit Higiene,Pet,Marketplace,136.86,5,59.57,657,30,31,4,256.32,4.57,5.63,36
2025-05-19,SKU001,Fone Pulse,Áudio e vídeo,Site,332.41,5,197.71,293,11,14,0,431.77,4.81,3.87,17
2025-05-19,SKU001,Fone Pulse,Áudio e vídeo,Aplicativo,335.51,0,197.49,245,14,16,0,274.8,4.58,3.37,16
2025-05-19,SKU001,Fone Pulse,Áudio e vídeo,Marketplace,335.08,20,200.47,370,13,14,0,508.68,4.77,3.65,29
2025-05-19,SKU002,Caixa Wave,Áudio e vídeo,Site,280.97,10,153.65,378,21,24,0,332.52,4.79,3.84,29
2025-05-19,SKU002,Caixa Wave,Áudio e vídeo,Aplicativo,279.63,15,154.52,361,16,16,0,367.09,4.6,3.25,31
2025-05-19,SKU002,Caixa Wave,Áudio e vídeo,Marketplace,275.25,10,162.22,457,15,16,3,269.63,4.81,4.14,23
2025-05-19,SKU003,Webcam Focus,Áudio e vídeo,Site,421.54,10,237.56,293,5,6,1,534.54,3.67,3.47,12
2025-05-19,SKU003,Webcam Focus,Áudio e vídeo,Aplicativo,410.08,15,234.59,252,20,20,1,327.22,3.7,1.87,20
2025-05-19,SKU003,Webcam Focus,Áudio e vídeo,Marketplace,387.16,10,240.34,316,15,19,0,508.66,3.68,3.22,22
2025-05-19,SKU004,Microfone Voice,Áudio e vídeo,Site,337.65,10,186.84,164,12,12,0,419.14,5.0,3.3,12
2025-05-19,SKU004,Microfone Voice,Áudio e vídeo,Aplicativo,323.8,10,191.28,135,12,12,1,215.4,4.99,2.91,13
2025-05-19,SKU004,Microfone Voice,Áudio e vídeo,Marketplace,330.74,20,191.85,178,9,10,2,402.71,4.85,4.72,13
2025-05-19,SKU005,Soundbar One,Áudio e vídeo,Site,417.64,15,240.32,261,9,10,3,431.47,4.26,3.1,18
2025-05-19,SKU005,Soundbar One,Áudio e vídeo,Aplicativo,411.31,0,248.94,190,7,7,0,168.52,4.11,3.0,9
2025-05-19,SKU005,Soundbar One,Áudio e vídeo,Marketplace,412.58,20,239.01,256,11,14,0,280.51,4.18,4.57,14
2025-05-19,SKU006,Headset Play,Áudio e vídeo,Site,368.36,15,210.43,134,3,3,0,192.42,3.76,2.92,7
2025-05-19,SKU006,Headset Play,Áudio e vídeo,Aplicativo,365.76,20,206.23,127,3,3,0,284.37,3.66,2.7,11
2025-05-19,SKU006,Headset Play,Áudio e vídeo,Marketplace,378.15,10,207.34,185,4,6,0,388.64,3.78,4.31,8
2025-05-19,SKU007,Panela Chef,Casa e cozinha,Site,263.29,15,133.77,477,29,35,2,274.08,4.3,3.46,35
2025-05-19,SKU007,Panela Chef,Casa e cozinha,Aplicativo,264.3,0,132.09,379,16,18,0,265.22,4.52,3.79,23
2025-05-19,SKU007,Panela Chef,Casa e cozinha,Marketplace,256.21,5,135.09,503,20,24,1,184.99,4.67,3.74,33
2025-05-19,SKU008,Air Fryer Easy,Casa e cozinha,Site,305.26,0,158.97,197,15,13,1,451.92,4.73,1.92,13
2025-05-19,SKU008,Air Fryer Easy,Casa e cozinha,Aplicativo,301.04,5,156.85,178,15,17,0,283.95,4.66,3.31,17
2025-05-19,SKU008,Air Fryer Easy,Casa e cozinha,Marketplace,288.53,0,152.19,243,4,4,0,303.47,4.59,4.03,16
2025-05-19,SKU009,Jogo Mesa,Casa e cozinha,Site,203.04,20,103.18,250,16,19,1,282.28,4.41,3.37,20
2025-05-19,SKU009,Jogo Mesa,Casa e cozinha,Aplicativo,197.03,15,101.12,182,17,18,1,300.99,4.19,2.47,20
2025-05-19,SKU009,Jogo Mesa,Casa e cozinha,Marketplace,198.69,5,105.54,225,7,8,0,175.1,4.05,3.9,10
2025-05-19,SKU010,Luminária Aura,Casa e cozinha,Site,195.66,20,98.75,365,24,27,0,392.13,4.36,2.39,28
2025-05-19,SKU010,Luminária Aura,Casa e cozinha,Aplicativo,203.75,25,101.33,289,13,14,2,369.35,4.44,2.94,29
2025-05-19,SKU010,Luminária Aura,Casa e cozinha,Marketplace,197.62,0,104.7,410,14,15,1,359.15,4.59,4.34,21
2025-05-19,SKU011,Organizador Box,Casa e cozinha,Site,315.91,10,161.26,643,20,24,0,284.11,3.94,3.73,32
2025-05-19,SKU011,Organizador Box,Casa e cozinha,Aplicativo,301.11,0,155.52,602,24,25,1,348.9,4.04,2.94,38
2025-05-19,SKU011,Organizador Box,Casa e cozinha,Marketplace,305.84,5,157.08,703,14,18,0,343.17,4.05,5.03,33
2025-05-19,SKU012,Mixer Prático,Casa e cozinha,Site,239.01,5,120.29,162,7,8,0,362.33,3.72,3.53,9
2025-05-19,SKU012,Mixer Prático,Casa e cozinha,Aplicativo,245.61,10,125.28,140,2,3,0,280.57,3.8,2.67,10
2025-05-19,SKU012,Mixer Prático,Casa e cozinha,Marketplace,244.41,10,123.17,206,4,4,0,323.78,3.72,4.43,7
2025-05-19,SKU013,Tênis Run,Esporte,Site,204.0,20,97.85,232,9,10,1,272.27,3.83,3.85,11
2025-05-19,SKU013,Tênis Run,Esporte,Aplicativo,193.07,5,96.37,179,8,11,0,158.46,3.77,2.66,11
2025-05-19,SKU013,Tênis Run,Esporte,Marketplace,204.64,10,94.81,284,6,8,0,288.21,3.85,4.41,9
2025-05-19,SKU014,Mochila Trail,Esporte,Site,193.93,20,91.91,366,15,16,1,366.43,4.78,3.55,24
2025-05-19,SKU014,Mochila Trail,Esporte,Aplicativo,194.89,0,96.58,297,12,13,3,217.62,4.55,2.6,20
2025-05-19,SKU014,Mochila Trail,Esporte,Marketplace,193.24,15,96.21,410,20,20,2,336.24,4.56,5.33,23
2025-05-19,SKU015,Garrafa Move,Esporte,Site,172.56,10,87.5,146,4,4,1,332.54,4.8,3.49,12
2025-05-19,SKU015,Garrafa Move,Esporte,Aplicativo,176.09,0,88.11,101,5,6,1,244.64,4.68,2.47,9
2025-05-19,SKU015,Garrafa Move,Esporte,Marketplace,186.0,20,84.33,171,7,8,1,431.32,4.51,4.28,8
2025-05-19,SKU016,Tapete Zen,Esporte,Site,191.99,0,92.19,300,9,9,1,393.21,4.05,4.05,13
2025-05-19,SKU016,Tapete Zen,Esporte,Aplicativo,199.78,10,92.98,221,3,4,0,269.83,3.8,3.42,10
2025-05-19,SKU016,Tapete Zen,Esporte,Marketplace,193.55,5,92.31,378,5,5,0,478.97,3.79,4.24,15
2025-05-19,SKU017,Kit Funcional,Esporte,Site,159.35,15,76.95,347,15,18,2,182.97,3.81,3.08,24
2025-05-19,SKU017,Kit Funcional,Esporte,Aplicativo,154.96,0,78.18,351,16,17,1,362.09,3.77,4.26,17
2025-05-19,SKU017,Kit Funcional,Esporte,Marketplace,152.97,0,78.53,437,7,7,0,334.42,3.81,4.33,17
2025-05-19,SKU018,Relógio Fit,Esporte,Site,234.66,20,115.74,285,11,11,0,370.66,4.47,4.06,21
2025-05-19,SKU018,Relógio Fit,Esporte,Aplicativo,228.22,20,114.41,214,8,9,0,213.2,4.52,2.83,17
2025-05-19,SKU018,Relógio Fit,Esporte,Marketplace,239.25,10,111.4,308,11,14,0,388.39,4.42,3.36,17
2025-05-19,SKU019,Camiseta Urban,Moda,Site,184.47,0,78.13,158,4,5,0,251.46,4.35,3.9,8
2025-05-19,SKU019,Camiseta Urban,Moda,Aplicativo,174.76,15,78.61,142,10,14,1,228.33,4.24,2.49,20
2025-05-19,SKU019,Camiseta Urban,Moda,Marketplace,174.95,0,75.75,174,3,4,0,436.78,4.16,4.34,8
2025-05-19,SKU020,Calça Flex,Moda,Site,124.91,5,53.91,226,8,9,0,279.11,3.7,3.0,14
2025-05-19,SKU020,Calça Flex,Moda,Aplicativo,125.19,10,53.73,210,11,13,1,246.42,3.66,3.41,15
2025-05-19,SKU020,Calça Flex,Moda,Marketplace,129.31,10,53.97,270,4,4,0,207.0,3.67,4.52,13
2025-05-19,SKU021,Tênis Street,Moda,Site,156.45,0,65.94,240,6,7,0,379.38,4.16,4.68,10
2025-05-19,SKU021,Tênis Street,Moda,Aplicativo,153.06,15,66.97,187,14,16,4,277.59,4.21,3.53,19
2025-05-19,SKU021,Tênis Street,Moda,Marketplace,157.5,5,69.03,221,9,10,0,249.06,4.41,4.05,13
2025-05-19,SKU022,Jaqueta City,Moda,Site,168.56,20,72.88,305,25,28,2,384.39,4.25,2.7,35
2025-05-19,SKU022,Jaqueta City,Moda,Aplicativo,171.51,0,73.06,287,12,12,0,455.78,4.45,3.0,25
2025-05-19,SKU022,Jaqueta City,Moda,Marketplace,170.21,5,74.13,404,16,19,1,495.05,4.19,3.99,27
2025-05-19,SKU023,Bolsa Mini,Moda,Site,140.27,5,59.85,529,21,22,3,324.83,3.7,2.44,22
2025-05-19,SKU023,Bolsa Mini,Moda,Aplicativo,139.94,0,61.63,472,20,23,7,465.52,3.72,2.68,23
2025-05-19,SKU023,Bolsa Mini,Moda,Marketplace,135.44,20,60.25,558,27,31,4,301.8,3.77,3.85,46
2025-05-19,SKU024,Moletom Soft,Moda,Site,125.81,30,57.68,291,30,36,6,223.87,4.14,3.43,36
2025-05-19,SKU024,Moletom Soft,Moda,Aplicativo,130.9,20,56.61,246,14,16,4,397.51,4.09,2.31,16
2025-05-19,SKU024,Moletom Soft,Moda,Marketplace,135.09,15,56.02,337,13,16,3,453.64,4.08,4.15,25
2025-05-19,SKU025,Kit Skin,Beleza,Site,101.51,5,41.08,197,11,9,0,380.14,3.6,3.45,9
2025-05-19,SKU025,Kit Skin,Beleza,Aplicativo,101.95,5,39.17,149,9,11,0,250.88,3.5,3.47,11
2025-05-19,SKU025,Kit Skin,Beleza,Marketplace,105.01,0,40.7,217,5,5,0,507.16,3.76,3.62,12
2025-05-19,SKU026,Perfume Bloom,Beleza,Site,102.38,10,43.62,424,24,28,0,316.35,4.16,3.02,39
2025-05-19,SKU026,Perfume Bloom,Beleza,Aplicativo,103.44,5,41.54,334,12,14,0,133.84,4.21,3.36,25
2025-05-19,SKU026,Perfume Bloom,Beleza,Marketplace,108.81,5,42.08,520,20,22,0,325.64,4.58,4.33,37
2025-05-19,SKU027,Secador Air,Beleza,Site,136.13,10,54.83,259,20,18,0,312.77,4.58,3.56,18
2025-05-19,SKU027,Secador Air,Beleza,Aplicativo,146.42,10,54.67,241,9,12,1,276.06,4.3,2.61,23
2025-05-19,SKU027,Secador Air,Beleza,Marketplace,141.8,5,55.48,297,17,17,0,339.38,4.45,4.16,17
2025-05-19,SKU028,Protetor Daily,Beleza,Site,143.16,5,55.78,276,7,8,0,407.62,3.83,2.77,17
2025-05-19,SKU028,Protetor Daily,Beleza,Aplicativo,140.74,0,55.7,189,7,9,0,232.98,3.76,2.85,16
2025-05-19,SKU028,Protetor Daily,Beleza,Marketplace,138.55,15,55.35,330,14,16,0,462.4,3.7,3.99,20
2025-05-19,SKU029,Escova Glow,Beleza,Site,95.67,15,36.55,270,18,22,0,392.72,4.44,3.09,27
2025-05-19,SKU029,Escova Glow,Beleza,Aplicativo,93.61,0,37.3,219,11,14,0,249.34,4.5,2.83,20
2025-05-19,SKU029,Escova Glow,Beleza,Marketplace,93.45,20,35.78,319,17,14,0,347.54,4.58,4.61,14
2025-05-19,SKU030,Sérum Vita,Beleza,Site,100.44,15,37.62,404,19,19,0,244.28,4.12,2.99,26
2025-05-19,SKU030,Sérum Vita,Beleza,Aplicativo,97.98,0,38.0,354,19,23,2,315.56,4.27,2.64,26
2025-05-19,SKU030,Sérum Vita,Beleza,Marketplace,97.88,0,39.08,480,18,20,2,343.35,3.96,3.95,26
2025-05-19,SKU031,Teclado Type,Informática,Site,593.86,20,394.75,264,15,14,0,208.71,4.0,3.65,14
2025-05-19,SKU031,Teclado Type,Informática,Aplicativo,650.08,25,395.84,242,8,10,0,149.18,4.17,3.18,13
2025-05-19,SKU031,Teclado Type,Informática,Marketplace,597.3,15,415.65,322,8,8,0,310.93,4.1,3.7,13
2025-05-19,SKU032,Mouse Click,Informática,Site,473.54,5,315.15,205,3,3,0,275.18,4.13,3.97,10
2025-05-19,SKU032,Mouse Click,Informática,Aplicativo,492.06,20,318.62,168,6,8,1,282.48,4.41,2.8,11
2025-05-19,SKU032,Mouse Click,Informática,Marketplace,478.35,15,325.42,241,11,11,0,574.02,4.51,4.04,11
2025-05-19,SKU033,Monitor View,Informática,Site,409.41,10,274.35,71,1,2,0,343.39,3.71,3.91,4
2025-05-19,SKU033,Monitor View,Informática,Aplicativo,415.0,0,280.71,62,0,0,0,174.01,3.49,4.24,2
2025-05-19,SKU033,Monitor View,Informática,Marketplace,419.53,20,282.74,102,3,4,0,531.91,3.58,5.03,4
2025-05-19,SKU034,SSD Fast,Informática,Site,678.46,20,446.67,125,8,6,0,318.46,4.63,3.18,6
2025-05-19,SKU034,SSD Fast,Informática,Aplicativo,656.89,10,443.59,104,4,5,0,191.24,4.48,3.4,5
2025-05-19,SKU034,SSD Fast,Informática,Marketplace,648.58,15,446.75,143,4,4,0,273.27,4.51,2.82,9
2025-05-19,SKU035,Hub Connect,Informática,Site,695.04,0,455.46,168,2,2,0,215.04,4.66,2.92,8
2025-05-19,SKU035,Hub Connect,Informática,Aplicativo,705.36,0,457.96,153,2,2,0,411.29,4.64,3.5,7
2025-05-19,SKU035,Hub Connect,Informática,Marketplace,690.88,5,456.09,201,8,8,1,421.68,4.54,4.77,9
2025-05-19,SKU036,Notebook Go,Informática,Site,522.69,15,351.54,257,6,7,0,245.89,4.01,3.08,11
2025-05-19,SKU036,Notebook Go,Informática,Aplicativo,530.96,0,356.56,246,10,10,0,207.33,4.08,3.55,12
2025-05-19,SKU036,Notebook Go,Informática,Marketplace,554.99,15,348.73,387,6,6,0,448.29,3.91,4.21,12
2025-05-19,SKU037,Bloco Criar,Infantil,Site,163.81,20,76.23,141,6,6,0,419.27,4.05,2.51,8
2025-05-19,SKU037,Bloco Criar,Infantil,Aplicativo,157.13,0,75.57,131,3,4,0,352.69,4.25,2.26,10
2025-05-19,SKU037,Bloco Criar,Infantil,Marketplace,161.37,5,75.88,173,3,3,0,427.02,4.33,3.88,10
2025-05-19,SKU038,Livro Descobrir,Infantil,Site,115.06,0,53.79,101,4,4,0,293.26,4.14,3.25,5
2025-05-19,SKU038,Livro Descobrir,Infantil,Aplicativo,114.58,5,53.36,81,5,6,1,366.19,4.26,3.71,7
2025-05-19,SKU038,Livro Descobrir,Infantil,Marketplace,116.16,0,56.42,110,3,3,0,371.25,4.31,3.35,4
2025-05-19,SKU039,Jogo Família,Infantil,Site,164.53,15,74.16,190,8,9,0,473.72,4.56,3.42,13
2025-05-19,SKU039,Jogo Família,Infantil,Aplicativo,153.23,25,75.38,171,6,7,0,387.93,4.55,3.65,15
2025-05-19,SKU039,Jogo Família,Infantil,Marketplace,152.42,0,72.89,216,10,11,0,452.43,4.55,4.17,12
2025-05-19,SKU040,Mochila Kids,Infantil,Site,132.14,15,58.38,197,13,13,0,236.59,4.47,3.09,17
2025-05-19,SKU040,Mochila Kids,Infantil,Aplicativo,128.61,20,58.81,147,10,11,0,230.8,4.49,3.13,15
2025-05-19,SKU040,Mochila Kids,Infantil,Marketplace,124.06,10,59.34,187,9,9,1,271.25,4.27,3.66,12
2025-05-19,SKU041,Pelúcia Nuvem,Infantil,Site,141.1,20,69.1,496,22,26,0,219.31,3.59,2.83,34
2025-05-19,SKU041,Pelúcia Nuvem,Infantil,Aplicativo,143.65,15,67.43,399,14,15,0,225.53,3.76,2.7,40
2025-05-19,SKU041,Pelúcia Nuvem,Infantil,Marketplace,139.87,20,65.46,669,26,29,2,353.8,3.47,3.31,38
2025-05-19,SKU042,Patinete Joy,Infantil,Site,99.61,0,46.83,249,3,3,0,260.8,4.27,2.86,15
2025-05-19,SKU042,Patinete Joy,Infantil,Aplicativo,96.55,15,45.35,187,7,9,1,170.8,4.02,3.68,17
2025-05-19,SKU042,Patinete Joy,Infantil,Marketplace,101.24,10,46.85,324,12,15,1,448.93,4.34,2.9,25
2025-05-19,SKU043,Cama Cozy,Pet,Site,89.89,0,38.86,407,11,13,0,257.7,3.6,4.04,15
2025-05-19,SKU043,Cama Cozy,Pet,Aplicativo,88.48,20,38.75,421,27,30,0,469.73,3.58,3.32,36
2025-05-19,SKU043,Cama Cozy,Pet,Marketplace,88.79,10,39.35,442,16,17,0,304.44,3.69,3.0,17
2025-05-19,SKU044,Fonte Fresh,Pet,Site,91.16,5,39.72,142,10,10,0,293.37,4.7,2.81,14
2025-05-19,SKU044,Fonte Fresh,Pet,Aplicativo,90.71,5,39.31,137,13,15,0,467.54,4.83,3.15,15
2025-05-19,SKU044,Fonte Fresh,Pet,Marketplace,92.56,10,39.7,188,7,7,1,453.87,4.69,4.6,14
2025-05-19,SKU045,Brinquedo Fun,Pet,Site,100.86,10,42.46,231,14,14,0,297.19,4.34,2.5,23
2025-05-19,SKU045,Brinquedo Fun,Pet,Aplicativo,100.14,0,45.13,145,12,9,0,161.54,4.29,3.01,9
2025-05-19,SKU045,Brinquedo Fun,Pet,Marketplace,97.68,5,44.37,267,14,16,0,523.96,4.3,4.2,21
2025-05-19,SKU046,Coleira Safe,Pet,Site,139.78,10,59.74,230,12,14,0,236.76,4.28,3.93,14
2025-05-19,SKU046,Coleira Safe,Pet,Aplicativo,137.82,0,62.04,196,7,8,0,376.15,4.21,3.57,16
2025-05-19,SKU046,Coleira Safe,Pet,Marketplace,136.83,15,62.1,325,11,13,0,649.79,4.3,4.16,25
2025-05-19,SKU047,Comedouro Smart,Pet,Site,86.71,0,36.86,298,11,12,0,285.46,4.3,3.47,16
2025-05-19,SKU047,Comedouro Smart,Pet,Aplicativo,86.39,5,38.31,241,19,21,0,182.75,4.4,1.2,30
2025-05-19,SKU047,Comedouro Smart,Pet,Marketplace,84.98,0,37.7,347,9,11,0,325.88,4.13,3.61,20
2025-05-19,SKU048,Kit Higiene,Pet,Site,136.27,0,59.25,571,26,29,1,427.81,4.23,3.75,40
2025-05-19,SKU048,Kit Higiene,Pet,Aplicativo,134.59,10,58.07,495,41,29,2,353.73,4.35,3.03,29
2025-05-19,SKU048,Kit Higiene,Pet,Marketplace,133.96,15,59.79,664,39,45,2,355.06,4.31,3.8,63
2025-05-26,SKU001,Fone Pulse,Áudio e vídeo,Site,349.7,25,197.56,324,14,19,0,456.45,4.65,3.27,23
2025-05-26,SKU001,Fone Pulse,Áudio e vídeo,Aplicativo,330.32,10,193.8,266,14,16,0,315.61,4.71,3.2,25
2025-05-26,SKU001,Fone Pulse,Áudio e vídeo,Marketplace,341.62,5,205.16,314,5,5,2,292.87,4.55,3.38,20
2025-05-26,SKU002,Caixa Wave,Áudio e vídeo,Site,276.91,20,156.59,407,25,27,3,307.02,4.94,3.23,27
2025-05-26,SKU002,Caixa Wave,Áudio e vídeo,Aplicativo,273.13,15,160.33,333,21,23,1,286.77,4.66,2.78,28
2025-05-26,SKU002,Caixa Wave,Áudio e vídeo,Marketplace,285.63,0,156.69,420,14,16,0,393.59,5.0,4.42,18
2025-05-26,SKU003,Webcam Focus,Áudio e vídeo,Site,403.94,0,234.49,271,8,9,0,295.57,3.71,2.97,13
2025-05-26,SKU003,Webcam Focus,Áudio e vídeo,Aplicativo,410.85,10,236.23,189,8,8,0,302.12,3.76,2.15,11
2025-05-26,SKU003,Webcam Focus,Áudio e vídeo,Marketplace,409.04,0,234.23,285,9,9,2,376.4,3.56,3.95,9
2025-05-26,SKU004,Microfone Voice,Áudio e vídeo,Site,326.49,10,189.16,135,6,7,0,303.09,4.71,2.77,8
2025-05-26,SKU004,Microfone Voice,Áudio e vídeo,Aplicativo,335.6,25,191.5,139,6,6,0,354.28,4.69,2.89,16
2025-05-26,SKU004,Microfone Voice,Áudio e vídeo,Marketplace,321.63,5,196.02,191,5,6,0,368.96,4.79,3.85,10
2025-05-26,SKU005,Soundbar One,Áudio e vídeo,Site,428.7,10,237.54,227,12,14,1,237.07,4.24,2.4,14
2025-05-26,SKU005,Soundbar One,Áudio e vídeo,Aplicativo,407.93,5,236.41,185,10,9,1,190.71,4.08,4.12,9
2025-05-26,SKU005,Soundbar One,Áudio e vídeo,Marketplace,408.57,25,235.22,303,8,9,2,414.38,4.34,3.57,21
2025-05-26,SKU006,Headset Play,Áudio e vídeo,Site,358.77,20,208.4,186,4,5,1,403.56,3.43,3.31,12
2025-05-26,SKU006,Headset Play,Áudio e vídeo,Aplicativo,373.63,5,204.16,110,5,8,1,210.95,3.62,2.9,8
2025-05-26,SKU006,Headset Play,Áudio e vídeo,Marketplace,373.59,20,210.59,162,8,9,2,385.82,3.59,3.75,9
2025-05-26,SKU007,Panela Chef,Casa e cozinha,Site,274.21,0,134.14,493,15,19,0,401.63,4.54,4.14,26
2025-05-26,SKU007,Panela Chef,Casa e cozinha,Aplicativo,250.5,5,131.93,339,16,17,0,208.56,4.59,2.83,29
2025-05-26,SKU007,Panela Chef,Casa e cozinha,Marketplace,251.89,5,137.85,560,20,25,1,420.71,4.51,4.58,32
2025-05-26,SKU008,Air Fryer Easy,Casa e cozinha,Site,301.07,5,155.71,202,6,7,0,239.91,4.73,3.7,17
2025-05-26,SKU008,Air Fryer Easy,Casa e cozinha,Aplicativo,300.97,15,156.98,171,10,12,0,394.05,4.65,2.93,18
2025-05-26,SKU008,Air Fryer Easy,Casa e cozinha,Marketplace,300.08,0,156.58,254,14,16,0,550.5,4.39,2.86,16
2025-05-26,SKU009,Jogo Mesa,Casa e cozinha,Site,194.6,5,104.52,241,15,18,1,365.01,3.98,1.74,18
2025-05-26,SKU009,Jogo Mesa,Casa e cozinha,Aplicativo,207.62,5,105.8,181,6,8,0,344.24,4.39,3.08,11
2025-05-26,SKU009,Jogo Mesa,Casa e cozinha,Marketplace,188.48,10,102.93,267,8,10,1,463.03,4.26,5.03,17
2025-05-26,SKU010,Luminária Aura,Casa e cozinha,Site,194.96,0,99.88,368,10,11,0,169.05,4.4,2.77,27
2025-05-26,SKU010,Luminária Aura,Casa e cozinha,Aplicativo,195.73,0,101.96,291,16,14,1,407.03,4.37,2.89,14
2025-05-26,SKU010,Luminária Aura,Casa e cozinha,Marketplace,194.9,0,101.74,411,19,21,1,294.37,4.41,4.32,21
2025-05-26,SKU011,Organizador Box,Casa e cozinha,Site,310.63,20,152.6,611,20,20,1,121.33,4.02,3.96,36
2025-05-26,SKU011,Organizador Box,Casa e cozinha,Aplicativo,301.34,20,156.62,522,26,28,1,194.65,3.95,3.1,38
2025-05-26,SKU011,Organizador Box,Casa e cozinha,Marketplace,292.38,15,161.24,809,22,26,1,498.64,3.89,4.13,38
2025-05-26,SKU012,Mixer Prático,Casa e cozinha,Site,237.09,5,124.48,223,9,9,0,407.37,3.8,2.46,14
2025-05-26,SKU012,Mixer Prático,Casa e cozinha,Aplicativo,241.42,10,127.63,160,9,9,0,291.6,4.03,2.72,9
2025-05-26,SKU012,Mixer Prático,Casa e cozinha,Marketplace,243.24,0,124.79,216,9,9,0,413.43,3.85,4.22,9
2025-05-26,SKU013,Tênis Run,Esporte,Site,194.22,15,94.78,237,6,7,0,306.09,3.61,2.7,16
2025-05-26,SKU013,Tênis Run,Esporte,Aplicativo,196.91,10,98.21,192,13,15,2,233.0,3.97,2.75,17
2025-05-26,SKU013,Tênis Run,Esporte,Marketplace,190.92,15,95.4,252,9,11,1,294.8,3.99,3.92,11
2025-05-26,SKU014,Mochila Trail,Esporte,Site,193.8,15,96.05,409,23,21,1,555.9,4.64,3.0,21
2025-05-26,SKU014,Mochila Trail,Esporte,Aplicativo,190.59,10,92.4,299,18,20,2,303.1,4.73,3.35,27
2025-05-26,SKU014,Mochila Trail,Esporte,Marketplace,190.48,10,95.16,472,17,18,1,358.57,4.47,4.01,29
2025-05-26,SKU015,Garrafa Move,Esporte,Site,177.29,5,85.69,124,4,4,1,218.85,4.52,2.46,9
2025-05-26,SKU015,Garrafa Move,Esporte,Aplicativo,177.43,25,89.19,92,5,5,0,142.52,4.68,2.37,11
2025-05-26,SKU015,Garrafa Move,Esporte,Marketplace,191.05,5,87.24,145,6,6,0,417.95,4.41,3.36,7
2025-05-26,SKU016,Tapete Zen,Esporte,Site,184.13,0,92.75,304,9,9,1,351.44,4.01,3.18,15
2025-05-26,SKU016,Tapete Zen,Esporte,Aplicativo,190.04,10,93.12,211,6,7,0,186.21,3.93,3.4,15
2025-05-26,SKU016,Tapete Zen,Esporte,Marketplace,179.87,15,90.58,349,9,10,0,430.04,3.9,3.39,16
2025-05-26,SKU017,Kit Funcional,Esporte,Site,164.74,10,76.57,400,12,13,1,354.63,3.84,3.2,23
2025-05-26,SKU017,Kit Funcional,Esporte,Aplicativo,155.01,5,76.43,362,17,19,1,237.03,4.04,3.33,25
2025-05-26,SKU017,Kit Funcional,Esporte,Marketplace,157.26,25,77.53,494,16,16,1,439.17,3.75,3.49,16
2025-05-26,SKU018,Relógio Fit,Esporte,Site,225.1,0,113.42,293,15,17,3,539.21,4.6,3.89,19
2025-05-26,SKU018,Relógio Fit,Esporte,Aplicativo,216.56,25,113.21,174,6,6,0,206.76,4.48,2.57,21
2025-05-26,SKU018,Relógio Fit,Esporte,Marketplace,232.29,10,113.34,321,12,13,0,459.05,4.51,3.55,20
2025-05-26,SKU019,Camiseta Urban,Moda,Site,179.7,0,80.11,188,4,5,0,467.35,4.3,3.37,12
2025-05-26,SKU019,Camiseta Urban,Moda,Aplicativo,176.82,15,77.11,137,3,3,0,254.65,4.25,3.49,12
2025-05-26,SKU019,Camiseta Urban,Moda,Marketplace,182.9,10,78.89,198,10,9,0,394.93,4.03,4.44,9
2025-05-26,SKU020,Calça Flex,Moda,Site,124.17,0,54.72,267,9,10,3,281.06,3.66,3.26,15
2025-05-26,SKU020,Calça Flex,Moda,Aplicativo,127.86,0,53.94,196,7,8,1,344.6,3.65,2.77,10
2025-05-26,SKU020,Calça Flex,Moda,Marketplace,132.64,25,53.77,319,11,13,1,483.58,3.67,4.89,23
2025-05-26,SKU021,Tênis Street,Moda,Site,152.62,15,65.88,223,13,16,2,432.23,4.25,3.47,18
2025-05-26,SKU021,Tênis Street,Moda,Aplicativo,154.13,10,64.81,141,12,12,0,162.9,4.41,2.44,12
2025-05-26,SKU021,Tênis Street,Moda,Marketplace,157.28,10,66.66,240,9,10,2,263.79,4.01,3.89,13
2025-05-26,SKU022,Jaqueta City,Moda,Site,167.43,20,72.82,267,13,14,3,455.15,4.24,2.71,21
2025-05-26,SKU022,Jaqueta City,Moda,Aplicativo,169.98,15,73.58,240,14,17,1,169.96,4.35,2.49,23
2025-05-26,SKU022,Jaqueta City,Moda,Marketplace,170.12,15,70.95,327,17,20,4,386.06,4.29,4.4,20
2025-05-26,SKU023,Bolsa Mini,Moda,Site,137.32,10,62.39,572,26,31,3,524.41,3.64,2.97,37
2025-05-26,SKU023,Bolsa Mini,Moda,Aplicativo,134.31,10,59.97,391,17,20,1,245.54,3.61,2.8,25
2025-05-26,SKU023,Bolsa Mini,Moda,Marketplace,135.19,15,60.28,581,28,33,3,278.51,3.71,4.46,39
2025-05-26,SKU024,Moletom Soft,Moda,Site,133.53,15,58.06,276,16,20,2,292.95,4.26,2.55,25
2025-05-26,SKU024,Moletom Soft,Moda,Aplicativo,131.11,15,59.27,202,15,16,1,234.04,4.15,2.07,26
2025-05-26,SKU024,Moletom Soft,Moda,Marketplace,135.38,10,57.24,349,18,18,0,405.26,4.07,3.47,23
2025-05-26,SKU025,Kit Skin,Beleza,Site,103.2,10,40.24,198,9,11,1,342.04,3.64,3.53,13
2025-05-26,SKU025,Kit Skin,Beleza,Aplicativo,100.29,10,40.46,156,9,12,2,288.4,3.59,3.51,14
2025-05-26,SKU025,Kit Skin,Beleza,Marketplace,103.23,10,39.97,182,3,4,0,366.49,3.58,4.43,10
2025-05-26,SKU026,Perfume Bloom,Beleza,Site,104.64,20,42.25,397,22,25,0,256.81,4.4,2.88,36
2025-05-26,SKU026,Perfume Bloom,Beleza,Aplicativo,105.66,15,40.6,342,32,37,1,238.95,4.4,2.07,38
2025-05-26,SKU026,Perfume Bloom,Beleza,Marketplace,107.63,15,40.87,523,19,21,0,407.66,4.36,4.79,32
2025-05-26,SKU027,Secador Air,Beleza,Site,140.33,15,54.51,236,13,13,0,271.07,4.48,3.26,18
2025-05-26,SKU027,Secador Air,Beleza,Aplicativo,143.07,25,53.25,215,9,10,0,209.39,4.6,2.46,22
2025-05-26,SKU027,Secador Air,Beleza,Marketplace,133.88,25,53.76,289,12,13,1,313.47,4.45,3.91,30
2025-05-26,SKU028,Protetor Daily,Beleza,Site,139.38,5,56.64,275,8,9,0,264.96,3.95,1.94,19
2025-05-26,SKU028,Protetor Daily,Beleza,Aplicativo,139.04,15,53.54,251,18,20,0,254.08,3.83,4.07,20
2025-05-26,SKU028,Protetor Daily,Beleza,Marketplace,139.41,15,54.76,347,10,12,0,445.81,3.76,4.25,19
2025-05-26,SKU029,Escova Glow,Beleza,Site,91.64,25,36.35,265,16,18,1,386.28,4.42,3.33,27
2025-05-26,SKU029,Escova Glow,Beleza,Aplicativo,97.93,0,35.31,218,11,13,0,218.46,4.57,2.33,18
2025-05-26,SKU029,Escova Glow,Beleza,Marketplace,94.2,10,36.25,298,14,16,1,227.15,4.65,4.0,19
2025-05-26,SKU030,Sérum Vita,Beleza,Site,101.02,0,39.07,430,13,14,0,275.04,4.26,2.94,30
2025-05-26,SKU030,Sérum Vita,Beleza,Aplicativo,100.16,0,38.0,346,18,21,0,258.33,4.18,3.35,25
2025-05-26,SKU030,Sérum Vita,Beleza,Marketplace,97.65,10,38.04,501,24,31,2,426.24,4.23,3.77,33
2025-05-26,SKU031,Teclado Type,Informática,Site,599.29,15,401.4,275,11,12,1,438.54,4.23,2.61,18
2025-05-26,SKU031,Teclado Type,Informática,Aplicativo,597.07,10,394.37,225,10,10,0,191.86,3.97,2.27,14
2025-05-26,SKU031,Teclado Type,Informática,Marketplace,603.32,0,399.52,348,11,13,1,360.97,4.04,3.44,13
2025-05-26,SKU032,Mouse Click,Informática,Site,467.46,10,317.8,208,4,4,0,503.64,4.38,3.7,10
2025-05-26,SKU032,Mouse Click,Informática,Aplicativo,482.46,15,326.42,153,8,8,0,227.88,4.35,3.64,10
2025-05-26,SKU032,Mouse Click,Informática,Marketplace,487.59,5,321.32,203,4,4,0,460.45,4.41,4.4,8
2025-05-26,SKU033,Monitor View,Informática,Site,425.0,15,273.42,85,1,1,0,487.29,3.44,3.06,5
2025-05-26,SKU033,Monitor View,Informática,Aplicativo,408.03,10,277.27,86,3,3,0,144.11,3.8,2.74,5
2025-05-26,SKU033,Monitor View,Informática,Marketplace,419.46,20,280.54,102,1,1,0,496.53,3.58,3.42,5
2025-05-26,SKU034,SSD Fast,Informática,Site,655.37,0,449.98,130,3,4,1,425.91,4.6,3.22,7
2025-05-26,SKU034,SSD Fast,Informática,Aplicativo,659.72,15,428.99,107,7,7,0,299.11,4.4,2.19,10
2025-05-26,SKU034,SSD Fast,Informática,Marketplace,650.86,5,439.11,132,2,2,0,215.22,4.58,3.71,6
2025-05-26,SKU035,Hub Connect,Informática,Site,676.1,5,453.77,146,1,1,0,215.78,4.62,3.63,7
2025-05-26,SKU035,Hub Connect,Informática,Aplicativo,673.12,0,445.25,120,4,5,1,197.16,4.72,1.65,7
2025-05-26,SKU035,Hub Connect,Informática,Marketplace,697.36,15,448.85,194,5,6,1,251.51,4.53,4.22,10
2025-05-26,SKU036,Notebook Go,Informática,Site,537.71,15,353.29,319,7,7,0,413.56,3.75,3.45,13
2025-05-26,SKU036,Notebook Go,Informática,Aplicativo,531.69,0,345.04,242,11,13,0,203.64,4.15,2.18,13
2025-05-26,SKU036,Notebook Go,Informática,Marketplace,524.42,5,349.9,379,13,16,1,369.09,3.89,2.73,16
2025-05-26,SKU037,Bloco Criar,Infantil,Site,163.15,10,74.14,168,11,11,0,385.3,4.33,3.48,11
2025-05-26,SKU037,Bloco Criar,Infantil,Aplicativo,159.55,0,74.78,126,9,11,0,236.64,4.28,2.16,11
2025-05-26,SKU037,Bloco Criar,Infantil,Marketplace,157.69,25,74.1,135,6,6,0,279.68,4.28,3.42,10
2025-05-26,SKU038,Livro Descobrir,Infantil,Site,117.96,15,55.06,92,4,4,0,330.29,4.26,3.67,7
2025-05-26,SKU038,Livro Descobrir,Infantil,Aplicativo,114.14,20,55.61,80,6,6,0,340.07,4.45,2.8,6
2025-05-26,SKU038,Livro Descobrir,Infantil,Marketplace,119.17,20,54.32,138,7,8,2,546.12,4.4,3.99,8
2025-05-26,SKU039,Jogo Família,Infantil,Site,153.25,5,74.63,175,19,13,0,268.38,4.67,3.05,13
2025-05-26,SKU039,Jogo Família,Infantil,Aplicativo,158.45,10,73.91,165,9,9,0,217.8,4.62,2.82,11
2025-05-26,SKU039,Jogo Família,Infantil,Marketplace,154.93,15,73.29,218,5,5,0,426.48,4.45,4.14,12
2025-05-26,SKU040,Mochila Kids,Infantil,Site,127.32,30,59.68,173,17,19,1,261.92,4.36,3.44,19
2025-05-26,SKU040,Mochila Kids,Infantil,Aplicativo,126.47,15,59.27,131,10,13,0,241.31,4.39,2.39,15
2025-05-26,SKU040,Mochila Kids,Infantil,Marketplace,124.66,0,58.18,176,5,6,0,312.63,4.43,4.27,9
2025-05-26,SKU041,Pelúcia Nuvem,Infantil,Site,144.13,0,66.52,485,8,9,0,291.11,3.62,2.87,24
2025-05-26,SKU041,Pelúcia Nuvem,Infantil,Aplicativo,140.81,10,68.94,412,11,13,0,288.94,3.56,3.06,29
2025-05-26,SKU041,Pelúcia Nuvem,Infantil,Marketplace,132.74,5,66.41,607,18,20,1,452.65,3.58,3.97,28
2025-05-26,SKU042,Patinete Joy,Infantil,Site,98.08,10,47.72,244,17,19,0,121.98,4.15,3.49,21
2025-05-26,SKU042,Patinete Joy,Infantil,Aplicativo,97.86,15,46.57,213,15,16,0,348.5,4.26,2.75,24
2025-05-26,SKU042,Patinete Joy,Infantil,Marketplace,101.26,10,46.58,296,8,8,0,366.19,4.43,4.15,15
2025-05-26,SKU043,Cama Cozy,Pet,Site,90.38,25,39.0,408,21,24,1,263.88,3.69,2.37,32
2025-05-26,SKU043,Cama Cozy,Pet,Aplicativo,90.43,0,38.59,323,7,8,0,282.48,3.83,4.1,15
2025-05-26,SKU043,Cama Cozy,Pet,Marketplace,89.52,15,39.58,520,27,30,0,508.69,3.62,3.15,42
2025-05-26,SKU044,Fonte Fresh,Pet,Site,91.26,10,40.13,149,6,8,0,379.64,4.9,2.91,14
2025-05-26,SKU044,Fonte Fresh,Pet,Aplicativo,90.72,10,38.85,110,6,7,1,284.91,4.71,3.38,12
2025-05-26,SKU044,Fonte Fresh,Pet,Marketplace,91.49,10,38.7,167,8,6,0,446.99,4.78,4.34,6
2025-05-26,SKU045,Brinquedo Fun,Pet,Site,97.62,5,44.53,201,14,13,0,249.67,4.23,3.53,13
2025-05-26,SKU045,Brinquedo Fun,Pet,Aplicativo,100.37,0,43.81,151,13,13,0,223.2,4.15,3.03,13
2025-05-26,SKU045,Brinquedo Fun,Pet,Marketplace,103.28,20,44.86,265,5,5,0,393.63,4.12,5.25,16
2025-05-26,SKU046,Coleira Safe,Pet,Site,136.26,10,61.09,230,10,10,0,228.0,4.08,3.13,16
2025-05-26,SKU046,Coleira Safe,Pet,Aplicativo,139.66,0,60.49,180,18,14,1,224.7,4.19,2.09,14
2025-05-26,SKU046,Coleira Safe,Pet,Marketplace,137.89,20,58.67,288,21,18,2,536.9,4.34,4.68,18
2025-05-26,SKU047,Comedouro Smart,Pet,Site,86.22,0,37.19,290,9,10,0,254.38,4.3,2.92,24
2025-05-26,SKU047,Comedouro Smart,Pet,Aplicativo,85.0,5,36.53,198,12,14,0,142.51,4.15,1.38,23
2025-05-26,SKU047,Comedouro Smart,Pet,Marketplace,85.35,5,37.77,361,6,9,1,430.66,4.18,4.6,15
2025-05-26,SKU048,Kit Higiene,Pet,Site,134.06,20,61.54,558,30,34,0,299.52,4.39,2.96,47
2025-05-26,SKU048,Kit Higiene,Pet,Aplicativo,137.16,15,60.2,502,34,41,2,372.12,4.52,2.41,63
2025-05-26,SKU048,Kit Higiene,Pet,Marketplace,139.96,5,60.61,674,24,27,2,284.76,4.51,3.51,32
2025-06-02,SKU001,Fone Pulse,Áudio e vídeo,Site,369.1,15,195.17,300,5,6,2,458.06,4.67,2.59,18
2025-06-02,SKU001,Fone Pulse,Áudio e vídeo,Aplicativo,339.85,10,198.71,252,9,10,0,247.69,4.81,3.75,20
2025-06-02,SKU001,Fone Pulse,Áudio e vídeo,Marketplace,340.71,10,196.29,332,11,12,1,523.19,4.67,3.91,15
2025-06-02,SKU002,Caixa Wave,Áudio e vídeo,Site,270.0,20,160.69,369,17,19,3,257.74,4.99,2.8,29
2025-06-02,SKU002,Caixa Wave,Áudio e vídeo,Aplicativo,288.08,10,158.6,287,8,8,1,213.47,5.0,2.94,20
2025-06-02,SKU002,Caixa Wave,Áudio e vídeo,Marketplace,283.62,25,161.97,450,25,27,3,324.74,4.94,3.75,33
2025-06-02,SKU003,Webcam Focus,Áudio e vídeo,Site,406.34,30,237.18,257,9,10,0,218.0,3.87,3.26,19
2025-06-02,SKU003,Webcam Focus,Áudio e vídeo,Aplicativo,421.01,10,239.34,204,10,9,1,320.75,3.82,2.75,9
2025-06-02,SKU003,Webcam Focus,Áudio e vídeo,Marketplace,415.4,0,244.16,289,7,8,0,330.87,3.66,3.5,10
2025-06-02,SKU004,Microfone Voice,Áudio e vídeo,Site,324.71,5,187.96,158,6,7,1,230.16,4.6,2.56,8
2025-06-02,SKU004,Microfone Voice,Áudio e vídeo,Aplicativo,346.29,0,189.45,133,4,4,2,234.02,4.84,2.58,10
2025-06-02,SKU004,Microfone Voice,Áudio e vídeo,Marketplace,326.0,10,193.2,182,10,9,0,403.85,4.92,4.0,9
2025-06-02,SKU005,Soundbar One,Áudio e vídeo,Site,429.48,0,238.12,252,9,10,0,304.82,4.14,3.52,14
2025-06-02,SKU005,Soundbar One,Áudio e vídeo,Aplicativo,403.08,0,240.33,196,8,9,2,312.09,4.33,3.41,14
2025-06-02,SKU005,Soundbar One,Áudio e vídeo,Marketplace,421.09,5,241.75,276,7,6,1,264.02,4.29,4.62,6
2025-06-02,SKU006,Headset Play,Áudio e vídeo,Site,368.37,0,209.81,163,5,5,0,331.58,3.67,1.87,9
2025-06-02,SKU006,Headset Play,Áudio e vídeo,Aplicativo,349.76,20,201.17,136,9,10,0,249.35,3.62,3.14,12
2025-06-02,SKU006,Headset Play,Áudio e vídeo,Marketplace,361.23,10,212.08,172,3,3,1,287.49,3.56,3.83,5
2025-06-02,SKU007,Panela Chef,Casa e cozinha,Site,255.73,5,132.38,515,18,23,1,442.42,4.74,3.09,37
2025-06-02,SKU007,Panela Chef,Casa e cozinha,Aplicativo,263.31,0,134.28,364,20,24,1,217.27,4.4,2.95,28
2025-06-02,SKU007,Panela Chef,Casa e cozinha,Marketplace,248.47,5,134.25,544,16,20,1,303.72,4.56,4.4,34
2025-06-02,SKU008,Air Fryer Easy,Casa e cozinha,Site,285.36,10,161.51,204,12,14,0,285.92,4.71,3.14,19
2025-06-02,SKU008,Air Fryer Easy,Casa e cozinha,Aplicativo,304.03,15,156.69,174,11,10,1,243.26,4.78,3.08,10
2025-06-02,SKU008,Air Fryer Easy,Casa e cozinha,Marketplace,294.62,0,156.19,220,6,6,1,258.96,4.84,4.81,15
2025-06-02,SKU009,Jogo Mesa,Casa e cozinha,Site,200.59,20,100.51,241,10,13,0,437.88,4.09,3.09,18
2025-06-02,SKU009,Jogo Mesa,Casa e cozinha,Aplicativo,191.3,10,104.57,197,17,18,3,323.17,4.18,2.02,23
2025-06-02,SKU009,Jogo Mesa,Casa e cozinha,Marketplace,201.79,5,104.27,263,9,9,1,331.74,4.22,3.04,15
2025-06-02,SKU010,Luminária Aura,Casa e cozinha,Site,195.14,15,103.69,345,16,17,1,203.11,4.32,3.49,28
2025-06-02,SKU010,Luminária Aura,Casa e cozinha,Aplicativo,192.79,15,98.98,295,18,21,0,382.57,4.56,3.12,34
2025-06-02,SKU010,Luminária Aura,Casa e cozinha,Marketplace,191.07,5,105.01,448,17,19,0,476.19,4.5,4.75,23
2025-06-02,SKU011,Organizador Box,Casa e cozinha,Site,307.87,20,158.69,675,23,27,0,374.39,3.87,3.41,37
2025-06-02,SKU011,Organizador Box,Casa e cozinha,Aplicativo,296.54,10,157.6,609,31,34,1,372.1,3.88,2.79,58
2025-06-02,SKU011,Organizador Box,Casa e cozinha,Marketplace,302.13,0,156.86,711,20,22,0,465.74,4.1,4.44,35
2025-06-02,SKU012,Mixer Prático,Casa e cozinha,Site,240.28,10,122.08,186,9,10,1,221.02,3.86,2.67,12
2025-06-02,SKU012,Mixer Prático,Casa e cozinha,Aplicativo,234.83,10,126.58,148,11,12,3,223.65,3.9,2.82,14
2025-06-02,SKU012,Mixer Prático,Casa e cozinha,Marketplace,232.55,0,126.26,225,7,8,0,260.0,3.87,3.76,10
2025-06-02,SKU013,Tênis Run,Esporte,Site,200.82,25,96.71,231,16,18,2,250.69,3.95,3.32,19
2025-06-02,SKU013,Tênis Run,Esporte,Aplicativo,200.02,30,96.5,213,11,11,3,273.83,3.75,3.47,19
2025-06-02,SKU013,Tênis Run,Esporte,Marketplace,196.39,0,97.11,258,8,6,0,456.71,3.82,4.23,6
2025-06-02,SKU014,Mochila Trail,Esporte,Site,198.06,10,93.44,342,9,10,0,356.13,4.61,3.84,18
2025-06-02,SKU014,Mochila Trail,Esporte,Aplicativo,194.86,15,95.23,320,22,22,1,265.88,4.64,3.3,22
2025-06-02,SKU014,Mochila Trail,Esporte,Marketplace,200.0,5,92.63,495,12,13,2,500.65,4.75,3.96,27
2025-06-02,SKU015,Garrafa Move,Esporte,Site,177.8,30,86.77,173,9,10,0,444.46,4.55,2.58,12
2025-06-02,SKU015,Garrafa Move,Esporte,Aplicativo,183.21,10,85.31,131,3,4,0,357.73,4.66,3.27,11
2025-06-02,SKU015,Garrafa Move,Esporte,Marketplace,188.07,20,87.28,164,8,5,0,434.71,4.68,4.4,5
2025-06-02,SKU016,Tapete Zen,Esporte,Site,184.94,5,95.99,281,10,11,1,425.33,3.78,3.57,12
2025-06-02,SKU016,Tapete Zen,Esporte,Aplicativo,187.19,10,90.86,293,11,13,0,484.17,3.98,2.84,20
2025-06-02,SKU016,Tapete Zen,Esporte,Marketplace,188.47,10,90.33,333,10,10,1,254.28,4.01,3.82,17
2025-06-02,SKU017,Kit Funcional,Esporte,Site,158.56,0,77.19,422,11,13,0,417.05,3.71,4.04,16
2025-06-02,SKU017,Kit Funcional,Esporte,Aplicativo,156.36,5,79.65,340,22,19,0,391.79,3.89,3.77,19
2025-06-02,SKU017,Kit Funcional,Esporte,Marketplace,155.0,15,78.65,454,15,17,0,443.54,3.95,2.91,33
2025-06-02,SKU018,Relógio Fit,Esporte,Site,235.21,0,111.01,290,6,7,0,336.02,4.22,2.98,18
2025-06-02,SKU018,Relógio Fit,Esporte,Aplicativo,228.66,0,114.89,234,11,13,0,336.32,4.27,2.74,13
2025-06-02,SKU018,Relógio Fit,Esporte,Marketplace,226.94,5,113.11,304,7,7,0,378.07,4.62,4.78,13
2025-06-02,SKU019,Camiseta Urban,Moda,Site,186.81,25,78.67,163,15,18,2,302.43,4.3,3.88,18
2025-06-02,SKU019,Camiseta Urban,Moda,Aplicativo,179.41,25,79.65,120,11,14,1,234.85,4.16,3.18,14
2025-06-02,SKU019,Camiseta Urban,Moda,Marketplace,179.96,25,79.09,198,14,8,1,512.59,3.78,3.57,8
2025-06-02,SKU020,Calça Flex,Moda,Site,128.32,20,55.48,233,12,16,2,181.34,3.71,3.11,17
2025-06-02,SKU020,Calça Flex,Moda,Aplicativo,123.82,15,53.44,197,12,13,1,237.46,3.68,3.09,19
2025-06-02,SKU020,Calça Flex,Moda,Marketplace,124.75,0,54.07,323,13,15,1,528.13,3.91,4.08,16
2025-06-02,SKU021,Tênis Street,Moda,Site,151.93,10,66.33,261,13,16,1,517.99,4.17,2.96,21
2025-06-02,SKU021,Tênis Street,Moda,Aplicativo,162.85,30,68.47,182,17,20,3,248.99,4.56,3.74,20
2025-06-02,SKU021,Tênis Street,Moda,Marketplace,155.34,0,67.14,256,9,10,0,306.85,4.39,3.93,11
2025-06-02,SKU022,Jaqueta City,Moda,Site,163.85,10,72.63,270,14,15,2,224.22,4.32,3.39,22
2025-06-02,SKU022,Jaqueta City,Moda,Aplicativo,172.68,10,73.79,267,16,19,2,209.73,4.35,3.05,27
2025-06-02,SKU022,Jaqueta City,Moda,Marketplace,159.25,0,73.65,344,12,16,1,392.59,4.3,4.5,19
2025-06-02,SKU023,Bolsa Mini,Moda,Site,143.61,5,60.02,528,17,18,1,247.0,3.76,2.79,33
2025-06-02,SKU023,Bolsa Mini,Moda,Aplicativo,136.62,5,60.87,504,20,16,3,475.9,3.52,3.13,16
2025-06-02,SKU023,Bolsa Mini,Moda,Marketplace,142.82,10,60.2,587,19,21,4,296.45,3.57,3.9,25
2025-06-02,SKU024,Moletom Soft,Moda,Site,134.05,15,57.12,281,20,19,2,357.93,4.18,3.48,19
2025-06-02,SKU024,Moletom Soft,Moda,Aplicativo,128.93,10,58.61,199,9,11,0,238.37,4.07,3.48,16
2025-06-02,SKU024,Moletom Soft,Moda,Marketplace,136.57,10,58.18,312,9,11,2,296.02,4.1,3.51,23
2025-06-02,SKU025,Kit Skin,Beleza,Site,102.98,20,38.9,155,8,9,0,400.34,3.42,1.46,13
2025-06-02,SKU025,Kit Skin,Beleza,Aplicativo,104.46,10,40.3,123,7,9,1,280.3,3.59,2.54,10
2025-06-02,SKU025,Kit Skin,Beleza,Marketplace,104.7,0,41.11,190,3,3,0,292.37,3.66,3.75,11
2025-06-02,SKU026,Perfume Bloom,Beleza,Site,102.61,10,41.99,374,21,24,0,226.05,4.26,2.73,31
2025-06-02,SKU026,Perfume Bloom,Beleza,Aplicativo,107.9,0,40.65,375,15,16,1,347.69,4.52,3.31,27
2025-06-02,SKU026,Perfume Bloom,Beleza,Marketplace,108.36,20,41.98,476,34,40,2,349.5,4.44,3.67,49
2025-06-02,SKU027,Secador Air,Beleza,Site,133.59,0,54.1,219,14,15,1,238.99,4.42,3.4,20
2025-06-02,SKU027,Secador Air,Beleza,Aplicativo,139.65,10,55.59,214,16,18,0,228.94,4.43,2.65,18
2025-06-02,SKU027,Secador Air,Beleza,Marketplace,134.64,5,54.57,303,13,15,0,418.37,4.33,4.12,23
2025-06-02,SKU028,Protetor Daily,Beleza,Site,140.2,10,52.62,255,9,11,0,321.82,3.75,2.73,22
2025-06-02,SKU028,Protetor Daily,Beleza,Aplicativo,139.49,30,54.27,218,13,15,1,382.6,3.81,3.15,23
2025-06-02,SKU028,Protetor Daily,Beleza,Marketplace,137.35,5,55.26,319,9,12,0,224.76,3.77,5.41,12
2025-06-02,SKU029,Escova Glow,Beleza,Site,95.01,10,36.89,259,12,12,0,218.59,4.42,2.86,21
2025-06-02,SKU029,Escova Glow,Beleza,Aplicativo,92.83,0,35.92,241,15,16,0,236.23,4.49,2.56,28
2025-06-02,SKU029,Escova Glow,Beleza,Marketplace,90.06,10,36.86,306,10,12,1,335.43,4.42,3.55,15
2025-06-02,SKU030,Sérum Vita,Beleza,Site,97.19,15,39.19,397,18,22,0,406.12,4.27,2.66,33
2025-06-02,SKU030,Sérum Vita,Beleza,Aplicativo,99.97,10,37.52,390,17,20,2,418.15,4.03,3.39,30
2025-06-02,SKU030,Sérum Vita,Beleza,Marketplace,98.03,0,38.14,496,23,25,0,471.13,4.02,3.24,34
2025-06-02,SKU031,Teclado Type,Informática,Site,589.78,10,402.66,277,9,9,1,210.88,4.16,3.38,16
2025-06-02,SKU031,Teclado Type,Informática,Aplicativo,597.46,20,396.11,230,11,12,0,302.16,4.27,3.45,17
2025-06-02,SKU031,Teclado Type,Informática,Marketplace,604.31,10,406.07,295,6,7,0,329.61,4.2,4.06,12
2025-06-02,SKU032,Mouse Click,Informática,Site,490.62,10,322.78,195,4,5,0,360.29,4.34,3.02,12
2025-06-02,SKU032,Mouse Click,Informática,Aplicativo,477.78,15,315.6,173,11,12,0,241.86,4.33,3.21,12
2025-06-02,SKU032,Mouse Click,Informática,Marketplace,481.85,0,323.3,212,5,5,0,392.34,4.31,3.46,7
2025-06-02,SKU033,Monitor View,Informática,Site,419.45,5,273.76,93,2,3,0,456.41,3.61,2.39,3
2025-06-02,SKU033,Monitor View,Informática,Aplicativo,430.72,10,281.38,87,1,2,0,278.05,3.53,2.56,5
2025-06-02,SKU033,Monitor View,Informática,Marketplace,431.24,0,285.94,106,1,1,0,331.2,3.64,4.93,3
2025-06-02,SKU034,SSD Fast,Informática,Site,670.88,5,436.68,151,1,1,0,301.99,4.44,2.84,8
2025-06-02,SKU034,SSD Fast,Informática,Aplicativo,647.32,10,454.17,91,1,2,0,337.79,4.62,3.49,7
2025-06-02,SKU034,SSD Fast,Informática,Marketplace,692.62,10,429.68,149,3,3,0,386.47,4.58,3.63,6
2025-06-02,SKU035,Hub Connect,Informática,Site,684.24,10,459.8,177,6,6,1,573.01,4.54,2.88,11
2025-06-02,SKU035,Hub Connect,Informática,Aplicativo,698.65,15,446.61,115,4,4,0,186.98,4.72,3.09,9
2025-06-02,SKU035,Hub Connect,Informática,Marketplace,684.97,0,451.62,230,3,3,0,427.56,4.49,4.41,8
2025-06-02,SKU036,Notebook Go,Informática,Site,525.04,5,347.31,255,7,10,0,192.06,3.81,3.06,12
2025-06-02,SKU036,Notebook Go,Informática,Aplicativo,550.68,5,358.74,224,8,9,0,185.34,4.11,3.46,9
2025-06-02,SKU036,Notebook Go,Informática,Marketplace,531.0,10,348.87,285,6,6,0,154.91,3.92,5.34,10
2025-06-02,SKU037,Bloco Criar,Infantil,Site,162.62,5,75.97,150,5,6,0,316.62,4.12,2.49,9
2025-06-02,SKU037,Bloco Criar,Infantil,Aplicativo,162.59,15,77.28,131,5,8,1,237.52,4.09,3.05,10
2025-06-02,SKU037,Bloco Criar,Infantil,Marketplace,159.05,25,76.69,178,7,11,3,719.14,3.97,3.68,15
2025-06-02,SKU038,Livro Descobrir,Infantil,Site,114.47,10,55.06,77,4,4,0,202.9,4.17,3.48,5
2025-06-02,SKU038,Livro Descobrir,Infantil,Aplicativo,118.79,0,54.87,75,5,5,0,223.57,4.46,3.23,5
2025-06-02,SKU038,Livro Descobrir,Infantil,Marketplace,114.47,20,55.62,112,8,9,0,354.98,4.42,3.82,9
2025-06-02,SKU039,Jogo Família,Infantil,Site,159.63,15,72.38,167,8,8,0,298.72,4.69,2.39,11
2025-06-02,SKU039,Jogo Família,Infantil,Aplicativo,159.44,0,72.32,148,4,5,0,292.12,4.39,2.84,11
2025-06-02,SKU039,Jogo Família,Infantil,Marketplace,159.25,5,74.49,181,5,7,1,280.5,4.53,4.25,12
2025-06-02,SKU040,Mochila Kids,Infantil,Site,124.78,10,58.93,163,10,9,0,354.58,4.32,4.11,9
2025-06-02,SKU040,Mochila Kids,Infantil,Aplicativo,124.78,10,60.96,138,8,10,1,305.83,4.42,4.35,12
2025-06-02,SKU040,Mochila Kids,Infantil,Marketplace,123.58,5,58.76,198,8,9,1,384.91,4.39,3.52,11
2025-06-02,SKU041,Pelúcia Nuvem,Infantil,Site,143.26,10,67.42,494,15,16,0,265.75,3.7,3.07,33
2025-06-02,SKU041,Pelúcia Nuvem,Infantil,Aplicativo,143.52,15,67.28,396,30,33,0,230.77,3.68,3.38,33
2025-06-02,SKU041,Pelúcia Nuvem,Infantil,Marketplace,140.95,0,67.22,577,14,19,1,337.11,3.85,3.84,30
2025-06-02,SKU042,Patinete Joy,Infantil,Site,96.67,15,45.43,284,11,13,0,564.07,4.33,3.18,23
2025-06-02,SKU042,Patinete Joy,Infantil,Aplicativo,98.12,20,47.07,201,10,11,0,369.04,4.05,3.38,15
2025-06-02,SKU042,Patinete Joy,Infantil,Marketplace,94.35,10,46.6,295,10,11,1,336.64,4.34,4.67,20
2025-06-02,SKU043,Cama Cozy,Pet,Site,83.68,0,38.97,379,10,12,0,301.5,3.68,3.06,23
2025-06-02,SKU043,Cama Cozy,Pet,Aplicativo,86.4,5,39.12,332,13,14,0,227.7,3.73,2.7,31
2025-06-02,SKU043,Cama Cozy,Pet,Marketplace,87.26,5,38.65,508,17,20,1,458.3,3.61,4.26,29
2025-06-02,SKU044,Fonte Fresh,Pet,Site,90.58,10,40.82,114,8,8,0,203.16,4.84,3.36,11
2025-06-02,SKU044,Fonte Fresh,Pet,Aplicativo,91.07,5,39.85,116,6,6,0,413.3,4.75,2.55,13
2025-06-02,SKU044,Fonte Fresh,Pet,Marketplace,92.6,5,39.82,170,8,8,0,447.82,4.75,3.6,12
2025-06-02,SKU045,Brinquedo Fun,Pet,Site,100.53,15,44.34,233,15,17,0,392.45,4.11,2.76,18
2025-06-02,SKU045,Brinquedo Fun,Pet,Aplicativo,99.04,10,43.7,156,11,15,0,269.78,4.24,2.89,15
2025-06-02,SKU045,Brinquedo Fun,Pet,Marketplace,100.71,15,43.33,260,9,9,0,537.64,4.35,3.62,21
2025-06-02,SKU046,Coleira Safe,Pet,Site,136.33,0,60.73,260,8,8,1,385.74,4.08,3.57,16
2025-06-02,SKU046,Coleira Safe,Pet,Aplicativo,141.26,5,61.22,200,8,8,0,269.77,4.33,2.99,18
2025-06-02,SKU046,Coleira Safe,Pet,Marketplace,138.05,20,61.16,299,15,16,0,487.84,4.17,3.8,25
2025-06-02,SKU047,Comedouro Smart,Pet,Site,83.24,5,36.97,284,11,14,0,199.34,4.15,3.94,19
2025-06-02,SKU047,Comedouro Smart,Pet,Aplicativo,84.54,10,37.39,243,13,14,0,205.14,4.2,4.62,14
2025-06-02,SKU047,Comedouro Smart,Pet,Marketplace,82.57,15,37.76,358,17,19,1,375.21,4.17,3.61,20
2025-06-02,SKU048,Kit Higiene,Pet,Site,136.76,0,59.95,627,27,35,0,492.98,4.39,2.45,55
2025-06-02,SKU048,Kit Higiene,Pet,Aplicativo,137.65,20,60.58,428,16,17,1,229.61,4.24,3.95,43
2025-06-02,SKU048,Kit Higiene,Pet,Marketplace,141.54,0,60.82,778,23,25,1,588.32,4.31,3.63,37
2025-06-09,SKU001,Fone Pulse,Áudio e vídeo,Site,334.77,10,197.11,305,12,12,1,372.34,4.53,3.54,17
2025-06-09,SKU001,Fone Pulse,Áudio e vídeo,Aplicativo,351.74,5,192.84,255,8,10,1,370.84,4.67,2.71,15
2025-06-09,SKU001,Fone Pulse,Áudio e vídeo,Marketplace,355.58,10,195.93,354,11,14,1,482.55,4.73,4.77,16
2025-06-09,SKU002,Caixa Wave,Áudio e vídeo,Site,275.42,5,153.56,395,21,25,2,380.33,4.83,1.98,25
2025-06-09,SKU002,Caixa Wave,Áudio e vídeo,Aplicativo,278.31,10,158.79,310,8,11,1,226.23,4.89,3.67,18
2025-06-09,SKU002,Caixa Wave,Áudio e vídeo,Marketplace,258.11,15,155.16,454,14,19,2,569.45,4.88,4.26,34
2025-06-09,SKU003,Webcam Focus,Áudio e vídeo,Site,413.75,0,235.11,229,5,5,0,210.48,3.74,2.92,11
2025-06-09,SKU003,Webcam Focus,Áudio e vídeo,Aplicativo,404.65,15,236.23,208,7,9,0,238.75,3.68,3.3,15
2025-06-09,SKU003,Webcam Focus,Áudio e vídeo,Marketplace,427.24,0,240.08,314,6,7,1,446.99,3.78,2.33,15
2025-06-09,SKU004,Microfone Voice,Áudio e vídeo,Site,333.16,20,193.1,151,10,11,0,335.11,4.89,3.01,15
2025-06-09,SKU004,Microfone Voice,Áudio e vídeo,Aplicativo,340.14,20,186.37,118,10,11,0,211.31,4.84,2.59,15
2025-06-09,SKU004,Microfone Voice,Áudio e vídeo,Marketplace,332.63,15,189.25,190,7,8,1,285.91,4.88,4.27,10
2025-06-09,SKU005,Soundbar One,Áudio e vídeo,Site,401.33,15,243.22,259,12,12,0,363.01,4.08,2.93,13
2025-06-09,SKU005,Soundbar One,Áudio e vídeo,Aplicativo,412.87,10,240.84,192,9,9,1,253.07,4.13,3.12,15
2025-06-09,SKU005,Soundbar One,Áudio e vídeo,Marketplace,426.63,15,238.4,292,14,14,2,415.08,4.2,4.63,14
2025-06-09,SKU006,Headset Play,Áudio e vídeo,Site,366.99,5,207.14,164,3,4,0,387.01,3.7,3.1,7
2025-06-09,SKU006,Headset Play,Áudio e vídeo,Aplicativo,389.38,0,210.42,120,5,5,0,353.86,3.6,2.42,5
2025-06-09,SKU006,Headset Play,Áudio e vídeo,Marketplace,361.29,10,211.5,186,6,7,1,334.67,3.7,4.17,9
2025-06-09,SKU007,Panela Chef,Casa e cozinha,Site,260.6,25,134.37,410,27,31,0,183.68,4.49,3.8,36
2025-06-09,SKU007,Panela Chef,Casa e cozinha,Aplicativo,264.12,0,136.25,379,21,26,2,254.07,4.33,2.71,29
2025-06-09,SKU007,Panela Chef,Casa e cozinha,Marketplace,261.33,15,134.66,566,33,37,2,457.21,4.41,3.89,40
2025-06-09,SKU008,Air Fryer Easy,Casa e cozinha,Site,298.51,0,154.34,184,8,8,0,450.24,4.87,3.28,12
2025-06-09,SKU008,Air Fryer Easy,Casa e cozinha,Aplicativo,307.79,15,158.17,174,9,11,0,255.08,4.62,2.76,16
2025-06-09,SKU008,Air Fryer Easy,Casa e cozinha,Marketplace,306.27,20,155.54,223,5,5,0,391.39,4.7,4.5,14
2025-06-09,SKU009,Jogo Mesa,Casa e cozinha,Site,202.17,10,108.56,211,13,14,0,399.82,4.26,3.71,16
2025-06-09,SKU009,Jogo Mesa,Casa e cozinha,Aplicativo,201.16,0,103.81,179,6,6,1,253.13,4.28,3.19,13
2025-06-09,SKU009,Jogo Mesa,Casa e cozinha,Marketplace,196.87,15,103.74,296,16,20,1,486.12,4.21,4.52,20
2025-06-09,SKU010,Luminária Aura,Casa e cozinha,Site,196.16,10,103.21,352,17,17,1,370.46,4.45,2.92,23
2025-06-09,SKU010,Luminária Aura,Casa e cozinha,Aplicativo,190.08,5,101.56,302,18,21,0,342.64,4.54,3.5,21
2025-06-09,SKU010,Luminária Aura,Casa e cozinha,Marketplace,201.49,15,101.98,417,18,21,0,540.38,4.43,4.63,22
2025-06-09,SKU011,Organizador Box,Casa e cozinha,Site,303.3,10,157.56,633,32,38,1,285.65,4.02,2.69,40
2025-06-09,SKU011,Organizador Box,Casa e cozinha,Aplicativo,305.25,20,154.56,539,29,31,1,263.09,4.08,3.14,42
2025-06-09,SKU011,Organizador Box,Casa e cozinha,Marketplace,302.58,10,158.98,732,21,24,0,320.57,4.03,5.09,36
2025-06-09,SKU012,Mixer Prático,Casa e cozinha,Site,234.51,0,125.65,190,5,5,0,324.0,4.12,3.7,9
2025-06-09,SKU012,Mixer Prático,Casa e cozinha,Aplicativo,244.18,5,123.15,180,12,10,0,525.94,3.68,2.14,10
2025-06-09,SKU012,Mixer Prático,Casa e cozinha,Marketplace,247.96,20,125.81,253,13,15,2,480.9,3.78,4.79,15
2025-06-09,SKU013,Tênis Run,Esporte,Site,199.24,5,97.74,231,7,8,1,338.82,3.87,4.21,8
2025-06-09,SKU013,Tênis Run,Esporte,Aplicativo,194.06,5,96.67,180,8,10,1,207.96,3.92,3.9,11
2025-06-09,SKU013,Tênis Run,Esporte,Marketplace,202.12,0,97.56,254,4,4,0,241.21,3.95,4.15,9
2025-06-09,SKU014,Mochila Trail,Esporte,Site,188.54,5,95.6,378,11,12,0,448.99,4.67,4.09,20
2025-06-09,SKU014,Mochila Trail,Esporte,Aplicativo,185.97,10,92.32,329,24,27,4,267.6,4.79,2.12,35
2025-06-09,SKU014,Mochila Trail,Esporte,Marketplace,198.48,10,95.25,491,18,22,3,663.39,4.45,3.74,29
2025-06-09,SKU015,Garrafa Move,Esporte,Site,174.6,0,88.74,132,7,8,0,290.19,4.63,3.98,8
2025-06-09,SKU015,Garrafa Move,Esporte,Aplicativo,182.09,10,87.66,97,1,1,0,247.97,4.46,2.87,9
2025-06-09,SKU015,Garrafa Move,Esporte,Marketplace,181.96,5,88.11,165,2,2,0,466.71,4.41,4.27,6
2025-06-09,SKU016,Tapete Zen,Esporte,Site,183.28,0,93.61,315,6,6,0,399.67,3.89,3.14,13
2025-06-09,SKU016,Tapete Zen,Esporte,Aplicativo,188.98,5,92.09,198,6,6,0,252.19,3.89,2.69,13
2025-06-09,SKU016,Tapete Zen,Esporte,Marketplace,189.34,25,90.91,298,13,14,0,305.99,3.81,3.28,23
2025-06-09,SKU017,Kit Funcional,Esporte,Site,161.42,5,78.76,383,8,10,1,287.37,3.66,3.11,18
2025-06-09,SKU017,Kit Funcional,Esporte,Aplicativo,159.49,0,77.48,307,6,8,0,253.71,3.82,2.94,15
2025-06-09,SKU017,Kit Funcional,Esporte,Marketplace,161.37,0,78.89,472,11,13,1,244.81,3.84,3.74,21
2025-06-09,SKU018,Relógio Fit,Esporte,Site,226.05,25,113.65,240,14,15,0,234.45,4.47,2.79,27
2025-06-09,SKU018,Relógio Fit,Esporte,Aplicativo,227.67,15,114.71,243,11,12,0,305.05,4.27,2.97,12
2025-06-09,SKU018,Relógio Fit,Esporte,Marketplace,234.43,10,110.68,339,8,9,1,442.02,4.65,3.58,10
2025-06-09,SKU019,Camiseta Urban,Moda,Site,183.6,20,78.56,179,9,10,2,336.68,4.31,3.04,10
2025-06-09,SKU019,Camiseta Urban,Moda,Aplicativo,182.66,15,76.02,145,10,11,1,268.35,4.09,3.65,13
2025-06-09,SKU019,Camiseta Urban,Moda,Marketplace,175.45,0,76.4,213,12,14,1,552.61,4.51,3.34,16
2025-06-09,SKU020,Calça Flex,Moda,Site,125.08,10,56.28,272,14,16,1,273.19,3.64,1.97,23
2025-06-09,SKU020,Calça Flex,Moda,Aplicativo,122.02,0,53.98,190,5,5,0,216.83,3.52,3.7,10
2025-06-09,SKU020,Calça Flex,Moda,Marketplace,124.68,0,54.98,272,14,15,0,346.48,3.74,3.64,15
2025-06-09,SKU021,Tênis Street,Moda,Site,159.09,15,66.28,229,8,8,0,418.93,4.32,3.67,14
2025-06-09,SKU021,Tênis Street,Moda,Aplicativo,156.29,15,65.68,153,14,15,2,185.49,4.41,1.89,19
2025-06-09,SKU021,Tênis Street,Moda,Marketplace,157.96,20,67.94,251,6,6,1,268.65,4.36,3.27,16
2025-06-09,SKU022,Jaqueta City,Moda,Site,175.86,10,71.6,300,11,13,2,316.9,4.41,3.68,25
2025-06-09,SKU022,Jaqueta City,Moda,Aplicativo,178.42,20,73.81,244,13,16,1,359.97,4.4,3.82,23
2025-06-09,SKU022,Jaqueta City,Moda,Marketplace,160.94,5,71.51,393,13,14,2,584.51,4.25,3.95,28
2025-06-09,SKU023,Bolsa Mini,Moda,Site,143.67,15,62.29,531,15,18,2,402.44,3.61,3.36,38
2025-06-09,SKU023,Bolsa Mini,Moda,Aplicativo,142.9,5,61.67,432,26,31,1,342.9,3.64,1.85,32
2025-06-09,SKU023,Bolsa Mini,Moda,Marketplace,144.53,5,60.36,659,23,26,5,568.58,3.59,3.89,29
2025-06-09,SKU024,Moletom Soft,Moda,Site,128.55,15,55.95,278,13,15,1,344.05,4.12,3.49,27
2025-06-09,SKU024,Moletom Soft,Moda,Aplicativo,136.16,15,55.92,210,15,20,2,237.75,4.03,2.7,23
2025-06-09,SKU024,Moletom Soft,Moda,Marketplace,131.01,25,56.21,302,21,25,3,295.8,3.96,4.24,25
2025-06-09,SKU025,Kit Skin,Beleza,Site,104.96,0,40.41,146,3,3,0,191.1,3.51,3.07,9
2025-06-09,SKU025,Kit Skin,Beleza,Aplicativo,99.96,10,40.86,137,9,6,0,265.37,3.69,2.11,6
2025-06-09,SKU025,Kit Skin,Beleza,Marketplace,104.17,20,40.69,218,7,9,0,514.44,3.68,4.64,13
2025-06-09,SKU026,Perfume Bloom,Beleza,Site,109.27,5,42.01,420,29,36,3,221.38,4.53,2.68,42
2025-06-09,SKU026,Perfume Bloom,Beleza,Aplicativo,106.78,5,40.91,356,17,14,0,283.52,4.41,3.91,14
2025-06-09,SKU026,Perfume Bloom,Beleza,Marketplace,112.72,5,42.52,469,11,11,0,332.75,4.33,4.01,32
2025-06-09,SKU027,Secador Air,Beleza,Site,137.76,10,55.15,252,16,19,0,370.59,4.43,2.65,23
2025-06-09,SKU027,Secador Air,Beleza,Aplicativo,136.86,15,54.96,224,13,16,0,392.49,4.23,3.77,22
2025-06-09,SKU027,Secador Air,Beleza,Marketplace,137.51,0,53.59,280,11,14,0,305.43,4.47,4.68,18
2025-06-09,SKU028,Protetor Daily,Beleza,Site,140.64,15,54.23,301,12,12,0,387.55,3.78,3.31,12
2025-06-09,SKU028,Protetor Daily,Beleza,Aplicativo,140.39,5,56.52,204,15,13,0,218.63,3.63,2.5,13
2025-06-09,SKU028,Protetor Daily,Beleza,Marketplace,139.0,5,55.17,360,13,14,0,433.38,3.62,4.33,24
2025-06-09,SKU029,Escova Glow,Beleza,Site,89.54,0,36.69,290,17,18,0,380.42,4.49,4.01,25
2025-06-09,SKU029,Escova Glow,Beleza,Aplicativo,93.6,10,36.37,207,15,11,1,251.67,4.61,2.68,11
2025-06-09,SKU029,Escova Glow,Beleza,Marketplace,90.91,10,35.93,313,15,18,0,367.85,4.45,3.99,26
2025-06-09,SKU030,Sérum Vita,Beleza,Site,103.53,15,38.39,417,23,26,0,257.37,4.16,2.67,38
2025-06-09,SKU030,Sérum Vita,Beleza,Aplicativo,97.65,10,39.55,330,15,16,1,221.85,4.33,3.41,25
2025-06-09,SKU030,Sérum Vita,Beleza,Marketplace,99.76,5,38.07,451,14,17,0,293.3,4.23,3.76,28
2025-06-09,SKU031,Teclado Type,Informática,Site,621.75,15,398.65,265,6,7,0,346.08,4.06,3.59,12
2025-06-09,SKU031,Teclado Type,Informática,Aplicativo,621.71,15,398.42,253,11,11,1,345.62,4.03,2.5,15
2025-06-09,SKU031,Teclado Type,Informática,Marketplace,596.33,5,392.01,341,4,4,2,449.11,4.14,5.1,11
2025-06-09,SKU032,Mouse Click,Informática,Site,482.31,15,331.55,188,2,2,0,273.61,4.5,3.16,12
2025-06-09,SKU032,Mouse Click,Informática,Aplicativo,467.43,0,328.01,167,7,7,0,251.89,4.48,1.92,11
2025-06-09,SKU032,Mouse Click,Informática,Marketplace,481.37,0,319.09,269,9,9,0,713.44,4.32,4.45,9
2025-06-09,SKU033,Monitor View,Informática,Site,404.09,20,279.66,87,2,2,0,352.87,3.75,2.82,4
2025-06-09,SKU033,Monitor View,Informática,Aplicativo,407.43,25,279.46,78,5,6,0,276.09,3.61,3.18,6
2025-06-09,SKU033,Monitor View,Informática,Marketplace,412.43,10,282.18,95,3,3,0,256.53,3.64,4.11,4
2025-06-09,SKU034,SSD Fast,Informática,Site,681.5,15,435.89,115,7,7,0,323.48,4.77,2.8,9
2025-06-09,SKU034,SSD Fast,Informática,Aplicativo,670.78,5,434.74,112,2,3,0,260.8,4.52,2.7,6
2025-06-09,SKU034,SSD Fast,Informática,Marketplace,672.36,5,454.77,163,4,4,0,385.83,4.58,3.98,7
2025-06-09,SKU035,Hub Connect,Informática,Site,688.08,0,463.79,182,4,5,0,436.84,4.5,3.0,7
2025-06-09,SKU035,Hub Connect,Informática,Aplicativo,685.5,5,460.33,151,5,6,1,348.86,4.66,3.29,10
2025-06-09,SKU035,Hub Connect,Informática,Marketplace,679.94,0,455.4,200,4,4,1,477.51,4.53,4.38,6
2025-06-09,SKU036,Notebook Go,Informática,Site,548.54,25,348.38,298,12,13,1,285.95,3.96,3.11,17
2025-06-09,SKU036,Notebook Go,Informática,Aplicativo,510.53,20,348.99,224,7,8,0,211.01,3.74,2.95,10
2025-06-09,SKU036,Notebook Go,Informática,Marketplace,505.0,15,350.66,366,14,14,1,461.39,3.84,3.85,15
2025-06-09,SKU037,Bloco Criar,Infantil,Site,159.36,0,74.11,130,4,4,1,250.73,4.17,2.98,7
2025-06-09,SKU037,Bloco Criar,Infantil,Aplicativo,162.54,5,76.51,134,3,3,0,349.07,4.15,2.94,12
2025-06-09,SKU037,Bloco Criar,Infantil,Marketplace,161.25,0,77.69,165,6,6,0,386.87,4.11,4.59,9
2025-06-09,SKU038,Livro Descobrir,Infantil,Site,113.54,0,54.66,85,5,5,0,380.97,4.26,3.74,6
2025-06-09,SKU038,Livro Descobrir,Infantil,Aplicativo,118.75,15,54.81,90,3,3,0,417.6,4.37,2.97,9
2025-06-09,SKU038,Livro Descobrir,Infantil,Marketplace,118.25,10,55.47,126,4,4,0,393.83,4.3,4.08,10
2025-06-09,SKU039,Jogo Família,Infantil,Site,156.19,15,71.9,175,14,14,0,272.03,4.68,3.14,17
2025-06-09,SKU039,Jogo Família,Infantil,Aplicativo,154.67,10,72.93,123,5,6,0,245.93,4.69,1.84,15
2025-06-09,SKU039,Jogo Família,Infantil,Marketplace,164.76,0,75.59,182,6,9,1,220.25,4.5,3.41,10
2025-06-09,SKU040,Mochila Kids,Infantil,Site,132.63,25,60.39,198,5,5,0,538.35,4.55,2.78,16
2025-06-09,SKU040,Mochila Kids,Infantil,Aplicativo,125.92,10,59.3,158,4,4,1,223.12,4.26,3.12,12
2025-06-09,SKU040,Mochila Kids,Infantil,Marketplace,125.59,20,61.16,205,9,10,0,296.84,4.31,3.82,14
2025-06-09,SKU041,Pelúcia Nuvem,Infantil,Site,141.14,15,67.95,548,15,17,1,350.81,3.66,3.22,38
2025-06-09,SKU041,Pelúcia Nuvem,Infantil,Aplicativo,142.3,10,66.61,386,20,26,1,183.31,3.68,2.18,29
2025-06-09,SKU041,Pelúcia Nuvem,Infantil,Marketplace,140.53,5,67.39,540,9,10,1,356.34,3.69,4.29,19
2025-06-09,SKU042,Patinete Joy,Infantil,Site,98.3,0,45.16,242,11,12,1,235.71,4.27,3.0,12
2025-06-09,SKU042,Patinete Joy,Infantil,Aplicativo,97.16,25,46.78,193,12,16,1,163.83,4.43,2.67,27
2025-06-09,SKU042,Patinete Joy,Infantil,Marketplace,97.66,0,47.94,269,7,7,0,214.94,4.19,4.69,10
2025-06-09,SKU043,Cama Cozy,Pet,Site,86.42,15,40.11,387,12,12,0,262.38,3.73,2.94,36
2025-06-09,SKU043,Cama Cozy,Pet,Aplicativo,88.29,0,38.27,405,19,22,1,499.12,3.57,2.81,32
2025-06-09,SKU043,Cama Cozy,Pet,Marketplace,86.16,15,38.46,449,18,21,0,245.49,3.63,4.25,25
2025-06-09,SKU044,Fonte Fresh,Pet,Site,90.78,25,39.98,151,10,11,0,337.15,4.73,2.95,16
2025-06-09,SKU044,Fonte Fresh,Pet,Aplicativo,89.14,10,39.1,122,16,16,0,265.98,4.84,2.7,16
2025-06-09,SKU044,Fonte Fresh,Pet,Marketplace,89.72,30,40.01,151,8,8,0,329.89,4.9,4.7,12
2025-06-09,SKU045,Brinquedo Fun,Pet,Site,100.42,10,45.69,227,10,11,0,250.77,4.41,2.78,15
2025-06-09,SKU045,Brinquedo Fun,Pet,Aplicativo,97.51,15,44.44,218,11,15,1,373.96,4.3,3.21,25
2025-06-09,SKU045,Brinquedo Fun,Pet,Marketplace,100.34,0,43.44,292,12,9,0,496.69,4.25,3.62,9
2025-06-09,SKU046,Coleira Safe,Pet,Site,141.14,10,60.44,258,18,13,0,520.25,4.11,4.42,13
2025-06-09,SKU046,Coleira Safe,Pet,Aplicativo,137.07,20,61.99,196,11,11,0,209.1,4.11,2.75,17
2025-06-09,SKU046,Coleira Safe,Pet,Marketplace,136.45,10,62.13,244,8,8,0,345.46,4.16,3.41,8
2025-06-09,SKU047,Comedouro Smart,Pet,Site,85.13,5,37.67,334,13,14,0,225.34,4.29,2.96,25
2025-06-09,SKU047,Comedouro Smart,Pet,Aplicativo,86.55,0,37.33,262,11,14,0,247.42,4.09,2.53,20
2025-06-09,SKU047,Comedouro Smart,Pet,Marketplace,81.61,10,36.88,368,14,15,0,361.87,4.19,5.22,21
2025-06-09,SKU048,Kit Higiene,Pet,Site,133.66,10,60.05,569,32,39,1,277.25,4.22,3.18,52
2025-06-09,SKU048,Kit Higiene,Pet,Aplicativo,137.59,20,60.42,495,26,32,1,309.4,4.2,4.1,37
2025-06-09,SKU048,Kit Higiene,Pet,Marketplace,134.51,10,60.84,688,21,22,1,319.94,4.33,3.77,48
2025-06-16,SKU001,Fone Pulse,Áudio e vídeo,Site,354.78,5,193.35,277,11,14,1,345.5,4.81,1.91,16
2025-06-16,SKU001,Fone Pulse,Áudio e vídeo,Aplicativo,342.87,5,191.42,230,10,11,0,226.89,4.67,2.47,15
2025-06-16,SKU001,Fone Pulse,Áudio e vídeo,Marketplace,331.84,0,194.43,318,10,10,0,231.52,4.65,4.08,12
2025-06-16,SKU002,Caixa Wave,Áudio e vídeo,Site,275.65,25,157.31,417,29,30,3,484.52,4.6,2.56,48
2025-06-16,SKU002,Caixa Wave,Áudio e vídeo,Aplicativo,288.13,10,161.93,296,13,14,1,229.55,4.85,2.86,18
2025-06-16,SKU002,Caixa Wave,Áudio e vídeo,Marketplace,261.71,25,157.54,473,31,36,0,413.82,4.72,4.59,37
2025-06-16,SKU003,Webcam Focus,Áudio e vídeo,Site,434.88,0,235.31,310,4,4,0,568.74,3.77,3.27,10
2025-06-16,SKU003,Webcam Focus,Áudio e vídeo,Aplicativo,408.58,5,232.04,230,6,6,0,349.83,3.77,3.86,13
2025-06-16,SKU003,Webcam Focus,Áudio e vídeo,Marketplace,400.98,10,227.4,288,5,5,0,331.8,3.78,3.74,11
2025-06-16,SKU004,Microfone Voice,Áudio e vídeo,Site,352.05,10,187.97,171,6,7,0,446.3,4.98,3.2,12
2025-06-16,SKU004,Microfone Voice,Áudio e vídeo,Aplicativo,326.54,25,195.86,133,21,15,1,264.3,4.81,2.19,15
2025-06-16,SKU004,Microfone Voice,Áudio e vídeo,Marketplace,345.14,5,185.74,189,2,2,0,502.65,4.84,5.22,8
2025-06-16,SKU005,Soundbar One,Áudio e vídeo,Site,409.58,10,238.83,282,10,13,0,228.38,4.08,3.52,13
2025-06-16,SKU005,Soundbar One,Áudio e vídeo,Aplicativo,413.6,10,242.99,208,9,10,0,207.79,4.0,3.69,14
2025-06-16,SKU005,Soundbar One,Áudio e vídeo,Marketplace,435.84,5,236.1,260,4,4,0,259.01,4.36,4.52,9
2025-06-16,SKU006,Headset Play,Áudio e vídeo,Site,379.0,15,207.68,146,5,5,0,208.26,3.53,3.59,5
2025-06-16,SKU006,Headset Play,Áudio e vídeo,Aplicativo,382.6,10,212.0,142,2,2,0,239.76,3.54,3.69,8
2025-06-16,SKU006,Headset Play,Áudio e vídeo,Marketplace,382.9,0,201.11,185,2,2,0,487.44,3.63,4.57,6
2025-06-16,SKU007,Panela Chef,Casa e cozinha,Site,260.39,25,136.26,503,28,29,0,440.25,4.63,3.18,55
2025-06-16,SKU007,Panela Chef,Casa e cozinha,Aplicativo,264.64,10,134.92,402,20,23,1,315.61,4.56,3.53,30
2025-06-16,SKU007,Panela Chef,Casa e cozinha,Marketplace,254.97,20,131.23,569,24,25,1,545.46,4.4,4.38,33
2025-06-16,SKU008,Air Fryer Easy,Casa e cozinha,Site,297.16,5,160.47,203,6,8,0,413.04,4.95,3.56,15
2025-06-16,SKU008,Air Fryer Easy,Casa e cozinha,Aplicativo,309.42,5,163.67,172,7,8,0,318.46,4.93,2.65,14
2025-06-16,SKU008,Air Fryer Easy,Casa e cozinha,Marketplace,290.7,0,155.85,231,10,10,2,396.56,4.61,4.64,10
2025-06-16,SKU009,Jogo Mesa,Casa e cozinha,Site,201.7,0,103.23,244,8,10,2,393.01,4.29,2.9,13
2025-06-16,SKU009,Jogo Mesa,Casa e cozinha,Aplicativo,203.36,30,106.25,179,17,19,1,359.74,4.34,4.39,19
2025-06-16,SKU009,Jogo Mesa,Casa e cozinha,Marketplace,207.95,0,105.74,280,8,8,0,467.04,4.41,4.78,13
2025-06-16,SKU010,Luminária Aura,Casa e cozinha,Site,196.41,15,104.43,310,17,20,0,224.44,4.56,3.09,26
2025-06-16,SKU010,Luminária Aura,Casa e cozinha,Aplicativo,197.67,20,102.18,277,9,10,2,311.96,4.41,2.86,24
2025-06-16,SKU010,Luminária Aura,Casa e cozinha,Marketplace,200.76,10,102.71,347,13,15,2,307.87,4.5,3.68,18
2025-06-16,SKU011,Organizador Box,Casa e cozinha,Site,290.41,15,161.42,654,22,27,1,326.59,3.91,2.6,46
2025-06-16,SKU011,Organizador Box,Casa e cozinha,Aplicativo,313.69,10,154.36,591,26,29,0,487.82,4.18,2.43,44
2025-06-16,SKU011,Organizador Box,Casa e cozinha,Marketplace,303.3,5,159.89,768,24,26,3,335.87,3.93,3.23,37
2025-06-16,SKU012,Mixer Prático,Casa e cozinha,Site,249.54,15,121.32,175,4,4,0,321.5,3.77,2.36,10
2025-06-16,SKU012,Mixer Prático,Casa e cozinha,Aplicativo,236.39,0,120.73,167,5,6,0,242.63,3.72,2.95,12
2025-06-16,SKU012,Mixer Prático,Casa e cozinha,Marketplace,244.39,5,124.7,242,5,6,0,398.98,3.78,4.76,8
2025-06-16,SKU013,Tênis Run,Esporte,Site,201.19,10,94.97,227,7,8,0,240.12,3.69,2.79,11
2025-06-16,SKU013,Tênis Run,Esporte,Aplicativo,193.37,10,94.14,199,5,7,0,255.58,3.74,2.77,13
2025-06-16,SKU013,Tênis Run,Esporte,Marketplace,194.55,0,96.43,306,4,5,0,614.64,3.73,4.2,12
2025-06-16,SKU014,Mochila Trail,Esporte,Site,200.2,10,96.29,362,16,20,2,334.29,4.55,3.29,21
2025-06-16,SKU014,Mochila Trail,Esporte,Aplicativo,190.22,5,93.35,286,14,18,2,351.63,4.61,2.05,25
2025-06-16,SKU014,Mochila Trail,Esporte,Marketplace,193.7,5,94.95,429,12,13,1,350.44,4.7,3.52,18
2025-06-16,SKU015,Garrafa Move,Esporte,Site,171.89,10,86.41,129,2,3,0,302.8,4.47,3.08,8
2025-06-16,SKU015,Garrafa Move,Esporte,Aplicativo,181.82,15,85.78,120,9,9,1,225.75,4.83,2.83,13
2025-06-16,SKU015,Garrafa Move,Esporte,Marketplace,184.69,30,90.3,171,6,6,1,397.42,4.57,3.79,13
2025-06-16,SKU016,Tapete Zen,Esporte,Site,191.88,25,89.64,297,10,12,0,363.79,3.94,4.14,15
2025-06-16,SKU016,Tapete Zen,Esporte,Aplicativo,184.97,10,93.34,244,13,16,0,266.07,4.11,2.66,19
2025-06-16,SKU016,Tapete Zen,Esporte,Marketplace,196.63,25,91.05,342,12,13,1,401.01,4.06,4.66,21
2025-06-16,SKU017,Kit Funcional,Esporte,Site,158.93,20,79.97,391,14,16,2,391.18,3.93,2.89,30
2025-06-16,SKU017,Kit Funcional,Esporte,Aplicativo,155.46,5,77.65,373,17,18,3,369.86,3.66,2.98,22
2025-06-16,SKU017,Kit Funcional,Esporte,Marketplace,151.17,5,78.96,534,19,20,1,582.63,3.87,3.46,23
2025-06-16,SKU018,Relógio Fit,Esporte,Site,222.92,25,114.5,246,15,17,0,281.15,4.19,3.14,23
2025-06-16,SKU018,Relógio Fit,Esporte,Aplicativo,231.71,25,114.33,195,9,9,1,223.11,4.27,2.12,18
2025-06-16,SKU018,Relógio Fit,Esporte,Marketplace,229.98,5,112.41,280,10,12,0,333.33,4.3,3.84,12
2025-06-16,SKU019,Camiseta Urban,Moda,Site,176.33,15,79.65,155,14,12,1,354.07,3.92,2.86,12
2025-06-16,SKU019,Camiseta Urban,Moda,Aplicativo,185.42,15,79.14,129,4,4,0,329.48,4.0,3.83,8
2025-06-16,SKU019,Camiseta Urban,Moda,Marketplace,181.45,15,77.82,218,5,5,1,548.68,4.14,5.46,12
2025-06-16,SKU020,Calça Flex,Moda,Site,125.85,10,53.58,270,2,3,0,465.79,3.78,2.68,17
2025-06-16,SKU020,Calça Flex,Moda,Aplicativo,128.95,15,52.57,212,8,10,1,369.77,3.9,2.95,13
2025-06-16,SKU020,Calça Flex,Moda,Marketplace,127.81,15,52.18,329,3,3,1,376.52,3.68,4.51,15
2025-06-16,SKU021,Tênis Street,Moda,Site,154.6,20,65.61,254,19,22,4,310.67,4.32,3.07,28
2025-06-16,SKU021,Tênis Street,Moda,Aplicativo,148.24,0,66.68,178,15,18,2,256.09,4.32,2.49,18
2025-06-16,SKU021,Tênis Street,Moda,Marketplace,153.55,0,67.01,250,9,10,2,363.71,4.16,3.34,11
2025-06-16,SKU022,Jaqueta City,Moda,Site,167.18,10,73.03,305,9,11,2,348.29,4.23,3.92,24
2025-06-16,SKU022,Jaqueta City,Moda,Aplicativo,161.8,10,71.7,244,14,18,0,246.6,4.17,1.96,26
2025-06-16,SKU022,Jaqueta City,Moda,Marketplace,169.47,10,73.42,355,14,16,2,353.18,4.32,5.14,20
2025-06-16,SKU023,Bolsa Mini,Moda,Site,137.11,20,60.59,514,8,8,1,382.11,3.69,3.98,35
2025-06-16,SKU023,Bolsa Mini,Moda,Aplicativo,139.17,5,60.63,387,20,24,3,191.95,3.63,3.26,31
2025-06-16,SKU023,Bolsa Mini,Moda,Marketplace,139.05,20,60.83,557,39,31,3,321.46,3.79,3.92,31
2025-06-16,SKU024,Moletom Soft,Moda,Site,135.24,10,56.3,320,12,13,1,485.68,4.04,3.5,23
2025-06-16,SKU024,Moletom Soft,Moda,Aplicativo,130.77,25,57.34,204,13,15,1,192.87,4.13,2.91,29
2025-06-16,SKU024,Moletom Soft,Moda,Marketplace,140.84,15,56.84,347,14,17,1,417.16,4.15,3.4,19
2025-06-16,SKU025,Kit Skin,Beleza,Site,102.89,10,41.79,202,14,11,0,480.92,3.67,2.81,11
2025-06-16,SKU025,Kit Skin,Beleza,Aplicativo,103.16,10,40.32,131,5,7,1,288.46,3.67,2.9,11
2025-06-16,SKU025,Kit Skin,Beleza,Marketplace,103.49,0,40.42,214,7,8,0,326.33,3.74,4.41,11
2025-06-16,SKU026,Perfume Bloom,Beleza,Site,107.16,0,43.6,413,22,25,0,325.2,4.65,2.79,38
2025-06-16,SKU026,Perfume Bloom,Beleza,Aplicativo,105.88,0,41.89,321,14,19,0,196.03,4.41,2.41,20
2025-06-16,SKU026,Perfume Bloom,Beleza,Marketplace,107.26,10,40.29,477,14,17,0,286.13,4.36,4.02,27
2025-06-16,SKU027,Secador Air,Beleza,Site,144.31,0,54.04,252,12,12,1,272.39,4.29,2.84,16
2025-06-16,SKU027,Secador Air,Beleza,Aplicativo,141.24,25,54.27,221,24,17,0,274.37,4.34,2.4,17
2025-06-16,SKU027,Secador Air,Beleza,Marketplace,138.39,0,55.12,351,11,12,1,668.32,4.42,3.97,21
2025-06-16,SKU028,Protetor Daily,Beleza,Site,136.34,10,55.28,273,12,12,0,247.42,3.67,3.0,16
2025-06-16,SKU028,Protetor Daily,Beleza,Aplicativo,144.59,10,54.78,229,12,14,0,188.77,3.88,2.52,20
2025-06-16,SKU028,Protetor Daily,Beleza,Marketplace,144.72,15,55.84,319,11,13,1,290.63,3.77,4.27,18
2025-06-16,SKU029,Escova Glow,Beleza,Site,95.67,10,36.51,252,10,14,0,341.47,4.41,3.11,18
2025-06-16,SKU029,Escova Glow,Beleza,Aplicativo,92.45,15,36.25,220,19,22,1,222.47,4.44,3.8,24
2025-06-16,SKU029,Escova Glow,Beleza,Marketplace,90.04,0,35.84,357,13,15,1,686.93,4.47,5.01,16
2025-06-16,SKU030,Sérum Vita,Beleza,Site,96.26,15,37.64,411,26,28,0,251.72,4.15,1.73,38
2025-06-16,SKU030,Sérum Vita,Beleza,Aplicativo,98.1,0,39.02,348,16,20,0,313.1,4.09,3.87,20
2025-06-16,SKU030,Sérum Vita,Beleza,Marketplace,100.28,0,37.26,406,12,14,0,264.1,4.18,4.78,18
2025-06-16,SKU031,Teclado Type,Informática,Site,595.33,10,402.68,277,3,3,0,323.41,4.03,3.7,11
2025-06-16,SKU031,Teclado Type,Informática,Aplicativo,654.68,0,390.37,202,6,4,0,217.71,4.03,2.94,4
2025-06-16,SKU031,Teclado Type,Informática,Marketplace,584.48,5,405.77,316,5,7,0,544.07,4.11,3.74,11
2025-06-16,SKU032,Mouse Click,Informática,Site,463.8,30,310.56,179,9,11,0,296.0,4.47,3.12,19
2025-06-16,SKU032,Mouse Click,Informática,Aplicativo,502.43,10,321.22,188,4,4,0,303.54,4.3,3.41,11
2025-06-16,SKU032,Mouse Click,Informática,Marketplace,498.61,10,309.31,208,5,7,0,326.77,4.36,4.26,8
2025-06-16,SKU033,Monitor View,Informática,Site,407.57,10,282.05,88,3,3,1,388.86,3.72,2.82,4
2025-06-16,SKU033,Monitor View,Informática,Aplicativo,405.57,5,279.9,76,3,3,0,147.21,3.67,3.78,3
2025-06-16,SKU033,Monitor View,Informática,Marketplace,422.9,0,274.53,86,0,0,0,297.79,3.73,4.51,3
2025-06-16,SKU034,SSD Fast,Informática,Site,668.47,10,450.21,122,5,6,0,337.98,4.44,2.72,6
2025-06-16,SKU034,SSD Fast,Informática,Aplicativo,705.24,20,445.74,91,2,3,0,210.15,4.52,3.48,7
2025-06-16,SKU034,SSD Fast,Informática,Marketplace,648.39,10,447.02,169,7,8,0,547.94,4.38,3.77,8
2025-06-16,SKU035,Hub Connect,Informática,Site,659.2,20,449.86,151,8,8,2,264.14,4.37,3.0,10
2025-06-16,SKU035,Hub Connect,Informática,Aplicativo,699.95,0,447.69,174,2,2,0,426.06,4.66,2.43,8
2025-06-16,SKU035,Hub Connect,Informática,Marketplace,688.58,20,452.32,204,3,3,1,486.63,4.51,3.67,13
2025-06-16,SKU036,Notebook Go,Informática,Site,537.55,15,351.76,322,11,14,0,382.79,4.06,3.05,18
2025-06-16,SKU036,Notebook Go,Informática,Aplicativo,523.71,5,355.1,272,10,12,0,280.04,4.03,3.77,13
2025-06-16,SKU036,Notebook Go,Informática,Marketplace,528.59,0,356.35,367,5,5,0,487.88,3.95,3.39,7
2025-06-16,SKU037,Bloco Criar,Infantil,Site,162.75,10,73.17,139,2,2,0,240.73,4.22,2.93,11
2025-06-16,SKU037,Bloco Criar,Infantil,Aplicativo,161.3,5,74.11,98,4,6,0,147.52,4.06,2.48,8
2025-06-16,SKU037,Bloco Criar,Infantil,Marketplace,159.05,20,75.16,195,3,3,0,477.46,4.22,4.86,12
2025-06-16,SKU038,Livro Descobrir,Infantil,Site,121.39,20,55.61,90,1,1,0,305.63,4.34,3.54,7
2025-06-16,SKU038,Livro Descobrir,Infantil,Aplicativo,116.48,0,55.67,85,1,1,1,350.49,4.22,2.3,7
2025-06-16,SKU038,Livro Descobrir,Infantil,Marketplace,114.73,30,55.28,121,4,5,0,356.23,4.39,5.07,9
2025-06-16,SKU039,Jogo Família,Infantil,Site,160.82,0,71.23,196,3,4,0,493.96,4.65,3.71,12
2025-06-16,SKU039,Jogo Família,Infantil,Aplicativo,159.02,10,73.71,137,12,13,2,187.71,4.59,1.93,13
2025-06-16,SKU039,Jogo Família,Infantil,Marketplace,144.84,5,75.75,225,6,6,0,435.66,4.59,4.1,14
2025-06-16,SKU040,Mochila Kids,Infantil,Site,123.81,15,58.71,156,11,13,1,202.02,4.49,2.24,15
2025-06-16,SKU040,Mochila Kids,Infantil,Aplicativo,130.58,10,58.66,133,3,4,0,153.44,4.17,3.03,9
2025-06-16,SKU040,Mochila Kids,Infantil,Marketplace,127.12,0,59.89,188,7,8,0,390.78,4.35,4.23,11
2025-06-16,SKU041,Pelúcia Nuvem,Infantil,Site,145.77,10,69.23,515,13,15,0,345.81,3.64,2.91,27
2025-06-16,SKU041,Pelúcia Nuvem,Infantil,Aplicativo,146.98,10,65.91,428,19,14,2,269.9,3.47,3.26,14
2025-06-16,SKU041,Pelúcia Nuvem,Infantil,Marketplace,142.02,15,67.7,577,24,30,1,312.46,3.52,3.74,34
2025-06-16,SKU042,Patinete Joy,Infantil,Site,97.98,10,44.73,235,8,10,2,373.88,3.96,2.64,16
2025-06-16,SKU042,Patinete Joy,Infantil,Aplicativo,98.79,15,46.75,206,10,11,0,161.06,4.07,4.27,15
2025-06-16,SKU042,Patinete Joy,Infantil,Marketplace,98.83,10,47.52,316,11,13,1,494.54,4.36,3.76,18
2025-06-16,SKU043,Cama Cozy,Pet,Site,89.27,5,39.24,388,11,12,1,227.93,3.75,4.26,14
2025-06-16,SKU043,Cama Cozy,Pet,Aplicativo,91.48,0,39.76,302,6,7,0,268.76,3.73,3.57,16
2025-06-16,SKU043,Cama Cozy,Pet,Marketplace,92.83,0,38.38,493,17,21,1,312.85,3.82,4.26,21
2025-06-16,SKU044,Fonte Fresh,Pet,Site,89.95,15,38.42,149,16,14,1,218.17,4.75,2.78,14
2025-06-16,SKU044,Fonte Fresh,Pet,Aplicativo,91.6,10,40.21,136,5,7,0,470.61,4.71,3.19,12
2025-06-16,SKU044,Fonte Fresh,Pet,Marketplace,90.78,10,38.84,173,7,7,0,478.43,4.72,3.76,11
2025-06-16,SKU045,Brinquedo Fun,Pet,Site,97.79,10,45.94,243,11,13,0,412.85,4.27,3.38,14
2025-06-16,SKU045,Brinquedo Fun,Pet,Aplicativo,99.18,15,44.66,176,10,14,0,187.42,4.29,3.32,20
2025-06-16,SKU045,Brinquedo Fun,Pet,Marketplace,104.56,0,44.07,236,5,5,0,344.53,4.3,3.87,13
2025-06-16,SKU046,Coleira Safe,Pet,Site,132.09,10,59.68,233,10,11,0,424.85,4.31,2.54,22
2025-06-16,SKU046,Coleira Safe,Pet,Aplicativo,138.61,30,61.85,174,21,23,2,237.27,4.41,3.82,23
2025-06-16,SKU046,Coleira Safe,Pet,Marketplace,136.71,10,61.26,281,10,10,0,460.41,4.12,4.98,18
2025-06-16,SKU047,Comedouro Smart,Pet,Site,86.59,5,35.91,307,15,15,1,363.58,4.12,3.7,15
2025-06-16,SKU047,Comedouro Smart,Pet,Aplicativo,85.93,20,37.72,240,13,13,0,327.52,4.47,3.44,29
2025-06-16,SKU047,Comedouro Smart,Pet,Marketplace,84.35,10,37.68,359,7,8,0,330.71,4.29,4.21,26
2025-06-16,SKU048,Kit Higiene,Pet,Site,141.59,20,58.98,659,37,44,2,510.57,4.43,3.73,53
2025-06-16,SKU048,Kit Higiene,Pet,Aplicativo,126.91,0,59.92,423,22,24,3,275.88,4.33,3.56,36
2025-06-16,SKU048,Kit Higiene,Pet,Marketplace,140.59,10,60.29,665,17,21,2,301.8,4.29,4.4,38
2025-06-23,SKU001,Fone Pulse,Áudio e vídeo,Site,348.84,0,193.81,283,7,9,0,199.51,4.62,4.6,12
2025-06-23,SKU001,Fone Pulse,Áudio e vídeo,Aplicativo,351.07,5,198.33,259,8,8,0,374.6,4.97,3.58,15
2025-06-23,SKU001,Fone Pulse,Áudio e vídeo,Marketplace,338.35,10,196.62,330,12,13,1,355.92,4.65,3.67,17
2025-06-23,SKU002,Caixa Wave,Áudio e vídeo,Site,275.18,15,162.88,459,12,14,1,509.36,5.0,3.56,34
2025-06-23,SKU002,Caixa Wave,Áudio e vídeo,Aplicativo,276.34,0,158.41,323,13,14,1,251.02,4.76,2.58,23
2025-06-23,SKU002,Caixa Wave,Áudio e vídeo,Marketplace,276.08,0,155.33,492,15,18,1,380.23,4.93,3.42,24
2025-06-23,SKU003,Webcam Focus,Áudio e vídeo,Site,401.32,5,228.34,244,6,8,0,278.0,3.9,3.14,11
2025-06-23,SKU003,Webcam Focus,Áudio e vídeo,Aplicativo,426.56,15,235.69,193,6,8,1,181.98,3.65,3.06,12
2025-06-23,SKU003,Webcam Focus,Áudio e vídeo,Marketplace,421.3,15,241.16,292,8,9,0,268.29,3.79,5.64,9
2025-06-23,SKU004,Microfone Voice,Áudio e vídeo,Site,334.4,15,193.56,174,4,4,0,363.86,4.72,3.39,13
2025-06-23,SKU004,Microfone Voice,Áudio e vídeo,Aplicativo,334.55,15,192.07,111,5,5,0,222.07,4.7,3.17,8
2025-06-23,SKU004,Microfone Voice,Áudio e vídeo,Marketplace,333.79,0,190.5,208,9,8,0,451.17,4.71,4.05,8
2025-06-23,SKU005,Soundbar One,Áudio e vídeo,Site,427.7,0,236.17,245,5,7,0,337.91,4.21,3.32,9
2025-06-23,SKU005,Soundbar One,Áudio e vídeo,Aplicativo,423.74,5,239.45,212,9,11,0,223.62,4.02,2.93,14
2025-06-23,SKU005,Soundbar One,Áudio e vídeo,Marketplace,427.46,30,235.07,274,9,10,0,208.57,3.96,3.76,17
2025-06-23,SKU006,Headset Play,Áudio e vídeo,Site,368.79,0,212.81,148,1,1,0,415.21,3.59,3.76,5
2025-06-23,SKU006,Headset Play,Áudio e vídeo,Aplicativo,365.86,10,208.15,126,4,4,0,423.26,3.44,2.4,8
2025-06-23,SKU006,Headset Play,Áudio e vídeo,Marketplace,365.82,10,205.43,194,1,1,0,468.15,3.67,3.63,11
2025-06-23,SKU007,Panela Chef,Casa e cozinha,Site,259.28,20,133.71,488,25,27,1,448.18,4.4,3.11,47
2025-06-23,SKU007,Panela Chef,Casa e cozinha,Aplicativo,254.86,0,135.59,401,23,26,1,282.0,4.61,3.38,31
2025-06-23,SKU007,Panela Chef,Casa e cozinha,Marketplace,253.57,20,133.09,558,20,21,3,448.15,4.59,5.15,39
2025-06-23,SKU008,Air Fryer Easy,Casa e cozinha,Site,302.39,0,159.46,188,9,11,0,232.76,4.69,2.5,12
2025-06-23,SKU008,Air Fryer Easy,Casa e cozinha,Aplicativo,313.13,15,156.88,148,6,8,1,212.06,4.67,3.22,14
2025-06-23,SKU008,Air Fryer Easy,Casa e cozinha,Marketplace,302.27,0,154.18,224,5,5,0,274.01,4.68,4.06,13
2025-06-23,SKU009,Jogo Mesa,Casa e cozinha,Site,206.72,0,101.75,209,5,5,0,353.9,4.16,2.89,13
2025-06-23,SKU009,Jogo Mesa,Casa e cozinha,Aplicativo,209.68,10,105.3,172,8,10,0,195.86,4.11,3.17,10
2025-06-23,SKU009,Jogo Mesa,Casa e cozinha,Marketplace,209.42,20,107.95,280,8,9,1,354.58,4.28,2.91,17
2025-06-23,SKU010,Luminária Aura,Casa e cozinha,Site,193.49,15,100.49,388,23,29,0,379.22,4.58,2.89,31
2025-06-23,SKU010,Luminária Aura,Casa e cozinha,Aplicativo,200.4,10,103.6,292,17,20,1,238.01,4.6,1.83,25
2025-06-23,SKU010,Luminária Aura,Casa e cozinha,Marketplace,199.73,0,98.33,411,11,14,0,437.3,4.32,3.69,17
2025-06-23,SKU011,Organizador Box,Casa e cozinha,Site,311.19,10,155.03,637,21,26,0,294.79,3.96,3.6,33
2025-06-23,SKU011,Organizador Box,Casa e cozinha,Aplicativo,302.93,5,153.37,525,24,29,0,282.43,3.99,1.96,42
2025-06-23,SKU011,Organizador Box,Casa e cozinha,Marketplace,305.61,10,159.4,726,27,31,0,420.22,4.22,4.87,40
2025-06-23,SKU012,Mixer Prático,Casa e cozinha,Site,243.1,5,117.5,202,4,4,0,412.9,3.77,2.91,10
2025-06-23,SKU012,Mixer Prático,Casa e cozinha,Aplicativo,227.79,25,128.96,171,11,12,0,336.21,3.82,3.13,18
2025-06-23,SKU012,Mixer Prático,Casa e cozinha,Marketplace,246.71,10,121.41,240,5,5,0,522.97,3.66,3.79,13
2025-06-23,SKU013,Tênis Run,Esporte,Site,198.62,25,98.08,231,10,13,0,286.83,3.83,3.02,19
2025-06-23,SKU013,Tênis Run,Esporte,Aplicativo,191.79,15,95.59,210,9,7,0,197.95,3.58,3.15,7
2025-06-23,SKU013,Tênis Run,Esporte,Marketplace,197.21,15,96.4,262,10,8,0,270.77,3.77,4.18,8
2025-06-23,SKU014,Mochila Trail,Esporte,Site,188.33,0,95.95,349,15,16,3,210.96,4.75,3.35,21
2025-06-23,SKU014,Mochila Trail,Esporte,Aplicativo,193.34,10,94.85,311,11,12,0,312.63,4.73,2.9,23
2025-06-23,SKU014,Mochila Trail,Esporte,Marketplace,187.61,20,95.22,420,15,17,0,286.86,4.68,2.98,34
2025-06-23,SKU015,Garrafa Move,Esporte,Site,177.32,15,86.89,123,7,7,0,206.81,4.78,4.01,7
2025-06-23,SKU015,Garrafa Move,Esporte,Aplicativo,180.98,5,86.97,119,2,2,0,248.12,4.61,2.56,8
2025-06-23,SKU015,Garrafa Move,Esporte,Marketplace,181.88,5,89.6,155,8,11,0,564.01,4.75,3.54,12
2025-06-23,SKU016,Tapete Zen,Esporte,Site,180.9,10,92.65,263,10,14,0,191.37,4.0,2.75,19
2025-06-23,SKU016,Tapete Zen,Esporte,Aplicativo,188.7,10,91.11,265,14,16,1,384.5,4.05,2.31,21
2025-06-23,SKU016,Tapete Zen,Esporte,Marketplace,186.62,0,89.45,331,16,11,0,341.65,3.9,4.57,11
2025-06-23,SKU017,Kit Funcional,Esporte,Site,158.46,15,78.52,444,15,20,1,411.21,3.82,2.93,25
2025-06-23,SKU017,Kit Funcional,Esporte,Aplicativo,161.39,20,79.51,317,19,20,0,288.56,3.77,3.58,20
2025-06-23,SKU017,Kit Funcional,Esporte,Marketplace,156.69,5,79.79,468,9,12,1,408.01,3.82,5.14,20
2025-06-23,SKU018,Relógio Fit,Esporte,Site,232.94,5,111.25,251,7,7,0,277.22,4.3,3.49,13
2025-06-23,SKU018,Relógio Fit,Esporte,Aplicativo,233.41,10,111.81,211,13,14,1,257.85,4.29,3.13,15
2025-06-23,SKU018,Relógio Fit,Esporte,Marketplace,227.97,15,117.25,308,11,14,3,484.21,4.58,4.03,20
2025-06-23,SKU019,Camiseta Urban,Moda,Site,178.01,0,77.35,166,9,9,1,385.54,4.18,3.3,9
2025-06-23,SKU019,Camiseta Urban,Moda,Aplicativo,185.04,20,76.26,124,6,6,2,199.5,4.13,2.57,12
2025-06-23,SKU019,Camiseta Urban,Moda,Marketplace,181.95,15,78.27,202,6,8,1,305.56,3.94,4.53,12
2025-06-23,SKU020,Calça Flex,Moda,Site,132.13,10,53.8,245,10,11,2,272.51,3.88,3.19,18
2025-06-23,SKU020,Calça Flex,Moda,Aplicativo,123.19,10,54.6,197,7,7,1,252.49,3.65,2.7,15
2025-06-23,SKU020,Calça Flex,Moda,Marketplace,128.58,20,54.03,274,10,11,2,326.57,3.61,4.25,18
2025-06-23,SKU021,Tênis Street,Moda,Site,158.96,20,67.32,241,11,12,0,380.07,4.5,4.12,22
2025-06-23,SKU021,Tênis Street,Moda,Aplicativo,155.24,10,68.4,198,12,16,1,294.74,4.2,2.77,19
2025-06-23,SKU021,Tênis Street,Moda,Marketplace,160.99,0,65.17,321,6,7,3,455.94,4.16,3.76,8
2025-06-23,SKU022,Jaqueta City,Moda,Site,167.15,10,71.02,321,15,18,0,382.35,4.25,4.01,20
2025-06-23,SKU022,Jaqueta City,Moda,Aplicativo,167.48,10,71.86,256,21,24,1,356.17,4.48,3.35,27
2025-06-23,SKU022,Jaqueta City,Moda,Marketplace,167.39,5,70.95,339,13,13,1,444.97,4.22,4.26,17
2025-06-23,SKU023,Bolsa Mini,Moda,Site,137.01,20,58.62,575,35,25,2,418.65,3.54,2.8,25
2025-06-23,SKU023,Bolsa Mini,Moda,Aplicativo,143.41,15,58.84,455,29,33,1,377.03,3.51,2.47,33
2025-06-23,SKU023,Bolsa Mini,Moda,Marketplace,139.03,5,62.07,643,21,25,0,346.56,3.62,4.37,31
2025-06-23,SKU024,Moletom Soft,Moda,Site,133.64,5,56.51,309,11,12,1,400.19,4.07,3.27,16
2025-06-23,SKU024,Moletom Soft,Moda,Aplicativo,133.05,20,56.4,213,12,15,2,263.07,4.0,3.28,25
2025-06-23,SKU024,Moletom Soft,Moda,Marketplace,130.29,0,58.64,314,14,16,0,283.88,4.09,3.34,24
2025-06-23,SKU025,Kit Skin,Beleza,Site,104.29,10,41.68,158,5,5,0,337.4,3.4,2.86,10
2025-06-23,SKU025,Kit Skin,Beleza,Aplicativo,99.07,5,41.09,146,8,10,0,453.03,3.64,3.24,13
2025-06-23,SKU025,Kit Skin,Beleza,Marketplace,102.91,0,39.82,219,8,9,0,567.64,3.82,4.58,9
2025-06-23,SKU026,Perfume Bloom,Beleza,Site,102.93,10,41.44,452,20,22,1,433.09,4.49,3.07,38
2025-06-23,SKU026,Perfume Bloom,Beleza,Aplicativo,106.72,5,40.19,358,18,20,0,301.74,4.5,2.3,35
2025-06-23,SKU026,Perfume Bloom,Beleza,Marketplace,110.71,25,42.3,469,41,47,1,228.7,4.75,3.55,49
2025-06-23,SKU027,Secador Air,Beleza,Site,139.46,10,54.0,245,22,24,1,340.91,4.48,3.1,24
2025-06-23,SKU027,Secador Air,Beleza,Aplicativo,143.79,10,55.81,208,17,20,0,219.36,4.25,3.09,22
2025-06-23,SKU027,Secador Air,Beleza,Marketplace,140.66,20,53.32,300,15,16,0,264.84,4.4,3.87,28
2025-06-23,SKU028,Protetor Daily,Beleza,Site,145.4,20,54.5,273,8,10,0,227.23,3.7,3.32,22
2025-06-23,SKU028,Protetor Daily,Beleza,Aplicativo,141.26,10,57.49,251,9,9,0,473.89,3.63,3.15,16
2025-06-23,SKU028,Protetor Daily,Beleza,Marketplace,141.12,10,55.48,343,17,14,0,414.67,3.73,3.54,14
2025-06-23,SKU029,Escova Glow,Beleza,Site,93.43,0,36.45,293,16,17,1,270.65,4.22,3.26,19
2025-06-23,SKU029,Escova Glow,Beleza,Aplicativo,92.05,15,37.14,254,22,26,0,396.68,4.36,3.22,33
2025-06-23,SKU029,Escova Glow,Beleza,Marketplace,94.02,15,36.71,320,17,18,0,493.76,4.42,4.22,28
2025-06-23,SKU030,Sérum Vita,Beleza,Site,96.55,0,38.41,403,15,18,0,256.57,4.21,2.29,29
2025-06-23,SKU030,Sérum Vita,Beleza,Aplicativo,98.63,15,38.4,318,13,16,1,247.65,4.23,3.33,29
2025-06-23,SKU030,Sérum Vita,Beleza,Marketplace,92.21,10,38.54,499,21,25,0,282.58,4.17,4.14,36
2025-06-23,SKU031,Teclado Type,Informática,Site,606.76,15,386.23,248,12,10,1,296.05,4.05,4.22,10
2025-06-23,SKU031,Teclado Type,Informática,Aplicativo,610.18,25,409.96,214,9,10,0,199.65,4.08,3.12,16
2025-06-23,SKU031,Teclado Type,Informática,Marketplace,579.13,10,392.32,334,11,12,0,364.42,4.21,4.41,14
2025-06-23,SKU032,Mouse Click,Informática,Site,490.9,25,330.59,188,6,9,0,306.09,4.35,2.76,15
2025-06-23,SKU032,Mouse Click,Informática,Aplicativo,482.05,15,319.4,159,7,7,0,272.99,4.3,4.2,9
2025-06-23,SKU032,Mouse Click,Informática,Marketplace,489.47,20,330.57,234,4,4,0,392.02,4.39,3.8,11
2025-06-23,SKU033,Monitor View,Informática,Site,412.06,25,281.5,86,7,6,0,434.44,3.64,2.93,6
2025-06-23,SKU033,Monitor View,Informática,Aplicativo,427.7,10,275.26,57,0,0,0,116.6,3.65,2.53,3
2025-06-23,SKU033,Monitor View,Informática,Marketplace,429.95,0,277.33,102,1,1,0,468.35,3.65,4.82,3
2025-06-23,SKU034,SSD Fast,Informática,Site,672.52,5,426.01,130,3,3,0,316.02,4.52,3.02,5
2025-06-23,SKU034,SSD Fast,Informática,Aplicativo,634.35,25,443.42,123,4,4,0,319.61,4.5,3.66,13
2025-06-23,SKU034,SSD Fast,Informática,Marketplace,688.21,20,433.89,148,5,5,0,431.55,4.51,4.19,7
2025-06-23,SKU035,Hub Connect,Informática,Site,680.35,0,464.17,169,2,2,0,318.65,4.55,2.86,7
2025-06-23,SKU035,Hub Connect,Informática,Aplicativo,676.38,15,439.44,136,6,7,1,338.09,4.59,2.89,9
2025-06-23,SKU035,Hub Connect,Informática,Marketplace,690.37,20,456.7,202,10,10,0,490.08,4.62,4.28,10
2025-06-23,SKU036,Notebook Go,Informática,Site,526.88,10,354.19,325,7,8,0,269.2,3.89,4.09,12
2025-06-23,SKU036,Notebook Go,Informática,Aplicativo,537.86,5,356.91,231,2,2,0,247.78,3.9,2.52,9
2025-06-23,SKU036,Notebook Go,Informática,Marketplace,522.8,0,356.2,339,6,6,0,447.14,3.79,4.08,11
2025-06-23,SKU037,Bloco Criar,Infantil,Site,154.2,10,74.99,129,8,7,0,313.62,4.04,3.73,7
2025-06-23,SKU037,Bloco Criar,Infantil,Aplicativo,167.46,10,74.89,123,2,2,0,332.66,4.09,4.12,10
2025-06-23,SKU037,Bloco Criar,Infantil,Marketplace,164.13,0,76.52,156,6,6,0,373.96,4.21,3.64,9
2025-06-23,SKU038,Livro Descobrir,Infantil,Site,118.12,0,58.01,87,1,1,1,311.16,4.33,3.4,6
2025-06-23,SKU038,Livro Descobrir,Infantil,Aplicativo,117.3,10,56.19,80,2,2,0,232.8,4.32,2.87,8
2025-06-23,SKU038,Livro Descobrir,Infantil,Marketplace,114.14,0,54.27,104,3,3,0,274.05,4.34,3.24,7
2025-06-23,SKU039,Jogo Família,Infantil,Site,149.64,25,73.25,174,15,17,2,367.57,4.47,3.71,17
2025-06-23,SKU039,Jogo Família,Infantil,Aplicativo,155.3,15,72.78,153,9,10,2,300.21,4.65,2.64,18
2025-06-23,SKU039,Jogo Família,Infantil,Marketplace,150.53,10,75.37,226,12,15,1,442.88,4.46,3.52,17
2025-06-23,SKU040,Mochila Kids,Infantil,Site,127.93,10,59.38,196,5,6,0,423.52,4.41,2.56,14
2025-06-23,SKU040,Mochila Kids,Infantil,Aplicativo,125.83,0,59.35,143,4,4,0,407.16,4.31,3.69,8
2025-06-23,SKU040,Mochila Kids,Infantil,Marketplace,126.03,20,61.95,208,14,17,2,399.2,4.26,2.43,17
2025-06-23,SKU041,Pelúcia Nuvem,Infantil,Site,149.35,15,65.3,517,19,19,1,375.41,3.69,2.82,28
2025-06-23,SKU041,Pelúcia Nuvem,Infantil,Aplicativo,139.36,0,66.17,392,8,9,0,204.41,3.66,3.17,17
2025-06-23,SKU041,Pelúcia Nuvem,Infantil,Marketplace,142.45,5,65.37,627,33,34,2,595.74,3.79,3.91,34
2025-06-23,SKU042,Patinete Joy,Infantil,Site,94.12,20,47.12,232,16,19,1,232.72,4.51,2.88,21
2025-06-23,SKU042,Patinete Joy,Infantil,Aplicativo,96.52,5,45.53,202,11,13,1,258.3,4.31,3.08,15
2025-06-23,SKU042,Patinete Joy,Infantil,Marketplace,97.24,15,44.32,274,13,15,1,315.62,4.25,5.93,16
2025-06-23,SKU043,Cama Cozy,Pet,Site,89.15,20,38.68,410,19,21,0,383.77,3.71,3.56,40
2025-06-23,SKU043,Cama Cozy,Pet,Aplicativo,87.5,10,39.05,308,14,16,0,193.56,3.64,2.75,25
2025-06-23,SKU043,Cama Cozy,Pet,Marketplace,90.68,5,39.45,501,20,23,1,313.79,3.73,3.71,29
2025-06-23,SKU044,Fonte Fresh,Pet,Site,91.0,25,40.29,150,11,14,0,375.65,4.87,3.5,14
2025-06-23,SKU044,Fonte Fresh,Pet,Aplicativo,88.62,10,38.9,112,6,6,0,205.7,4.6,2.73,14
2025-06-23,SKU044,Fonte Fresh,Pet,Marketplace,90.6,20,40.04,168,6,6,0,409.97,4.69,4.24,10
2025-06-23,SKU045,Brinquedo Fun,Pet,Site,99.47,10,43.77,232,16,16,2,394.1,4.36,2.58,16
2025-06-23,SKU045,Brinquedo Fun,Pet,Aplicativo,100.62,25,44.21,174,12,13,0,217.45,4.5,3.68,22
2025-06-23,SKU045,Brinquedo Fun,Pet,Marketplace,100.31,15,45.73,216,12,14,1,349.69,4.45,4.2,18
2025-06-23,SKU046,Coleira Safe,Pet,Site,134.67,0,60.46,247,14,15,0,470.86,4.38,2.36,19
2025-06-23,SKU046,Coleira Safe,Pet,Aplicativo,131.59,10,61.34,187,14,16,0,230.27,4.0,2.8,21
2025-06-23,SKU046,Coleira Safe,Pet,Marketplace,135.78,20,57.8,268,12,14,0,340.69,4.12,3.82,23
2025-06-23,SKU047,Comedouro Smart,Pet,Site,86.33,15,38.19,294,13,14,0,312.46,4.16,2.16,27
2025-06-23,SKU047,Comedouro Smart,Pet,Aplicativo,83.92,15,37.65,249,14,15,0,229.21,4.18,3.31,24
2025-06-23,SKU047,Comedouro Smart,Pet,Marketplace,82.74,25,37.6,388,25,28,0,407.2,4.28,3.53,43
2025-06-23,SKU048,Kit Higiene,Pet,Site,138.85,0,60.08,655,28,32,0,527.54,4.16,2.49,40
2025-06-23,SKU048,Kit Higiene,Pet,Aplicativo,139.82,5,61.08,460,21,23,0,264.29,4.19,3.2,35
2025-06-23,SKU048,Kit Higiene,Pet,Marketplace,135.62,5,61.07,660,28,32,1,291.69,4.36,4.69,41
2025-06-30,SKU001,Fone Pulse,Áudio e vídeo,Site,349.97,20,197.94,280,14,15,2,308.68,4.74,3.61,28
2025-06-30,SKU001,Fone Pulse,Áudio e vídeo,Aplicativo,341.54,10,198.06,237,9,11,1,216.98,4.65,3.24,14
2025-06-30,SKU001,Fone Pulse,Áudio e vídeo,Marketplace,343.44,15,195.61,317,5,5,1,422.17,4.61,3.53,20
2025-06-30,SKU002,Caixa Wave,Áudio e vídeo,Site,269.47,5,160.56,419,14,15,0,326.21,4.82,3.42,21
2025-06-30,SKU002,Caixa Wave,Áudio e vídeo,Aplicativo,282.48,0,157.6,330,14,18,1,306.66,4.64,3.2,21
2025-06-30,SKU002,Caixa Wave,Áudio e vídeo,Marketplace,275.27,25,155.78,456,22,24,2,369.08,4.71,4.11,30
2025-06-30,SKU003,Webcam Focus,Áudio e vídeo,Site,409.06,0,232.75,228,1,1,0,339.71,3.68,3.96,8
2025-06-30,SKU003,Webcam Focus,Áudio e vídeo,Aplicativo,411.45,0,241.7,203,8,9,0,247.02,3.63,2.08,10
2025-06-30,SKU003,Webcam Focus,Áudio e vídeo,Marketplace,413.79,25,237.44,306,19,20,1,451.44,3.62,3.74,20
2025-06-30,SKU004,Microfone Voice,Áudio e vídeo,Site,321.36,25,187.54,156,7,7,0,253.17,4.73,2.82,15
2025-06-30,SKU004,Microfone Voice,Áudio e vídeo,Aplicativo,326.34,0,188.96,138,8,8,0,236.18,4.79,2.67,10
2025-06-30,SKU004,Microfone Voice,Áudio e vídeo,Marketplace,322.43,15,188.52,199,9,12,1,477.84,4.71,3.88,12
2025-06-30,SKU005,Soundbar One,Áudio e vídeo,Site,423.79,5,240.3,270,7,8,1,317.6,4.12,3.04,12
2025-06-30,SKU005,Soundbar One,Áudio e vídeo,Aplicativo,431.28,15,238.94,207,7,7,1,250.54,4.14,2.9,14
2025-06-30,SKU005,Soundbar One,Áudio e vídeo,Marketplace,423.34,5,236.89,329,5,5,0,560.29,4.0,3.81,14
2025-06-30,SKU006,Headset Play,Áudio e vídeo,Site,361.89,25,208.23,137,2,2,0,222.12,3.6,2.85,9
2025-06-30,SKU006,Headset Play,Áudio e vídeo,Aplicativo,366.64,10,211.24,110,3,3,0,348.39,3.6,3.96,4
2025-06-30,SKU006,Headset Play,Áudio e vídeo,Marketplace,361.18,15,215.15,166,2,2,0,264.46,3.68,4.28,7
2025-06-30,SKU007,Panela Chef,Casa e cozinha,Site,261.05,10,134.88,504,28,33,3,471.04,4.56,3.65,40
2025-06-30,SKU007,Panela Chef,Casa e cozinha,Aplicativo,255.05,5,139.06,352,23,27,1,192.04,4.77,2.17,33
2025-06-30,SKU007,Panela Chef,Casa e cozinha,Marketplace,257.7,5,133.51,584,15,16,0,504.0,4.61,4.59,29
2025-06-30,SKU008,Air Fryer Easy,Casa e cozinha,Site,308.14,0,160.52,226,11,11,1,271.31,4.73,3.79,12
2025-06-30,SKU008,Air Fryer Easy,Casa e cozinha,Aplicativo,305.6,15,159.68,196,16,18,0,299.44,4.72,1.76,24
2025-06-30,SKU008,Air Fryer Easy,Casa e cozinha,Marketplace,307.41,20,159.36,223,11,9,0,207.09,4.87,4.85,9
2025-06-30,SKU009,Jogo Mesa,Casa e cozinha,Site,199.58,0,100.32,222,8,9,0,301.89,4.22,3.49,11
2025-06-30,SKU009,Jogo Mesa,Casa e cozinha,Aplicativo,204.88,5,105.27,228,8,9,1,414.46,4.09,3.46,15
2025-06-30,SKU009,Jogo Mesa,Casa e cozinha,Marketplace,203.65,30,104.01,298,15,17,1,407.22,4.22,5.15,20
2025-06-30,SKU010,Luminária Aura,Casa e cozinha,Site,194.3,15,100.92,316,16,16,0,247.36,4.5,3.29,20
2025-06-30,SKU010,Luminária Aura,Casa e cozinha,Aplicativo,196.57,15,101.41,350,21,24,0,390.25,4.78,2.95,33
2025-06-30,SKU010,Luminária Aura,Casa e cozinha,Marketplace,193.68,25,100.49,444,21,25,3,326.98,4.54,4.16,30
2025-06-30,SKU011,Organizador Box,Casa e cozinha,Site,303.69,10,154.17,675,30,39,0,364.59,4.0,3.4,41
2025-06-30,SKU011,Organizador Box,Casa e cozinha,Aplicativo,309.18,15,157.92,478,19,22,2,240.48,3.97,2.52,28
2025-06-30,SKU011,Organizador Box,Casa e cozinha,Marketplace,307.28,0,157.35,877,17,19,0,674.97,3.94,4.31,38
2025-06-30,SKU012,Mixer Prático,Casa e cozinha,Site,232.13,5,122.43,212,8,7,0,426.78,4.19,3.29,7
2025-06-30,SKU012,Mixer Prático,Casa e cozinha,Aplicativo,233.96,5,125.8,149,10,9,0,228.12,3.72,2.79,9
2025-06-30,SKU012,Mixer Prático,Casa e cozinha,Marketplace,237.05,15,124.57,207,4,4,0,473.13,3.95,4.27,9
2025-06-30,SKU013,Tênis Run,Esporte,Site,193.88,5,95.87,228,7,7,0,251.69,3.93,2.49,11
2025-06-30,SKU013,Tênis Run,Esporte,Aplicativo,211.09,20,92.66,180,9,11,0,277.46,3.87,2.43,13
2025-06-30,SKU013,Tênis Run,Esporte,Marketplace,215.18,15,98.87,277,9,12,2,273.76,3.8,4.2,13
2025-06-30,SKU014,Mochila Trail,Esporte,Site,197.24,5,94.07,346,10,12,0,370.72,4.68,3.73,20
2025-06-30,SKU014,Mochila Trail,Esporte,Aplicativo,187.52,10,94.08,333,17,18,0,428.47,4.84,3.53,25
2025-06-30,SKU014,Mochila Trail,Esporte,Marketplace,205.14,10,93.78,403,12,13,1,385.69,4.56,4.27,22
2025-06-30,SKU015,Garrafa Move,Esporte,Site,174.89,0,88.28,163,4,4,1,272.77,4.7,3.3,8
2025-06-30,SKU015,Garrafa Move,Esporte,Aplicativo,177.24,15,84.75,120,7,7,0,268.86,4.56,2.61,13
2025-06-30,SKU015,Garrafa Move,Esporte,Marketplace,182.88,0,88.07,166,4,5,0,459.5,4.42,3.76,9
2025-06-30,SKU016,Tapete Zen,Esporte,Site,190.99,0,95.15,288,5,7,0,317.65,4.0,3.36,10
2025-06-30,SKU016,Tapete Zen,Esporte,Aplicativo,182.09,15,91.27,217,12,17,0,218.4,4.07,2.4,19
2025-06-30,SKU016,Tapete Zen,Esporte,Marketplace,190.98,10,92.58,289,10,11,0,309.79,3.91,4.15,11
2025-06-30,SKU017,Kit Funcional,Esporte,Site,159.26,15,77.11,385,13,16,1,212.75,3.48,3.3,21
2025-06-30,SKU017,Kit Funcional,Esporte,Aplicativo,153.5,5,78.57,376,20,18,0,376.64,3.72,3.2,18
2025-06-30,SKU017,Kit Funcional,Esporte,Marketplace,164.48,15,77.72,432,10,10,1,313.53,3.84,4.66,21
2025-06-30,SKU018,Relógio Fit,Esporte,Site,228.32,5,111.27,244,7,8,1,346.39,4.39,3.94,12
2025-06-30,SKU018,Relógio Fit,Esporte,Aplicativo,233.79,10,110.9,166,10,11,0,160.18,4.48,3.34,12
2025-06-30,SKU018,Relógio Fit,Esporte,Marketplace,227.95,0,113.6,300,9,9,0,348.15,4.42,4.37,9
2025-06-30,SKU019,Camiseta Urban,Moda,Site,182.67,15,78.37,158,8,8,1,187.3,4.22,4.03,9
2025-06-30,SKU019,Camiseta Urban,Moda,Aplicativo,189.18,10,77.95,134,9,10,0,198.86,4.17,3.14,10
2025-06-30,SKU019,Camiseta Urban,Moda,Marketplace,181.7,15,78.8,199,10,11,3,492.53,4.16,4.26,16
2025-06-30,SKU020,Calça Flex,Moda,Site,125.08,20,55.06,240,6,6,1,314.55,3.65,3.71,20
2025-06-30,SKU020,Calça Flex,Moda,Aplicativo,129.55,0,53.43,237,7,8,2,290.95,3.84,3.81,17
2025-06-30,SKU020,Calça Flex,Moda,Marketplace,113.84,20,52.69,295,11,13,2,351.85,3.77,5.34,17
2025-06-30,SKU021,Tênis Street,Moda,Site,153.04,5,64.59,233,4,4,0,296.07,4.36,4.29,15
2025-06-30,SKU021,Tênis Street,Moda,Aplicativo,151.93,5,66.24,152,9,11,1,188.01,4.3,2.36,14
2025-06-30,SKU021,Tênis Street,Moda,Marketplace,152.43,10,64.29,251,13,16,1,281.75,4.36,4.02,19
2025-06-30,SKU022,Jaqueta City,Moda,Site,168.77,25,72.92,297,25,29,4,470.11,4.46,2.2,37
2025-06-30,SKU022,Jaqueta City,Moda,Aplicativo,172.35,20,73.69,261,21,23,1,279.6,4.25,3.07,30
2025-06-30,SKU022,Jaqueta City,Moda,Marketplace,166.15,10,73.51,351,14,16,2,360.12,4.22,3.79,24
2025-06-30,SKU023,Bolsa Mini,Moda,Site,138.92,5,59.29,487,10,11,1,322.49,3.51,2.92,22
2025-06-30,SKU023,Bolsa Mini,Moda,Aplicativo,139.82,20,63.99,382,26,28,4,247.0,3.71,3.26,30
2025-06-30,SKU023,Bolsa Mini,Moda,Marketplace,138.57,10,60.33,647,17,18,3,543.75,3.39,3.4,33
2025-06-30,SKU024,Moletom Soft,Moda,Site,130.93,10,57.65,294,18,17,1,306.49,4.33,4.11,17
2025-06-30,SKU024,Moletom Soft,Moda,Aplicativo,133.87,10,56.66,186,8,9,0,232.68,3.94,2.57,17
2025-06-30,SKU024,Moletom Soft,Moda,Marketplace,133.22,15,54.78,309,16,18,2,431.16,4.22,3.67,27
2025-06-30,SKU025,Kit Skin,Beleza,Site,101.23,10,40.42,171,14,14,0,356.24,3.82,2.86,14
2025-06-30,SKU025,Kit Skin,Beleza,Aplicativo,104.38,15,38.92,141,9,12,0,362.89,3.66,2.76,12
2025-06-30,SKU025,Kit Skin,Beleza,Marketplace,102.37,10,41.21,204,8,10,1,394.14,3.68,4.02,14
2025-06-30,SKU026,Perfume Bloom,Beleza,Site,101.96,15,40.83,443,36,39,2,327.17,4.51,2.91,44
2025-06-30,SKU026,Perfume Bloom,Beleza,Aplicativo,106.08,10,42.43,366,28,30,0,246.94,4.46,2.56,43
2025-06-30,SKU026,Perfume Bloom,Beleza,Marketplace,107.55,15,42.14,546,20,24,0,397.86,4.51,3.39,46
2025-06-30,SKU027,Secador Air,Beleza,Site,147.8,10,53.24,289,10,12,0,249.31,4.35,2.94,12
2025-06-30,SKU027,Secador Air,Beleza,Aplicativo,137.07,0,54.18,215,14,17,0,293.6,4.36,3.77,17
2025-06-30,SKU027,Secador Air,Beleza,Marketplace,142.38,10,53.92,282,13,14,1,283.42,4.4,4.26,20
2025-06-30,SKU028,Protetor Daily,Beleza,Site,136.37,10,55.39,285,23,22,0,496.8,3.65,1.9,22
2025-06-30,SKU028,Protetor Daily,Beleza,Aplicativo,140.7,20,55.42,224,12,15,1,145.77,3.82,3.65,16
2025-06-30,SKU028,Protetor Daily,Beleza,Marketplace,143.65,25,54.93,332,16,17,0,561.16,3.71,4.62,22
2025-06-30,SKU029,Escova Glow,Beleza,Site,94.23,15,35.94,268,12,12,0,276.83,4.51,3.1,19
2025-06-30,SKU029,Escova Glow,Beleza,Aplicativo,93.77,5,36.42,223,16,17,0,210.21,4.48,3.17,17
2025-06-30,SKU029,Escova Glow,Beleza,Marketplace,97.63,15,37.37,353,10,10,0,498.6,4.48,4.58,28
2025-06-30,SKU030,Sérum Vita,Beleza,Site,99.12,15,38.68,386,11,13,0,218.73,4.17,2.74,34
2025-06-30,SKU030,Sérum Vita,Beleza,Aplicativo,100.61,10,38.14,327,16,17,0,241.22,4.3,3.89,31
2025-06-30,SKU030,Sérum Vita,Beleza,Marketplace,99.94,10,39.3,493,15,17,1,353.97,4.14,4.48,31
2025-06-30,SKU031,Teclado Type,Informática,Site,601.84,10,401.68,249,8,6,0,323.8,4.2,3.28,6
2025-06-30,SKU031,Teclado Type,Informática,Aplicativo,610.07,0,395.25,223,3,3,0,206.07,4.11,2.9,9
2025-06-30,SKU031,Teclado Type,Informática,Marketplace,600.39,10,388.33,284,9,11,1,407.65,4.09,4.39,13
2025-06-30,SKU032,Mouse Click,Informática,Site,476.53,0,319.11,208,8,7,0,334.11,4.37,3.94,7
2025-06-30,SKU032,Mouse Click,Informática,Aplicativo,469.34,5,311.64,147,6,6,0,228.73,4.22,2.84,8
2025-06-30,SKU032,Mouse Click,Informática,Marketplace,460.67,5,318.89,254,3,4,0,726.89,4.32,4.59,10
2025-06-30,SKU033,Monitor View,Informática,Site,415.14,10,278.09,97,0,0,0,494.2,3.77,2.37,4
2025-06-30,SKU033,Monitor View,Informática,Aplicativo,401.66,5,282.5,73,3,4,0,373.06,3.61,2.54,4
2025-06-30,SKU033,Monitor View,Informática,Marketplace,417.1,25,273.15,101,1,1,0,340.36,3.58,4.23,6
2025-06-30,SKU034,SSD Fast,Informática,Site,674.33,10,441.35,124,3,3,0,303.53,4.61,3.01,6
2025-06-30,SKU034,SSD Fast,Informática,Aplicativo,680.71,10,454.88,105,5,5,0,251.94,4.51,2.42,6
2025-06-30,SKU034,SSD Fast,Informática,Marketplace,641.44,25,451.22,146,5,6,0,339.45,4.57,3.95,10
2025-06-30,SKU035,Hub Connect,Informática,Site,696.74,30,455.38,199,10,10,1,359.95,4.55,3.76,18
2025-06-30,SKU035,Hub Connect,Informática,Aplicativo,697.89,0,454.92,144,4,5,1,259.13,4.44,2.87,8
2025-06-30,SKU035,Hub Connect,Informática,Marketplace,687.92,15,454.29,218,6,7,0,323.15,4.33,4.61,7
2025-06-30,SKU036,Notebook Go,Informática,Site,542.98,10,344.49,353,9,9,1,588.53,4.09,3.6,16
2025-06-30,SKU036,Notebook Go,Informática,Aplicativo,528.92,20,343.93,275,8,8,0,317.74,3.96,3.81,16
2025-06-30,SKU036,Notebook Go,Informática,Marketplace,527.17,0,366.51,341,7,8,0,290.64,3.87,4.28,11
2025-06-30,SKU037,Bloco Criar,Infantil,Site,167.44,15,74.74,144,10,9,0,307.95,4.18,3.49,9
2025-06-30,SKU037,Bloco Criar,Infantil,Aplicativo,155.38,25,76.33,121,7,6,1,358.86,4.08,3.26,6
2025-06-30,SKU037,Bloco Criar,Infantil,Marketplace,165.43,25,77.31,184,3,3,0,419.74,4.1,3.82,16
2025-06-30,SKU038,Livro Descobrir,Infantil,Site,120.68,5,56.04,116,5,5,1,733.86,4.34,3.05,7
2025-06-30,SKU038,Livro Descobrir,Infantil,Aplicativo,122.39,10,54.69,67,5,5,0,232.45,4.22,2.98,5
2025-06-30,SKU038,Livro Descobrir,Infantil,Marketplace,121.28,15,55.13,105,2,2,0,381.1,4.22,5.26,5
2025-06-30,SKU039,Jogo Família,Infantil,Site,160.8,15,73.04,169,9,10,1,191.07,4.65,3.23,16
2025-06-30,SKU039,Jogo Família,Infantil,Aplicativo,158.81,20,73.52,148,15,12,0,335.3,4.37,3.06,12
2025-06-30,SKU039,Jogo Família,Infantil,Marketplace,156.08,5,71.96,183,10,11,2,401.96,4.54,4.12,12
2025-06-30,SKU040,Mochila Kids,Infantil,Site,129.6,10,59.33,169,10,11,0,322.99,4.55,3.44,11
2025-06-30,SKU040,Mochila Kids,Infantil,Aplicativo,122.66,0,58.72,158,6,7,0,321.14,4.12,3.27,10
2025-06-30,SKU040,Mochila Kids,Infantil,Marketplace,127.45,0,59.54,216,12,11,0,740.96,4.43,4.09,11
2025-06-30,SKU041,Pelúcia Nuvem,Infantil,Site,148.46,0,66.52,495,15,16,0,232.53,3.49,3.38,20
2025-06-30,SKU041,Pelúcia Nuvem,Infantil,Aplicativo,142.6,25,67.45,435,23,29,0,343.32,3.76,2.71,46
2025-06-30,SKU041,Pelúcia Nuvem,Infantil,Marketplace,142.03,20,66.71,547,20,21,0,291.54,3.68,3.63,37
2025-06-30,SKU042,Patinete Joy,Infantil,Site,95.98,0,45.94,209,11,11,0,187.6,4.36,2.73,13
2025-06-30,SKU042,Patinete Joy,Infantil,Aplicativo,100.02,0,45.7,225,12,16,3,200.56,4.19,2.77,17
2025-06-30,SKU042,Patinete Joy,Infantil,Marketplace,98.74,15,47.29,331,18,18,2,503.77,4.4,4.51,18
2025-06-30,SKU043,Cama Cozy,Pet,Site,87.82,10,37.71,397,12,13,0,279.41,3.46,3.14,21
2025-06-30,SKU043,Cama Cozy,Pet,Aplicativo,91.59,5,39.86,395,17,19,0,273.37,3.75,2.7,23
2025-06-30,SKU043,Cama Cozy,Pet,Marketplace,88.57,10,39.26,522,13,15,0,480.73,3.63,4.65,28
2025-06-30,SKU044,Fonte Fresh,Pet,Site,89.89,5,38.76,133,12,10,0,353.13,4.61,2.02,10
2025-06-30,SKU044,Fonte Fresh,Pet,Aplicativo,88.71,10,40.36,102,11,10,0,232.65,4.71,2.01,10
2025-06-30,SKU044,Fonte Fresh,Pet,Marketplace,89.9,15,39.7,175,8,9,0,381.09,4.79,4.79,12
2025-06-30,SKU045,Brinquedo Fun,Pet,Site,102.44,5,43.92,209,5,6,0,219.03,4.51,3.53,17
2025-06-30,SKU045,Brinquedo Fun,Pet,Aplicativo,101.8,25,45.18,184,12,12,0,328.19,4.37,3.06,19
2025-06-30,SKU045,Brinquedo Fun,Pet,Marketplace,102.57,10,43.79,252,8,11,0,400.69,4.38,4.99,14
2025-06-30,SKU046,Coleira Safe,Pet,Site,139.74,10,59.62,232,14,17,0,360.91,4.09,3.37,17
2025-06-30,SKU046,Coleira Safe,Pet,Aplicativo,136.05,10,60.19,171,9,11,0,180.12,4.19,2.15,15
2025-06-30,SKU046,Coleira Safe,Pet,Marketplace,137.08,0,58.56,245,5,6,0,238.82,4.33,5.51,10
2025-06-30,SKU047,Comedouro Smart,Pet,Site,86.46,15,37.98,301,18,19,1,234.01,4.41,3.29,19
2025-06-30,SKU047,Comedouro Smart,Pet,Aplicativo,84.77,0,37.04,231,9,12,0,175.08,4.12,2.54,17
2025-06-30,SKU047,Comedouro Smart,Pet,Marketplace,83.3,0,37.46,361,11,9,0,300.59,4.16,4.08,9
2025-06-30,SKU048,Kit Higiene,Pet,Site,138.37,5,59.28,573,16,19,0,278.45,4.5,2.97,35
2025-06-30,SKU048,Kit Higiene,Pet,Aplicativo,137.68,0,61.03,452,16,20,1,231.75,4.32,4.09,31
2025-06-30,SKU048,Kit Higiene,Pet,Marketplace,135.89,0,58.19,682,26,30,0,401.49,4.23,4.86,30
2025-07-07,SKU001,Fone Pulse,Áudio e vídeo,Site,359.11,15,198.95,232,16,12,0,173.04,4.47,3.18,12
2025-07-07,SKU001,Fone Pulse,Áudio e vídeo,Aplicativo,334.99,0,195.52,203,5,5,0,225.56,4.52,2.75,12
2025-07-07,SKU001,Fone Pulse,Áudio e vídeo,Marketplace,344.16,5,194.82,361,12,14,0,537.05,4.61,3.7,19
2025-07-07,SKU002,Caixa Wave,Áudio e vídeo,Site,271.19,10,153.03,377,13,14,1,331.27,4.73,3.43,21
2025-07-07,SKU002,Caixa Wave,Áudio e vídeo,Aplicativo,271.55,15,158.17,299,16,18,2,324.7,4.88,2.9,21
2025-07-07,SKU002,Caixa Wave,Áudio e vídeo,Marketplace,283.72,0,160.87,405,13,13,1,375.7,4.91,4.25,19
2025-07-07,SKU003,Webcam Focus,Áudio e vídeo,Site,409.84,15,235.35,229,5,6,0,272.8,3.92,3.35,13
2025-07-07,SKU003,Webcam Focus,Áudio e vídeo,Aplicativo,415.5,10,235.5,209,5,5,0,210.5,3.62,3.37,10
2025-07-07,SKU003,Webcam Focus,Áudio e vídeo,Marketplace,413.95,10,238.9,244,6,7,0,266.29,3.7,2.99,11
2025-07-07,SKU004,Microfone Voice,Áudio e vídeo,Site,329.14,15,193.39,139,5,7,0,189.26,4.74,3.96,10
2025-07-07,SKU004,Microfone Voice,Áudio e vídeo,Aplicativo,331.38,0,191.19,115,9,9,2,285.07,4.78,1.94,9
2025-07-07,SKU004,Microfone Voice,Áudio e vídeo,Marketplace,335.41,15,190.98,161,4,4,1,320.15,4.71,4.97,10
2025-07-07,SKU005,Soundbar One,Áudio e vídeo,Site,405.01,5,240.58,224,5,7,0,230.45,4.01,2.47,14
2025-07-07,SKU005,Soundbar One,Áudio e vídeo,Aplicativo,400.41,0,247.5,185,9,10,1,231.92,3.99,2.48,11
2025-07-07,SKU005,Soundbar One,Áudio e vídeo,Marketplace,414.98,10,249.56,274,6,7,0,278.08,4.0,4.66,11
2025-07-07,SKU006,Headset Play,Áudio e vídeo,Site,353.84,0,208.31,149,1,1,1,281.1,3.56,3.79,6
2025-07-07,SKU006,Headset Play,Áudio e vídeo,Aplicativo,368.6,20,212.97,116,8,8,0,187.59,3.75,3.28,8
2025-07-07,SKU006,Headset Play,Áudio e vídeo,Marketplace,356.28,5,211.54,150,7,6,0,328.9,3.86,5.77,6
2025-07-07,SKU007,Panela Chef,Casa e cozinha,Site,260.29,15,132.47,444,18,19,0,267.71,4.59,3.26,30
2025-07-07,SKU007,Panela Chef,Casa e cozinha,Aplicativo,260.17,25,134.6,366,33,36,2,294.09,4.57,3.32,47
2025-07-07,SKU007,Panela Chef,Casa e cozinha,Marketplace,268.97,0,132.89,484,17,12,0,339.59,4.42,4.38,12
2025-07-07,SKU008,Air Fryer Easy,Casa e cozinha,Site,302.7,0,158.49,180,11,7,0,223.5,4.84,2.71,7
2025-07-07,SKU008,Air Fryer Easy,Casa e cozinha,Aplicativo,299.15,20,159.18,159,8,10,2,397.1,4.86,2.75,19
2025-07-07,SKU008,Air Fryer Easy,Casa e cozinha,Marketplace,301.33,10,155.25,237,12,14,0,290.59,4.44,4.38,15
2025-07-07,SKU009,Jogo Mesa,Casa e cozinha,Site,202.97,0,103.1,254,8,8,1,450.87,4.14,3.4,14
2025-07-07,SKU009,Jogo Mesa,Casa e cozinha,Aplicativo,205.56,10,105.08,149,7,8,1,206.86,4.13,2.0,11
2025-07-07,SKU009,Jogo Mesa,Casa e cozinha,Marketplace,199.47,20,101.75,251,9,11,0,307.62,4.36,4.41,16
2025-07-07,SKU010,Luminária Aura,Casa e cozinha,Site,194.62,15,100.12,312,11,12,0,385.14,4.31,2.9,25
2025-07-07,SKU010,Luminária Aura,Casa e cozinha,Aplicativo,198.43,15,100.18,253,15,16,0,206.01,4.36,3.16,20
2025-07-07,SKU010,Luminária Aura,Casa e cozinha,Marketplace,199.51,15,102.53,383,13,17,0,310.5,4.74,2.84,31
2025-07-07,SKU011,Organizador Box,Casa e cozinha,Site,307.96,5,155.22,571,21,22,0,282.09,3.91,3.91,34
2025-07-07,SKU011,Organizador Box,Casa e cozinha,Aplicativo,288.79,5,155.64,503,29,33,1,347.3,3.97,2.54,35
2025-07-07,SKU011,Organizador Box,Casa e cozinha,Marketplace,303.55,15,158.92,639,18,19,0,217.25,3.95,4.57,21
2025-07-07,SKU012,Mixer Prático,Casa e cozinha,Site,240.85,10,122.56,164,7,8,0,400.74,3.71,3.85,8
2025-07-07,SKU012,Mixer Prático,Casa e cozinha,Aplicativo,230.31,10,122.2,163,4,5,0,334.66,3.68,3.52,10
2025-07-07,SKU012,Mixer Prático,Casa e cozinha,Marketplace,238.47,15,121.16,189,2,2,0,361.31,3.83,4.26,10
2025-07-07,SKU013,Tênis Run,Esporte,Site,199.12,5,96.26,200,10,8,0,254.0,3.74,3.91,8
2025-07-07,SKU013,Tênis Run,Esporte,Aplicativo,193.12,5,92.61,172,5,5,1,239.97,3.82,2.65,10
2025-07-07,SKU013,Tênis Run,Esporte,Marketplace,196.63,25,96.31,236,9,12,2,274.43,3.92,4.47,13
2025-07-07,SKU014,Mochila Trail,Esporte,Site,192.54,20,96.34,316,13,15,0,393.94,4.76,2.43,35
2025-07-07,SKU014,Mochila Trail,Esporte,Aplicativo,188.01,0,92.21,267,3,3,0,231.28,4.85,2.83,16
2025-07-07,SKU014,Mochila Trail,Esporte,Marketplace,188.95,10,94.83,341,7,9,2,341.47,4.34,3.59,18
2025-07-07,SKU015,Garrafa Move,Esporte,Site,174.55,15,87.2,112,4,4,0,197.21,4.93,4.03,10
2025-07-07,SKU015,Garrafa Move,Esporte,Aplicativo,183.97,0,87.61,91,3,3,1,277.75,4.5,3.24,5
2025-07-07,SKU015,Garrafa Move,Esporte,Marketplace,185.49,25,87.17,174,7,7,0,449.46,4.55,3.62,12
2025-07-07,SKU016,Tapete Zen,Esporte,Site,190.17,5,94.13,259,9,10,1,418.95,3.92,3.42,14
2025-07-07,SKU016,Tapete Zen,Esporte,Aplicativo,188.08,10,89.33,227,9,10,1,309.82,3.91,3.47,15
2025-07-07,SKU016,Tapete Zen,Esporte,Marketplace,190.59,0,90.35,284,7,8,0,278.52,4.04,4.17,12
2025-07-07,SKU017,Kit Funcional,Esporte,Site,159.97,15,78.74,432,14,18,1,429.62,3.78,2.16,38
2025-07-07,SKU017,Kit Funcional,Esporte,Aplicativo,161.17,10,77.59,267,11,15,2,183.41,3.92,2.3,15
2025-07-07,SKU017,Kit Funcional,Esporte,Marketplace,161.94,0,79.68,440,5,6,0,376.33,3.67,4.71,16
2025-07-07,SKU018,Relógio Fit,Esporte,Site,223.04,10,112.66,207,8,8,1,188.47,4.36,3.02,17
2025-07-07,SKU018,Relógio Fit,Esporte,Aplicativo,231.62,10,113.07,202,6,7,0,207.17,4.35,3.35,15
2025-07-07,SKU018,Relógio Fit,Esporte,Marketplace,238.72,0,116.29,294,6,7,0,518.14,4.29,3.92,10
2025-07-07,SKU019,Camiseta Urban,Moda,Site,183.05,5,77.99,146,7,8,1,287.01,4.13,3.86,9
2025-07-07,SKU019,Camiseta Urban,Moda,Aplicativo,179.62,15,79.55,123,10,11,2,290.42,4.04,2.1,12
2025-07-07,SKU019,Camiseta Urban,Moda,Marketplace,174.44,0,79.46,166,8,8,0,440.45,4.27,4.16,10
2025-07-07,SKU020,Calça Flex,Moda,Site,129.25,10,54.46,261,13,16,5,401.39,3.79,3.28,18
2025-07-07,SKU020,Calça Flex,Moda,Aplicativo,121.86,5,54.35,193,6,6,1,226.01,3.76,2.81,9
2025-07-07,SKU020,Calça Flex,Moda,Marketplace,125.82,15,52.61,319,12,14,2,734.13,3.82,4.38,17
2025-07-07,SKU021,Tênis Street,Moda,Site,151.33,10,67.05,196,15,18,3,188.25,4.22,3.33,18
2025-07-07,SKU021,Tênis Street,Moda,Aplicativo,151.47,0,65.97,142,3,3,0,121.42,4.36,2.67,13
2025-07-07,SKU021,Tênis Street,Moda,Marketplace,161.8,10,65.62,231,8,8,1,324.99,4.19,4.49,10
2025-07-07,SKU022,Jaqueta City,Moda,Site,162.91,0,71.74,271,8,9,2,362.65,4.36,3.39,18
2025-07-07,SKU022,Jaqueta City,Moda,Aplicativo,176.89,0,75.5,222,5,7,0,226.43,4.31,3.67,12
2025-07-07,SKU022,Jaqueta City,Moda,Marketplace,170.76,10,71.89,300,12,15,4,293.76,4.22,3.55,24
2025-07-07,SKU023,Bolsa Mini,Moda,Site,140.73,5,59.31,468,17,18,0,291.05,3.41,2.9,29
2025-07-07,SKU023,Bolsa Mini,Moda,Aplicativo,138.92,20,59.99,375,21,27,1,219.42,3.68,3.77,30
2025-07-07,SKU023,Bolsa Mini,Moda,Marketplace,137.88,25,58.87,570,27,31,2,444.33,3.63,4.27,32
2025-07-07,SKU024,Moletom Soft,Moda,Site,136.8,15,57.23,235,14,15,4,230.47,4.1,3.87,15
2025-07-07,SKU024,Moletom Soft,Moda,Aplicativo,130.35,5,55.02,204,10,12,2,167.33,4.15,2.27,20
2025-07-07,SKU024,Moletom Soft,Moda,Marketplace,138.31,5,57.71,281,19,9,0,347.36,4.31,3.66,9
2025-07-07,SKU025,Kit Skin,Beleza,Site,102.38,15,39.43,135,12,11,0,221.28,3.73,2.54,11
2025-07-07,SKU025,Kit Skin,Beleza,Aplicativo,101.49,0,39.25,99,5,6,0,201.74,3.64,3.52,6
2025-07-07,SKU025,Kit Skin,Beleza,Marketplace,102.74,5,41.26,188,9,10,0,451.84,3.76,4.29,12
2025-07-07,SKU026,Perfume Bloom,Beleza,Site,108.28,25,42.59,366,29,33,1,319.11,4.4,2.17,39
2025-07-07,SKU026,Perfume Bloom,Beleza,Aplicativo,109.06,5,42.95,277,22,25,0,232.88,4.57,2.61,28
2025-07-07,SKU026,Perfume Bloom,Beleza,Marketplace,103.19,25,42.13,395,24,30,0,233.79,4.41,4.06,33
2025-07-07,SKU027,Secador Air,Beleza,Site,143.09,10,53.26,280,11,12,1,548.82,4.47,3.5,17
2025-07-07,SKU027,Secador Air,Beleza,Aplicativo,140.36,20,53.23,189,13,14,1,167.18,4.44,3.12,28
2025-07-07,SKU027,Secador Air,Beleza,Marketplace,142.39,5,54.78,278,10,12,0,316.96,4.4,4.76,19
2025-07-07,SKU028,Protetor Daily,Beleza,Site,146.61,15,56.23,263,15,13,0,245.83,3.62,3.32,13
2025-07-07,SKU028,Protetor Daily,Beleza,Aplicativo,138.56,5,55.96,213,7,8,1,342.1,3.72,3.15,14
2025-07-07,SKU028,Protetor Daily,Beleza,Marketplace,141.29,25,54.67,287,12,12,0,344.47,3.82,5.62,20
2025-07-07,SKU029,Escova Glow,Beleza,Site,93.86,10,36.86,260,13,15,0,359.02,4.64,2.65,27
2025-07-07,SKU029,Escova Glow,Beleza,Aplicativo,89.78,0,36.16,202,13,15,0,223.76,4.57,3.13,23
2025-07-07,SKU029,Escova Glow,Beleza,Marketplace,90.89,20,35.63,290,18,19,0,402.67,4.41,4.94,26
2025-07-07,SKU030,Sérum Vita,Beleza,Site,94.59,15,38.67,375,21,23,0,264.45,4.29,2.73,31
2025-07-07,SKU030,Sérum Vita,Beleza,Aplicativo,99.35,20,38.4,289,24,28,1,322.12,4.32,2.95,37
2025-07-07,SKU030,Sérum Vita,Beleza,Marketplace,99.56,10,39.27,475,16,16,1,378.58,4.23,4.1,39
2025-07-07,SKU031,Teclado Type,Informática,Site,613.5,10,391.55,269,6,8,0,442.23,4.14,3.36,13
2025-07-07,SKU031,Teclado Type,Informática,Aplicativo,608.54,10,388.7,206,8,8,2,209.46,4.05,2.71,9
2025-07-07,SKU031,Teclado Type,Informática,Marketplace,604.45,0,380.88,339,6,7,0,687.48,4.09,4.15,8
2025-07-07,SKU032,Mouse Click,Informática,Site,490.19,0,308.94,156,8,6,0,292.02,4.16,3.22,6
2025-07-07,SKU032,Mouse Click,Informática,Aplicativo,484.02,5,320.88,121,4,5,0,264.6,4.22,2.54,6
2025-07-07,SKU032,Mouse Click,Informática,Marketplace,485.11,20,319.33,205,6,7,1,345.89,4.2,3.7,10
2025-07-07,SKU033,Monitor View,Informática,Site,429.67,10,280.09,92,3,3,1,295.62,3.63,2.84,5
2025-07-07,SKU033,Monitor View,Informática,Aplicativo,399.56,15,265.95,61,6,4,0,275.41,3.58,3.19,4
2025-07-07,SKU033,Monitor View,Informática,Marketplace,437.1,15,273.59,79,2,2,0,339.88,3.64,3.99,3
2025-07-07,SKU034,SSD Fast,Informática,Site,691.04,5,437.46,118,4,5,1,523.84,4.46,3.57,6
2025-07-07,SKU034,SSD Fast,Informática,Aplicativo,685.49,15,439.68,98,3,3,0,213.17,4.56,2.92,7
2025-07-07,SKU034,SSD Fast,Informática,Marketplace,671.11,10,445.8,156,4,4,0,591.09,4.57,3.65,6
2025-07-07,SKU035,Hub Connect,Informática,Site,694.56,0,448.16,149,4,5,1,180.78,4.61,2.75,7
2025-07-07,SKU035,Hub Connect,Informática,Aplicativo,671.26,20,469.15,141,7,7,0,293.27,4.48,2.82,12
2025-07-07,SKU035,Hub Connect,Informática,Marketplace,689.67,15,441.52,149,3,3,0,362.95,4.53,4.37,8
2025-07-07,SKU036,Notebook Go,Informática,Site,532.54,10,347.99,249,11,11,1,217.01,3.95,2.4,11
2025-07-07,SKU036,Notebook Go,Informática,Aplicativo,525.77,0,353.57,228,7,7,0,239.25,3.77,3.14,8
2025-07-07,SKU036,Notebook Go,Informática,Marketplace,519.6,0,347.09,305,5,5,0,407.57,4.18,5.17,11
2025-07-07,SKU037,Bloco Criar,Infantil,Site,160.55,10,76.06,143,3,4,0,460.42,4.13,3.55,8
2025-07-07,SKU037,Bloco Criar,Infantil,Aplicativo,159.02,0,75.43,105,3,4,0,235.03,4.14,3.18,7
2025-07-07,SKU037,Bloco Criar,Infantil,Marketplace,163.37,0,73.48,162,7,7,0,239.81,4.08,3.83,8
2025-07-07,SKU038,Livro Descobrir,Infantil,Site,118.93,10,54.11,79,1,1,0,248.0,4.44,2.81,5
2025-07-07,SKU038,Livro Descobrir,Infantil,Aplicativo,119.93,15,56.98,77,8,5,0,220.82,4.24,2.99,5
2025-07-07,SKU038,Livro Descobrir,Infantil,Marketplace,124.35,10,55.29,77,1,2,0,492.44,4.35,3.96,3
2025-07-07,SKU039,Jogo Família,Infantil,Site,160.03,20,73.11,144,12,12,1,388.69,4.68,2.54,12
2025-07-07,SKU039,Jogo Família,Infantil,Aplicativo,156.24,10,69.61,128,4,4,0,277.04,4.4,2.71,12
2025-07-07,SKU039,Jogo Família,Infantil,Marketplace,161.41,15,72.62,207,13,14,2,316.86,4.61,4.31,14
2025-07-07,SKU040,Mochila Kids,Infantil,Site,124.34,0,58.61,153,5,7,0,208.66,4.44,3.6,10
2025-07-07,SKU040,Mochila Kids,Infantil,Aplicativo,122.59,15,59.63,140,2,4,0,176.14,4.29,3.77,14
2025-07-07,SKU040,Mochila Kids,Infantil,Marketplace,132.19,5,60.84,199,4,5,0,365.82,4.41,4.51,10
2025-07-07,SKU041,Pelúcia Nuvem,Infantil,Site,140.32,5,67.59,441,29,23,0,206.24,3.73,2.69,23
2025-07-07,SKU041,Pelúcia Nuvem,Infantil,Aplicativo,139.15,5,65.77,356,14,18,1,155.97,3.66,2.56,26
2025-07-07,SKU041,Pelúcia Nuvem,Infantil,Marketplace,136.38,5,66.31,495,16,17,0,267.1,3.6,4.38,19
2025-07-07,SKU042,Patinete Joy,Infantil,Site,98.54,20,45.62,259,12,14,0,390.56,4.2,3.57,20
2025-07-07,SKU042,Patinete Joy,Infantil,Aplicativo,94.58,0,45.22,173,6,7,0,181.97,4.1,3.52,10
2025-07-07,SKU042,Patinete Joy,Infantil,Marketplace,99.48,15,46.26,291,5,5,0,368.28,4.11,4.17,19
2025-07-07,SKU043,Cama Cozy,Pet,Site,92.08,25,39.11,335,11,13,0,274.42,3.55,2.66,30
2025-07-07,SKU043,Cama Cozy,Pet,Aplicativo,87.77,10,40.34,308,13,14,1,278.19,3.73,4.02,19
2025-07-07,SKU043,Cama Cozy,Pet,Marketplace,88.99,10,38.01,434,10,12,0,449.01,3.62,3.35,17
2025-07-07,SKU044,Fonte Fresh,Pet,Site,89.94,0,39.03,123,7,8,0,260.72,5.0,3.23,12
2025-07-07,SKU044,Fonte Fresh,Pet,Aplicativo,92.87,0,39.64,109,4,4,0,171.67,4.82,4.2,9
2025-07-07,SKU044,Fonte Fresh,Pet,Marketplace,92.06,15,39.77,174,6,9,0,581.91,4.82,3.51,11
2025-07-07,SKU045,Brinquedo Fun,Pet,Site,98.54,0,44.96,178,5,5,0,186.31,4.29,3.91,10
2025-07-07,SKU045,Brinquedo Fun,Pet,Aplicativo,104.43,0,43.59,182,11,11,0,401.55,4.33,2.58,11
2025-07-07,SKU045,Brinquedo Fun,Pet,Marketplace,92.93,10,45.08,260,8,10,0,468.97,4.36,3.37,24
2025-07-07,SKU046,Coleira Safe,Pet,Site,138.24,0,61.22,238,9,10,1,443.72,4.21,2.72,21
2025-07-07,SKU046,Coleira Safe,Pet,Aplicativo,137.79,10,59.0,199,9,9,0,260.49,4.3,3.12,13
2025-07-07,SKU046,Coleira Safe,Pet,Marketplace,141.69,0,62.58,258,6,6,0,514.84,4.24,4.08,17
2025-07-07,SKU047,Comedouro Smart,Pet,Site,85.79,15,37.21,222,15,17,0,150.32,4.36,3.07,18
2025-07-07,SKU047,Comedouro Smart,Pet,Aplicativo,86.26,10,37.11,200,9,11,0,173.58,4.01,2.12,20
2025-07-07,SKU047,Comedouro Smart,Pet,Marketplace,84.34,10,37.55,334,7,10,0,392.28,4.28,4.22,16
2025-07-07,SKU048,Kit Higiene,Pet,Site,133.53,10,60.46,526,15,17,0,366.47,4.33,2.79,45
2025-07-07,SKU048,Kit Higiene,Pet,Aplicativo,136.36,10,61.23,435,14,15,0,218.3,4.21,3.49,34
2025-07-07,SKU048,Kit Higiene,Pet,Marketplace,136.3,20,60.74,637,23,28,0,454.36,4.32,3.66,43
2025-07-14,SKU001,Fone Pulse,Áudio e vídeo,Site,351.22,10,197.55,260,7,7,0,354.26,4.6,3.16,17
2025-07-14,SKU001,Fone Pulse,Áudio e vídeo,Aplicativo,343.87,0,194.39,181,10,9,0,174.86,4.89,3.71,9
2025-07-14,SKU001,Fone Pulse,Áudio e vídeo,Marketplace,341.1,5,200.21,296,9,10,0,328.73,4.79,2.82,15
2025-07-14,SKU002,Caixa Wave,Áudio e vídeo,Site,283.1,5,155.71,327,15,19,1,193.11,4.73,3.12,20
2025-07-14,SKU002,Caixa Wave,Áudio e vídeo,Aplicativo,292.57,15,160.13,259,21,14,1,226.58,4.83,2.63,14
2025-07-14,SKU002,Caixa Wave,Áudio e vídeo,Marketplace,286.82,5,158.0,406,7,7,0,230.72,4.89,3.92,21
2025-07-14,SKU003,Webcam Focus,Áudio e vídeo,Site,391.12,10,237.18,211,7,8,0,253.28,3.67,2.93,9
2025-07-14,SKU003,Webcam Focus,Áudio e vídeo,Aplicativo,424.24,5,238.1,205,6,7,1,370.15,3.46,3.23,8
2025-07-14,SKU003,Webcam Focus,Áudio e vídeo,Marketplace,426.5,0,241.17,277,5,5,0,386.9,3.82,3.38,8
2025-07-14,SKU004,Microfone Voice,Áudio e vídeo,Site,337.64,15,186.36,138,6,6,1,143.5,4.73,3.57,11
2025-07-14,SKU004,Microfone Voice,Áudio e vídeo,Aplicativo,338.41,15,191.06,120,7,9,1,229.95,4.7,3.2,9
2025-07-14,SKU004,Microfone Voice,Áudio e vídeo,Marketplace,318.69,10,192.12,167,3,3,0,194.96,4.81,3.88,10
2025-07-14,SKU005,Soundbar One,Áudio e vídeo,Site,441.42,10,239.54,225,9,9,0,366.77,4.03,3.23,13
2025-07-14,SKU005,Soundbar One,Áudio e vídeo,Aplicativo,419.21,20,238.27,178,6,6,1,314.94,4.15,2.77,13
2025-07-14,SKU005,Soundbar One,Áudio e vídeo,Marketplace,433.32,0,241.6,279,3,3,1,370.75,4.21,4.49,7
2025-07-14,SKU006,Headset Play,Áudio e vídeo,Site,353.32,15,207.2,142,1,2,0,212.77,3.57,3.25,9
2025-07-14,SKU006,Headset Play,Áudio e vídeo,Aplicativo,371.4,10,212.83,104,5,5,0,171.19,3.63,4.38,6
2025-07-14,SKU006,Headset Play,Áudio e vídeo,Marketplace,367.22,15,207.37,162,4,4,0,465.23,3.49,3.86,7
2025-07-14,SKU007,Panela Chef,Casa e cozinha,Site,253.91,0,132.55,411,14,17,1,289.71,4.37,2.68,29
2025-07-14,SKU007,Panela Chef,Casa e cozinha,Aplicativo,252.51,0,135.4,397,23,28,1,324.75,4.69,2.91,39
2025-07-14,SKU007,Panela Chef,Casa e cozinha,Marketplace,252.77,0,136.63,438,14,15,0,250.3,4.41,5.08,22
2025-07-14,SKU008,Air Fryer Easy,Casa e cozinha,Site,305.04,5,156.35,208,7,8,0,307.28,4.83,3.62,13
2025-07-14,SKU008,Air Fryer Easy,Casa e cozinha,Aplicativo,298.91,0,158.52,153,9,9,0,222.1,4.6,3.33,11
2025-07-14,SKU008,Air Fryer Easy,Casa e cozinha,Marketplace,306.24,5,158.81,199,6,7,0,230.99,4.54,3.85,11
2025-07-14,SKU009,Jogo Mesa,Casa e cozinha,Site,197.57,10,104.88,248,19,15,0,485.63,4.17,2.71,15
2025-07-14,SKU009,Jogo Mesa,Casa e cozinha,Aplicativo,205.92,15,101.75,165,10,11,1,169.54,4.19,3.51,11
2025-07-14,SKU009,Jogo Mesa,Casa e cozinha,Marketplace,198.61,5,105.53,242,10,10,0,258.59,4.19,2.99,13
2025-07-14,SKU010,Luminária Aura,Casa e cozinha,Site,196.75,5,101.48,355,15,19,1,359.03,4.53,2.9,25
2025-07-14,SKU010,Luminária Aura,Casa e cozinha,Aplicativo,205.03,5,101.43,266,8,9,0,323.93,4.51,2.53,16
2025-07-14,SKU010,Luminária Aura,Casa e cozinha,Marketplace,193.25,5,102.95,374,8,9,1,297.49,4.51,4.59,11
2025-07-14,SKU011,Organizador Box,Casa e cozinha,Site,301.86,5,158.35,627,25,26,3,321.66,4.01,2.64,41
2025-07-14,SKU011,Organizador Box,Casa e cozinha,Aplicativo,295.39,15,161.43,474,29,30,0,176.42,4.17,3.58,39
2025-07-14,SKU011,Organizador Box,Casa e cozinha,Marketplace,313.8,20,163.37,642,25,33,2,214.96,3.98,3.85,36
2025-07-14,SKU012,Mixer Prático,Casa e cozinha,Site,235.82,15,124.39,154,6,8,0,237.94,3.79,3.67,9
2025-07-14,SKU012,Mixer Prático,Casa e cozinha,Aplicativo,243.63,20,123.17,135,10,11,1,202.38,3.88,2.05,11
2025-07-14,SKU012,Mixer Prático,Casa e cozinha,Marketplace,231.02,0,124.25,168,3,4,0,235.22,3.86,4.13,8
2025-07-14,SKU013,Tênis Run,Esporte,Site,201.31,30,97.29,207,9,10,0,333.25,3.79,3.14,15
2025-07-14,SKU013,Tênis Run,Esporte,Aplicativo,194.61,10,98.81,229,10,12,0,362.74,3.9,2.99,21
2025-07-14,SKU013,Tênis Run,Esporte,Marketplace,202.14,0,97.64,221,7,8,0,310.65,4.02,4.96,8
2025-07-14,SKU014,Mochila Trail,Esporte,Site,196.01,15,95.63,347,14,15,2,464.25,4.57,2.81,25
2025-07-14,SKU014,Mochila Trail,Esporte,Aplicativo,189.61,0,91.9,237,8,9,0,196.8,4.82,2.91,18
2025-07-14,SKU014,Mochila Trail,Esporte,Marketplace,201.66,20,94.94,350,23,25,2,337.94,4.67,3.46,25
2025-07-14,SKU015,Garrafa Move,Esporte,Site,180.81,5,89.14,127,3,3,0,330.29,4.76,3.4,7
2025-07-14,SKU015,Garrafa Move,Esporte,Aplicativo,175.47,15,90.75,94,6,6,1,192.63,4.8,2.15,13
2025-07-14,SKU015,Garrafa Move,Esporte,Marketplace,179.1,0,87.04,143,0,0,0,207.27,4.74,4.24,7
2025-07-14,SKU016,Tapete Zen,Esporte,Site,186.33,30,93.06,257,17,19,1,370.78,3.98,3.38,20
2025-07-14,SKU016,Tapete Zen,Esporte,Aplicativo,178.51,25,92.09,251,15,17,0,344.67,3.91,2.88,18
2025-07-14,SKU016,Tapete Zen,Esporte,Marketplace,188.4,15,91.05,331,8,10,1,384.65,3.74,2.92,18
2025-07-14,SKU017,Kit Funcional,Esporte,Site,163.64,5,81.41,335,9,11,0,231.93,3.85,2.8,17
2025-07-14,SKU017,Kit Funcional,Esporte,Aplicativo,155.65,25,77.01,300,20,22,1,237.58,3.89,3.59,22
2025-07-14,SKU017,Kit Funcional,Esporte,Marketplace,163.6,15,77.84,451,19,19,0,408.64,3.95,4.95,19
2025-07-14,SKU018,Relógio Fit,Esporte,Site,228.51,5,110.86,244,10,10,1,437.87,4.47,3.01,15
2025-07-14,SKU018,Relógio Fit,Esporte,Aplicativo,227.42,15,113.21,185,10,10,0,185.97,4.49,2.86,16
2025-07-14,SKU018,Relógio Fit,Esporte,Marketplace,229.74,0,113.62,277,10,11,1,464.77,4.3,4.37,14
2025-07-14,SKU019,Camiseta Urban,Moda,Site,177.67,5,79.58,134,5,5,1,315.47,4.21,3.71,9
2025-07-14,SKU019,Camiseta Urban,Moda,Aplicativo,183.08,10,79.19,138,8,8,2,311.09,4.0,3.52,11
2025-07-14,SKU019,Camiseta Urban,Moda,Marketplace,181.86,15,77.74,160,7,7,1,224.28,4.08,4.51,7
2025-07-14,SKU020,Calça Flex,Moda,Site,130.91,10,53.63,213,7,7,0,209.2,3.82,2.7,16
2025-07-14,SKU020,Calça Flex,Moda,Aplicativo,126.21,15,54.19,177,12,14,1,236.63,3.51,2.21,18
2025-07-14,SKU020,Calça Flex,Moda,Marketplace,132.78,10,53.96,283,11,13,1,243.38,3.74,3.09,13
2025-07-14,SKU021,Tênis Street,Moda,Site,153.96,0,66.59,191,3,4,0,186.71,4.18,3.58,13
2025-07-14,SKU021,Tênis Street,Moda,Aplicativo,151.57,5,66.01,169,8,10,0,225.59,4.29,3.39,13
2025-07-14,SKU021,Tênis Street,Moda,Marketplace,153.81,10,67.57,283,10,13,3,467.01,4.37,4.16,22
2025-07-14,SKU022,Jaqueta City,Moda,Site,170.6,25,72.99,316,28,31,4,525.1,4.36,2.55,31
2025-07-14,SKU022,Jaqueta City,Moda,Aplicativo,165.23,10,73.3,213,13,17,1,333.02,4.22,2.94,22
2025-07-14,SKU022,Jaqueta City,Moda,Marketplace,170.23,15,73.76,298,18,20,2,290.97,4.15,2.74,27
2025-07-14,SKU023,Bolsa Mini,Moda,Site,139.25,10,61.2,449,19,22,6,268.29,3.48,3.41,27
2025-07-14,SKU023,Bolsa Mini,Moda,Aplicativo,144.34,10,59.06,355,16,17,2,168.21,3.53,3.05,22
2025-07-14,SKU023,Bolsa Mini,Moda,Marketplace,139.19,15,59.36,486,18,19,1,214.33,3.48,3.67,24
2025-07-14,SKU024,Moletom Soft,Moda,Site,132.38,5,56.87,234,17,15,2,335.55,3.92,2.74,15
2025-07-14,SKU024,Moletom Soft,Moda,Aplicativo,130.6,20,56.73,187,12,13,0,261.34,4.03,2.95,20
2025-07-14,SKU024,Moletom Soft,Moda,Marketplace,130.42,10,56.33,292,15,17,2,393.33,4.26,4.55,18
2025-07-14,SKU025,Kit Skin,Beleza,Site,97.67,20,40.39,142,7,8,0,303.42,3.68,4.02,12
2025-07-14,SKU025,Kit Skin,Beleza,Aplicativo,98.74,15,41.29,120,2,2,0,210.94,3.61,4.32,9
2025-07-14,SKU025,Kit Skin,Beleza,Marketplace,100.32,15,39.75,180,5,6,0,258.27,3.36,3.92,6
2025-07-14,SKU026,Perfume Bloom,Beleza,Site,108.96,10,42.23,397,20,23,1,369.62,4.36,3.76,32
2025-07-14,SKU026,Perfume Bloom,Beleza,Aplicativo,108.96,0,41.77,350,16,17,0,302.68,4.31,2.79,30
2025-07-14,SKU026,Perfume Bloom,Beleza,Marketplace,108.26,10,42.48,494,26,29,2,445.76,4.45,4.21,42
2025-07-14,SKU027,Secador Air,Beleza,Site,136.28,10,54.75,246,11,14,1,347.23,4.41,3.57,19
2025-07-14,SKU027,Secador Air,Beleza,Aplicativo,144.1,20,53.4,203,11,11,0,225.76,4.26,3.64,13
2025-07-14,SKU027,Secador Air,Beleza,Marketplace,137.95,0,53.89,302,13,15,0,444.06,4.41,3.95,20
2025-07-14,SKU028,Protetor Daily,Beleza,Site,138.4,0,55.23,255,9,9,1,277.88,3.8,4.25,11
2025-07-14,SKU028,Protetor Daily,Beleza,Aplicativo,139.9,0,54.81,229,16,16,0,258.09,3.66,2.46,16
2025-07-14,SKU028,Protetor Daily,Beleza,Marketplace,137.94,5,54.96,266,15,13,0,239.75,3.79,3.52,13
2025-07-14,SKU029,Escova Glow,Beleza,Site,90.4,15,36.23,218,15,18,0,253.2,4.54,3.25,18
2025-07-14,SKU029,Escova Glow,Beleza,Aplicativo,94.0,10,37.46,217,11,11,1,183.19,4.5,2.48,26
2025-07-14,SKU029,Escova Glow,Beleza,Marketplace,95.04,15,36.27,277,16,22,0,387.9,4.34,2.67,25
2025-07-14,SKU030,Sérum Vita,Beleza,Site,97.13,5,38.92,325,20,22,1,206.61,4.19,2.16,24
2025-07-14,SKU030,Sérum Vita,Beleza,Aplicativo,98.57,15,38.63,297,17,20,1,198.53,4.15,3.99,21
2025-07-14,SKU030,Sérum Vita,Beleza,Marketplace,95.84,5,39.41,431,15,16,0,242.46,4.26,3.74,34
2025-07-14,SKU031,Teclado Type,Informática,Site,592.64,10,399.74,218,3,3,0,215.3,4.09,3.08,10
2025-07-14,SKU031,Teclado Type,Informática,Aplicativo,608.31,10,399.05,174,9,9,0,160.52,4.27,2.85,9
2025-07-14,SKU031,Teclado Type,Informática,Marketplace,625.16,15,398.54,304,10,10,1,425.41,4.14,3.98,15
2025-07-14,SKU032,Mouse Click,Informática,Site,502.07,20,327.24,163,4,5,0,309.32,4.46,3.53,9
2025-07-14,SKU032,Mouse Click,Informática,Aplicativo,481.64,5,324.72,128,6,6,0,238.0,4.22,3.41,6
2025-07-14,SKU032,Mouse Click,Informática,Marketplace,470.26,20,316.48,214,15,8,0,499.9,4.27,3.79,8
2025-07-14,SKU033,Monitor View,Informática,Site,413.99,20,273.91,71,3,4,1,292.46,3.56,3.43,4
2025-07-14,SKU033,Monitor View,Informática,Aplicativo,438.75,0,277.87,55,1,1,0,220.3,3.73,3.5,2
2025-07-14,SKU033,Monitor View,Informática,Marketplace,427.95,15,280.41,91,2,2,0,297.41,3.62,3.32,4
2025-07-14,SKU034,SSD Fast,Informática,Site,669.66,20,441.08,120,5,6,1,273.95,4.55,3.42,8
2025-07-14,SKU034,SSD Fast,Informática,Aplicativo,668.14,5,452.05,86,4,4,0,271.62,4.44,2.46,5
2025-07-14,SKU034,SSD Fast,Informática,Marketplace,665.54,5,437.21,139,3,5,0,284.79,4.46,3.38,5
2025-07-14,SKU035,Hub Connect,Informática,Site,694.25,5,459.13,158,6,7,0,484.45,4.53,3.18,7
2025-07-14,SKU035,Hub Connect,Informática,Aplicativo,669.71,0,454.53,111,7,5,1,412.62,4.7,3.03,5
2025-07-14,SKU035,Hub Connect,Informática,Marketplace,660.97,10,453.25,186,4,4,1,444.97,4.63,3.24,10
2025-07-14,SKU036,Notebook Go,Informática,Site,527.4,20,348.03,276,11,12,0,355.97,3.88,3.11,17
2025-07-14,SKU036,Notebook Go,Informática,Aplicativo,555.32,10,346.86,246,8,8,0,353.68,3.82,2.96,11
2025-07-14,SKU036,Notebook Go,Informática,Marketplace,533.41,10,351.18,348,8,11,0,386.51,3.99,3.12,16
2025-07-14,SKU037,Bloco Criar,Infantil,Site,159.53,15,73.27,119,3,3,0,233.08,4.23,3.28,10
2025-07-14,SKU037,Bloco Criar,Infantil,Aplicativo,160.82,10,74.74,83,2,3,0,182.08,4.1,2.6,6
2025-07-14,SKU037,Bloco Criar,Infantil,Marketplace,158.33,0,75.86,113,5,6,1,333.59,4.22,4.41,6
2025-07-14,SKU038,Livro Descobrir,Infantil,Site,116.92,10,54.91,79,6,5,0,283.43,4.2,3.36,5
2025-07-14,SKU038,Livro Descobrir,Infantil,Aplicativo,117.3,20,55.62,59,3,3,1,200.69,4.63,4.22,5
2025-07-14,SKU038,Livro Descobrir,Infantil,Marketplace,115.39,10,54.89,86,8,6,0,283.93,4.4,4.77,6
2025-07-14,SKU039,Jogo Família,Infantil,Site,151.93,20,74.46,182,9,11,0,361.36,4.45,3.84,16
2025-07-14,SKU039,Jogo Família,Infantil,Aplicativo,166.23,10,75.28,126,8,8,0,215.43,4.51,2.3,8
2025-07-14,SKU039,Jogo Família,Infantil,Marketplace,160.45,5,72.48,208,5,5,0,346.47,4.68,4.44,14
2025-07-14,SKU040,Mochila Kids,Infantil,Site,127.2,15,59.57,170,9,11,0,385.8,4.58,2.55,17
2025-07-14,SKU040,Mochila Kids,Infantil,Aplicativo,123.24,15,57.42,130,8,10,0,229.71,4.21,2.79,10
2025-07-14,SKU040,Mochila Kids,Infantil,Marketplace,128.06,0,60.87,219,4,5,0,727.77,4.17,4.47,8
2025-07-14,SKU041,Pelúcia Nuvem,Infantil,Site,138.1,5,66.96,432,22,23,0,228.34,3.83,2.69,30
2025-07-14,SKU041,Pelúcia Nuvem,Infantil,Aplicativo,139.16,0,66.19,342,29,28,0,171.41,3.73,2.26,28
2025-07-14,SKU041,Pelúcia Nuvem,Infantil,Marketplace,139.85,5,68.38,493,13,15,0,407.52,3.7,4.09,28
2025-07-14,SKU042,Patinete Joy,Infantil,Site,97.47,0,47.33,205,10,10,0,321.1,4.13,3.44,12
2025-07-14,SKU042,Patinete Joy,Infantil,Aplicativo,96.14,10,46.93,174,10,11,1,237.45,4.28,2.48,19
2025-07-14,SKU042,Patinete Joy,Infantil,Marketplace,96.25,0,45.42,249,9,11,0,326.06,4.12,3.76,12
2025-07-14,SKU043,Cama Cozy,Pet,Site,86.08,15,39.92,355,13,14,0,238.47,3.62,3.63,30
2025-07-14,SKU043,Cama Cozy,Pet,Aplicativo,90.36,5,39.55,303,12,13,0,210.88,3.51,3.44,19
2025-07-14,SKU043,Cama Cozy,Pet,Marketplace,89.61,25,39.74,421,25,26,1,252.59,3.75,4.14,27
2025-07-14,SKU044,Fonte Fresh,Pet,Site,88.69,5,39.97,143,6,8,0,430.84,4.78,3.18,11
2025-07-14,SKU044,Fonte Fresh,Pet,Aplicativo,90.32,5,39.89,97,7,7,0,180.47,4.7,2.68,10
2025-07-14,SKU044,Fonte Fresh,Pet,Marketplace,89.3,10,39.3,173,12,14,0,679.83,4.94,3.96,15
2025-07-14,SKU045,Brinquedo Fun,Pet,Site,102.99,15,44.97,166,11,13,0,231.12,4.34,3.62,14
2025-07-14,SKU045,Brinquedo Fun,Pet,Aplicativo,100.81,15,43.1,145,14,12,0,208.13,4.32,2.7,12
2025-07-14,SKU045,Brinquedo Fun,Pet,Marketplace,97.19,5,42.6,201,8,10,0,228.24,4.32,3.36,14
2025-07-14,SKU046,Coleira Safe,Pet,Site,130.18,10,59.81,221,9,11,1,347.91,4.14,2.88,17
2025-07-14,SKU046,Coleira Safe,Pet,Aplicativo,138.47,10,59.98,169,11,12,0,243.21,4.29,3.96,14
2025-07-14,SKU046,Coleira Safe,Pet,Marketplace,137.64,10,61.25,223,11,12,0,302.22,4.33,2.91,19
2025-07-14,SKU047,Comedouro Smart,Pet,Site,86.08,0,37.76,306,13,15,0,431.59,4.38,2.85,17
2025-07-14,SKU047,Comedouro Smart,Pet,Aplicativo,83.79,5,38.39,241,9,13,1,252.56,4.09,2.79,22
2025-07-14,SKU047,Comedouro Smart,Pet,Marketplace,81.18,20,37.18,295,17,13,1,237.38,4.14,4.08,13
2025-07-14,SKU048,Kit Higiene,Pet,Site,131.37,15,61.94,522,34,43,2,292.09,4.46,3.22,56
2025-07-14,SKU048,Kit Higiene,Pet,Aplicativo,136.5,0,58.84,410,21,23,0,267.08,4.28,3.52,26
2025-07-14,SKU048,Kit Higiene,Pet,Marketplace,135.69,15,60.29,621,32,37,1,383.97,4.41,3.73,55
2025-07-21,SKU001,Fone Pulse,Áudio e vídeo,Site,363.61,5,195.38,242,8,10,2,227.71,4.8,3.25,13
2025-07-21,SKU001,Fone Pulse,Áudio e vídeo,Aplicativo,355.84,15,196.52,195,9,9,0,232.26,4.73,3.12,18
2025-07-21,SKU001,Fone Pulse,Áudio e vídeo,Marketplace,334.37,0,194.9,300,12,12,1,423.42,4.58,4.64,12
2025-07-21,SKU002,Caixa Wave,Áudio e vídeo,Site,285.9,5,160.38,331,23,24,1,263.45,4.8,2.46,24
2025-07-21,SKU002,Caixa Wave,Áudio e vídeo,Aplicativo,273.9,0,161.73,270,14,15,0,205.38,4.72,2.28,19
2025-07-21,SKU002,Caixa Wave,Áudio e vídeo,Marketplace,274.12,15,158.86,429,12,14,1,407.15,4.86,3.91,28
2025-07-21,SKU003,Webcam Focus,Áudio e vídeo,Site,405.9,5,238.32,198,1,1,0,252.83,3.76,3.58,8
2025-07-21,SKU003,Webcam Focus,Áudio e vídeo,Aplicativo,437.06,20,242.92,197,7,7,0,248.52,3.72,3.46,14
2025-07-21,SKU003,Webcam Focus,Áudio e vídeo,Marketplace,421.99,10,229.46,270,8,8,0,352.32,3.7,4.76,11
2025-07-21,SKU004,Microfone Voice,Áudio e vídeo,Site,329.93,5,199.33,137,9,8,0,259.24,4.77,2.69,8
2025-07-21,SKU004,Microfone Voice,Áudio e vídeo,Aplicativo,323.46,15,190.97,98,7,7,0,226.8,4.72,3.18,7
2025-07-21,SKU004,Microfone Voice,Áudio e vídeo,Marketplace,338.28,10,184.9,170,5,8,1,341.66,4.85,4.55,10
2025-07-21,SKU005,Soundbar One,Áudio e vídeo,Site,417.14,15,247.26,199,6,6,0,300.25,4.18,3.99,14
2025-07-21,SKU005,Soundbar One,Áudio e vídeo,Aplicativo,415.88,0,237.43,140,6,6,1,124.62,4.05,3.6,6
2025-07-21,SKU005,Soundbar One,Áudio e vídeo,Marketplace,411.95,20,234.46,265,10,12,0,527.05,3.95,4.0,17
2025-07-21,SKU006,Headset Play,Áudio e vídeo,Site,383.0,10,208.01,133,3,4,1,232.59,3.6,3.35,7
2025-07-21,SKU006,Headset Play,Áudio e vídeo,Aplicativo,363.3,0,205.87,108,2,2,0,206.43,3.56,2.61,6
2025-07-21,SKU006,Headset Play,Áudio e vídeo,Marketplace,379.15,20,202.97,161,4,4,0,284.33,3.56,3.35,9
2025-07-21,SKU007,Panela Chef,Casa e cozinha,Site,250.41,20,136.82,408,17,20,0,300.49,4.47,3.57,35
2025-07-21,SKU007,Panela Chef,Casa e cozinha,Aplicativo,252.27,0,137.65,363,21,26,1,187.11,4.55,2.74,30
2025-07-21,SKU007,Panela Chef,Casa e cozinha,Marketplace,259.03,0,139.0,474,12,12,0,291.47,4.52,4.31,25
2025-07-21,SKU008,Air Fryer Easy,Casa e cozinha,Site,300.58,15,155.36,236,19,17,1,386.35,4.65,3.44,17
2025-07-21,SKU008,Air Fryer Easy,Casa e cozinha,Aplicativo,312.87,5,159.28,158,6,8,0,195.69,4.83,3.51,15
2025-07-21,SKU008,Air Fryer Easy,Casa e cozinha,Marketplace,304.69,15,156.42,241,17,17,1,291.77,4.68,3.1,18
2025-07-21,SKU009,Jogo Mesa,Casa e cozinha,Site,197.26,0,106.84,180,6,6,0,228.76,4.16,3.27,11
2025-07-21,SKU009,Jogo Mesa,Casa e cozinha,Aplicativo,205.82,15,102.9,167,10,13,0,242.57,4.09,3.2,13
2025-07-21,SKU009,Jogo Mesa,Casa e cozinha,Marketplace,204.05,20,104.05,267,13,14,0,420.95,4.27,4.0,16
2025-07-21,SKU010,Luminária Aura,Casa e cozinha,Site,199.78,15,101.92,311,10,11,2,490.62,4.36,3.57,18
2025-07-21,SKU010,Luminária Aura,Casa e cozinha,Aplicativo,194.97,0,99.83,260,11,13,1,151.49,4.35,3.17,15
2025-07-21,SKU010,Luminária Aura,Casa e cozinha,Marketplace,190.93,10,101.39,442,14,15,0,592.53,4.73,4.54,26
2025-07-21,SKU011,Organizador Box,Casa e cozinha,Site,294.0,10,156.04,568,24,27,1,201.67,4.0,4.05,27
2025-07-21,SKU011,Organizador Box,Casa e cozinha,Aplicativo,300.76,5,159.96,514,21,23,1,340.86,3.91,2.23,34
2025-07-21,SKU011,Organizador Box,Casa e cozinha,Marketplace,292.24,15,155.14,788,23,25,0,568.78,4.03,4.51,49
2025-07-21,SKU012,Mixer Prático,Casa e cozinha,Site,235.34,5,119.58,152,4,4,0,260.79,3.62,3.77,6
2025-07-21,SKU012,Mixer Prático,Casa e cozinha,Aplicativo,235.46,20,126.35,141,8,9,0,195.62,3.78,2.53,14
2025-07-21,SKU012,Mixer Prático,Casa e cozinha,Marketplace,236.91,10,124.89,219,12,9,0,524.02,3.84,3.39,9
2025-07-21,SKU013,Tênis Run,Esporte,Site,199.31,0,96.07,199,6,7,0,403.73,3.66,3.71,7
2025-07-21,SKU013,Tênis Run,Esporte,Aplicativo,197.37,15,97.26,178,6,6,1,213.67,3.81,3.94,11
2025-07-21,SKU013,Tênis Run,Esporte,Marketplace,198.01,5,95.86,244,7,8,1,367.58,3.92,3.17,14
2025-07-21,SKU014,Mochila Trail,Esporte,Site,194.54,10,94.35,304,13,9,0,207.32,4.67,4.25,9
2025-07-21,SKU014,Mochila Trail,Esporte,Aplicativo,191.75,5,97.74,236,13,13,0,231.15,4.86,2.55,21
2025-07-21,SKU014,Mochila Trail,Esporte,Marketplace,195.34,0,93.22,325,3,3,0,264.24,4.57,4.35,11
2025-07-21,SKU015,Garrafa Move,Esporte,Site,180.46,20,90.17,136,9,11,0,449.97,4.57,3.55,11
2025-07-21,SKU015,Garrafa Move,Esporte,Aplicativo,179.72,15,87.2,102,5,8,1,338.57,4.51,2.73,11
2025-07-21,SKU015,Garrafa Move,Esporte,Marketplace,174.72,15,87.02,153,7,8,0,450.21,4.58,3.85,8
2025-07-21,SKU016,Tapete Zen,Esporte,Site,193.88,20,91.89,276,6,7,0,331.83,3.92,3.66,17
2025-07-21,SKU016,Tapete Zen,Esporte,Aplicativo,180.98,0,91.6,208,11,12,1,296.27,4.0,3.14,13
2025-07-21,SKU016,Tapete Zen,Esporte,Marketplace,193.78,10,92.1,258,8,8,0,362.87,3.79,4.1,13
2025-07-21,SKU017,Kit Funcional,Esporte,Site,168.72,10,78.12,351,15,20,3,310.65,3.91,2.46,21
2025-07-21,SKU017,Kit Funcional,Esporte,Aplicativo,164.81,20,77.2,292,18,13,2,199.32,3.96,3.17,13
2025-07-21,SKU017,Kit Funcional,Esporte,Marketplace,163.08,25,77.86,399,18,21,1,304.19,3.86,3.81,29
2025-07-21,SKU018,Relógio Fit,Esporte,Site,229.94,15,113.18,236,10,10,1,232.84,4.42,3.3,19
2025-07-21,SKU018,Relógio Fit,Esporte,Aplicativo,226.63,20,116.91,170,10,11,1,136.01,4.28,3.25,12
2025-07-21,SKU018,Relógio Fit,Esporte,Marketplace,228.33,10,113.84,288,10,11,1,427.84,4.39,4.4,15
2025-07-21,SKU019,Camiseta Urban,Moda,Site,188.07,25,77.45,155,13,14,2,263.1,4.23,3.58,14
2025-07-21,SKU019,Camiseta Urban,Moda,Aplicativo,184.81,15,80.66,122,7,9,2,194.98,4.2,4.47,9
2025-07-21,SKU019,Camiseta Urban,Moda,Marketplace,185.4,5,74.36,163,5,5,2,260.09,4.16,3.63,8
2025-07-21,SKU020,Calça Flex,Moda,Site,131.55,20,54.3,217,15,17,2,220.22,3.6,1.97,20
2025-07-21,SKU020,Calça Flex,Moda,Aplicativo,127.33,25,55.6,179,14,15,3,250.89,3.62,2.55,21
2025-07-21,SKU020,Calça Flex,Moda,Marketplace,128.47,10,52.45,314,9,12,0,353.53,3.68,4.82,13
2025-07-21,SKU021,Tênis Street,Moda,Site,152.98,20,65.83,218,18,19,0,327.84,4.21,2.99,20
2025-07-21,SKU021,Tênis Street,Moda,Aplicativo,154.7,15,68.11,154,10,13,0,212.27,4.21,3.42,17
2025-07-21,SKU021,Tênis Street,Moda,Marketplace,162.22,0,66.11,228,6,6,1,242.58,4.35,4.88,12
2025-07-21,SKU022,Jaqueta City,Moda,Site,170.25,10,73.1,283,15,21,2,407.82,4.19,2.71,24
2025-07-21,SKU022,Jaqueta City,Moda,Aplicativo,166.51,15,70.61,212,16,17,1,279.95,4.37,3.38,17
2025-07-21,SKU022,Jaqueta City,Moda,Marketplace,167.78,5,72.35,325,13,16,1,493.11,4.33,4.39,16
2025-07-21,SKU023,Bolsa Mini,Moda,Site,133.37,10,59.65,468,18,20,0,287.67,3.56,2.59,40
2025-07-21,SKU023,Bolsa Mini,Moda,Aplicativo,144.37,5,62.37,406,16,14,2,284.29,3.62,3.6,14
2025-07-21,SKU023,Bolsa Mini,Moda,Marketplace,141.89,10,61.08,555,16,18,1,320.59,3.76,5.16,23
2025-07-21,SKU024,Moletom Soft,Moda,Site,124.6,10,57.39,229,8,8,0,277.57,4.09,3.19,20
2025-07-21,SKU024,Moletom Soft,Moda,Aplicativo,135.11,0,56.9,175,11,15,1,116.17,4.19,2.72,15
2025-07-21,SKU024,Moletom Soft,Moda,Marketplace,129.92,5,56.62,314,5,5,0,247.61,4.11,3.25,17
2025-07-21,SKU025,Kit Skin,Beleza,Site,104.29,25,39.72,153,5,5,0,256.84,3.59,2.62,11
2025-07-21,SKU025,Kit Skin,Beleza,Aplicativo,106.99,20,40.2,116,8,8,0,251.85,3.71,3.02,12
2025-07-21,SKU025,Kit Skin,Beleza,Marketplace,101.75,25,39.61,164,4,5,0,350.8,3.68,4.62,12
2025-07-21,SKU026,Perfume Bloom,Beleza,Site,107.57,20,41.65,396,17,17,0,319.51,4.41,4.13,27
2025-07-21,SKU026,Perfume Bloom,Beleza,Aplicativo,105.56,0,41.43,341,24,30,1,418.02,4.09,2.75,34
2025-07-21,SKU026,Perfume Bloom,Beleza,Marketplace,107.45,20,41.46,428,18,22,1,344.49,4.44,3.4,38
2025-07-21,SKU027,Secador Air,Beleza,Site,137.42,10,54.34,266,13,16,0,407.17,4.4,3.7,23
2025-07-21,SKU027,Secador Air,Beleza,Aplicativo,131.46,5,54.54,184,14,14,0,281.85,4.44,2.72,20
2025-07-21,SKU027,Secador Air,Beleza,Marketplace,142.7,15,55.01,316,11,12,0,460.16,4.5,4.01,26
2025-07-21,SKU028,Protetor Daily,Beleza,Site,139.63,5,54.9,237,9,10,0,337.02,3.72,2.99,19
2025-07-21,SKU028,Protetor Daily,Beleza,Aplicativo,150.46,15,56.44,233,25,19,0,370.68,3.84,2.38,19
2025-07-21,SKU028,Protetor Daily,Beleza,Marketplace,145.62,5,54.23,284,7,7,0,462.93,3.71,4.27,16
2025-07-21,SKU029,Escova Glow,Beleza,Site,88.54,10,35.63,259,15,17,0,318.81,4.62,3.69,18
2025-07-21,SKU029,Escova Glow,Beleza,Aplicativo,91.21,0,36.94,207,10,11,1,136.54,4.68,3.96,15
2025-07-21,SKU029,Escova Glow,Beleza,Marketplace,89.4,15,37.36,274,10,12,0,290.87,4.61,5.01,16
2025-07-21,SKU030,Sérum Vita,Beleza,Site,98.68,0,37.49,398,20,26,0,416.17,4.18,2.63,32
2025-07-21,SKU030,Sérum Vita,Beleza,Aplicativo,101.59,15,39.22,312,14,18,1,268.71,4.61,2.7,28
2025-07-21,SKU030,Sérum Vita,Beleza,Marketplace,97.54,5,38.39,419,16,20,0,339.24,4.34,3.57,30
2025-07-21,SKU031,Teclado Type,Informática,Site,577.09,5,418.67,212,11,6,0,373.75,4.11,2.9,6
2025-07-21,SKU031,Teclado Type,Informática,Aplicativo,608.67,15,414.92,226,12,12,0,326.19,4.31,2.55,13
2025-07-21,SKU031,Teclado Type,Informática,Marketplace,613.11,25,401.76,287,12,14,0,331.03,4.12,4.07,14
2025-07-21,SKU032,Mouse Click,Informática,Site,483.98,10,323.76,191,6,7,0,438.92,4.4,3.64,8
2025-07-21,SKU032,Mouse Click,Informática,Aplicativo,490.77,0,326.38,143,1,1,0,379.53,4.48,3.71,8
2025-07-21,SKU032,Mouse Click,Informática,Marketplace,471.83,5,317.53,221,5,5,0,342.27,4.46,4.29,9
2025-07-21,SKU033,Monitor View,Informática,Site,425.85,20,282.37,85,3,3,0,251.63,3.62,2.85,5
2025-07-21,SKU033,Monitor View,Informática,Aplicativo,418.97,25,281.53,69,2,2,0,221.51,3.76,2.62,5
2025-07-21,SKU033,Monitor View,Informática,Marketplace,436.32,10,277.15,110,4,4,0,680.85,3.74,4.86,4
2025-07-21,SKU034,SSD Fast,Informática,Site,646.17,0,452.55,115,2,2,0,404.89,4.52,3.8,5
2025-07-21,SKU034,SSD Fast,Informática,Aplicativo,671.09,15,454.08,82,6,6,1,180.26,4.5,3.83,6
2025-07-21,SKU034,SSD Fast,Informática,Marketplace,680.92,5,448.65,134,5,5,0,395.79,4.48,4.81,5
2025-07-21,SKU035,Hub Connect,Informática,Site,686.72,15,439.32,155,1,2,0,292.68,4.63,3.17,10
2025-07-21,SKU035,Hub Connect,Informática,Aplicativo,708.75,15,452.76,141,8,7,0,423.53,4.54,4.25,7
2025-07-21,SKU035,Hub Connect,Informática,Marketplace,682.17,15,449.9,183,5,6,0,259.26,4.34,3.57,11
2025-07-21,SKU036,Notebook Go,Informática,Site,516.95,25,339.73,272,6,7,0,291.99,4.21,2.52,22
2025-07-21,SKU036,Notebook Go,Informática,Aplicativo,518.87,15,360.06,226,14,13,0,342.12,4.01,4.13,13
2025-07-21,SKU036,Notebook Go,Informática,Marketplace,537.04,25,341.66,372,10,11,1,445.73,3.84,4.32,11
2025-07-21,SKU037,Bloco Criar,Infantil,Site,160.77,10,77.03,128,4,5,0,396.84,3.99,3.87,8
2025-07-21,SKU037,Bloco Criar,Infantil,Aplicativo,159.77,0,75.94,96,5,6,0,320.86,4.29,4.53,7
2025-07-21,SKU037,Bloco Criar,Infantil,Marketplace,157.1,10,74.53,162,4,5,2,625.5,4.36,4.46,9
2025-07-21,SKU038,Livro Descobrir,Infantil,Site,117.2,0,54.37,83,2,3,0,174.73,4.48,3.52,6
2025-07-21,SKU038,Livro Descobrir,Infantil,Aplicativo,119.74,5,53.21,82,1,1,0,463.45,4.37,2.16,6
2025-07-21,SKU038,Livro Descobrir,Infantil,Marketplace,117.01,25,56.97,116,3,3,0,493.75,4.23,4.98,7
2025-07-21,SKU039,Jogo Família,Infantil,Site,158.29,5,73.2,153,6,6,0,472.25,4.66,3.88,10
2025-07-21,SKU039,Jogo Família,Infantil,Aplicativo,164.18,0,75.61,104,7,9,0,258.65,4.47,2.08,9
2025-07-21,SKU039,Jogo Família,Infantil,Marketplace,155.34,10,73.53,220,11,13,0,907.35,4.61,3.52,15
2025-07-21,SKU040,Mochila Kids,Infantil,Site,129.73,20,59.68,155,6,6,0,292.3,4.33,3.35,10
2025-07-21,SKU040,Mochila Kids,Infantil,Aplicativo,129.2,10,60.49,129,9,9,1,188.37,4.45,2.49,14
2025-07-21,SKU040,Mochila Kids,Infantil,Marketplace,125.02,5,58.84,190,6,7,1,270.34,4.46,3.85,9
2025-07-21,SKU041,Pelúcia Nuvem,Infantil,Site,149.95,15,67.09,422,10,14,1,251.35,3.58,3.51,26
2025-07-21,SKU041,Pelúcia Nuvem,Infantil,Aplicativo,136.71,10,68.82,370,25,30,0,247.37,3.67,2.51,31
2025-07-21,SKU041,Pelúcia Nuvem,Infantil,Marketplace,143.44,0,65.07,587,19,21,0,516.69,3.75,3.77,26
2025-07-21,SKU042,Patinete Joy,Infantil,Site,101.13,10,45.1,175,4,4,0,187.67,4.26,3.83,8
2025-07-21,SKU042,Patinete Joy,Infantil,Aplicativo,100.45,15,46.59,205,10,11,0,206.71,4.12,2.48,15
2025-07-21,SKU042,Patinete Joy,Infantil,Marketplace,100.62,20,47.38,240,13,17,1,375.39,4.13,3.68,18
2025-07-21,SKU043,Cama Cozy,Pet,Site,87.08,15,39.4,373,14,19,1,289.68,3.63,3.05,21
2025-07-21,SKU043,Cama Cozy,Pet,Aplicativo,84.17,30,40.68,290,21,24,0,195.04,3.57,3.2,30
2025-07-21,SKU043,Cama Cozy,Pet,Marketplace,96.35,15,39.05,383,15,16,0,244.78,3.81,4.98,18
2025-07-21,SKU044,Fonte Fresh,Pet,Site,94.4,20,39.35,130,9,9,0,366.04,4.78,2.65,15
2025-07-21,SKU044,Fonte Fresh,Pet,Aplicativo,86.06,10,39.99,101,6,7,0,195.06,4.82,3.49,11
2025-07-21,SKU044,Fonte Fresh,Pet,Marketplace,88.45,15,39.92,181,9,9,0,553.95,4.72,3.56,13
2025-07-21,SKU045,Brinquedo Fun,Pet,Site,105.79,15,44.61,189,8,10,1,301.55,4.33,2.94,13
2025-07-21,SKU045,Brinquedo Fun,Pet,Aplicativo,101.15,5,43.94,159,6,7,0,241.7,4.18,2.6,11
2025-07-21,SKU045,Brinquedo Fun,Pet,Marketplace,99.83,20,44.53,212,8,9,0,276.01,4.49,3.28,22
2025-07-21,SKU046,Coleira Safe,Pet,Site,136.88,0,62.38,207,7,7,0,259.21,4.18,2.55,19
2025-07-21,SKU046,Coleira Safe,Pet,Aplicativo,139.19,10,61.97,176,5,5,1,198.33,4.19,4.06,12
2025-07-21,SKU046,Coleira Safe,Pet,Marketplace,141.53,0,60.06,252,4,5,0,411.34,4.15,5.18,9
2025-07-21,SKU047,Comedouro Smart,Pet,Site,82.32,0,35.46,280,12,13,1,316.11,4.05,2.88,21
2025-07-21,SKU047,Comedouro Smart,Pet,Aplicativo,82.44,25,37.03,218,14,17,0,237.71,4.23,2.33,29
2025-07-21,SKU047,Comedouro Smart,Pet,Marketplace,85.27,5,37.59,341,10,10,3,351.16,4.22,3.89,20
2025-07-21,SKU048,Kit Higiene,Pet,Site,144.98,15,59.61,511,24,29,0,364.95,4.3,3.63,30
2025-07-21,SKU048,Kit Higiene,Pet,Aplicativo,135.71,10,58.56,442,20,24,1,273.78,4.31,3.33,35
2025-07-21,SKU048,Kit Higiene,Pet,Marketplace,137.69,30,60.04,627,30,29,2,423.52,4.33,4.36,29
2025-07-28,SKU001,Fone Pulse,Áudio e vídeo,Site,361.37,10,194.7,262,14,15,0,388.66,4.78,4.01,15
2025-07-28,SKU001,Fone Pulse,Áudio e vídeo,Aplicativo,339.96,15,196.71,203,9,11,3,206.46,4.9,2.57,16
2025-07-28,SKU001,Fone Pulse,Áudio e vídeo,Marketplace,341.45,15,192.64,328,10,10,0,622.74,4.54,4.39,21
2025-07-28,SKU002,Caixa Wave,Áudio e vídeo,Site,277.82,10,152.28,372,20,19,0,224.8,4.64,3.96,19
2025-07-28,SKU002,Caixa Wave,Áudio e vídeo,Aplicativo,277.78,0,154.79,231,8,9,1,210.4,5.0,2.75,17
2025-07-28,SKU002,Caixa Wave,Áudio e vídeo,Marketplace,280.72,20,156.99,511,19,20,0,742.72,4.96,4.53,34
2025-07-28,SKU003,Webcam Focus,Áudio e vídeo,Site,399.94,0,233.71,208,4,4,0,216.55,3.79,3.85,10
2025-07-28,SKU003,Webcam Focus,Áudio e vídeo,Aplicativo,407.04,0,239.01,188,7,8,1,173.51,3.48,3.4,8
2025-07-28,SKU003,Webcam Focus,Áudio e vídeo,Marketplace,401.87,10,230.34,284,5,7,1,340.38,3.79,4.06,11
2025-07-28,SKU004,Microfone Voice,Áudio e vídeo,Site,332.11,10,186.02,134,4,5,0,373.11,4.73,2.73,9
2025-07-28,SKU004,Microfone Voice,Áudio e vídeo,Aplicativo,322.03,20,190.65,100,8,10,1,262.8,4.84,3.15,12
2025-07-28,SKU004,Microfone Voice,Áudio e vídeo,Marketplace,344.06,10,188.42,163,7,8,0,296.46,4.9,4.8,10
2025-07-28,SKU005,Soundbar One,Áudio e vídeo,Site,405.68,10,241.24,257,6,7,0,400.62,3.89,2.42,17
2025-07-28,SKU005,Soundbar One,Áudio e vídeo,Aplicativo,437.78,20,236.54,171,10,10,0,197.72,4.15,3.24,10
2025-07-28,SKU005,Soundbar One,Áudio e vídeo,Marketplace,433.19,5,248.75,275,12,7,0,242.65,4.13,3.92,7
2025-07-28,SKU006,Headset Play,Áudio e vídeo,Site,369.59,15,212.04,162,7,7,0,378.55,3.5,3.77,7
2025-07-28,SKU006,Headset Play,Áudio e vídeo,Aplicativo,366.67,20,202.96,142,7,7,1,303.2,3.64,4.28,9
2025-07-28,SKU006,Headset Play,Áudio e vídeo,Marketplace,365.99,5,207.6,172,3,4,0,329.95,3.71,3.69,8
2025-07-28,SKU007,Panela Chef,Casa e cozinha,Site,256.08,0,133.62,405,15,16,3,328.74,4.44,3.1,22
2025-07-28,SKU007,Panela Chef,Casa e cozinha,Aplicativo,253.44,20,134.01,326,18,20,0,217.17,4.36,3.15,28
2025-07-28,SKU007,Panela Chef,Casa e cozinha,Marketplace,266.07,10,135.48,514,11,12,1,319.54,4.41,4.35,23
2025-07-28,SKU008,Air Fryer Easy,Casa e cozinha,Site,303.5,15,159.59,189,4,4,0,244.97,4.91,2.86,17
2025-07-28,SKU008,Air Fryer Easy,Casa e cozinha,Aplicativo,311.99,0,157.34,144,5,5,1,283.67,4.75,2.78,10
2025-07-28,SKU008,Air Fryer Easy,Casa e cozinha,Marketplace,317.79,25,158.36,217,6,7,0,381.32,4.62,3.8,18
2025-07-28,SKU009,Jogo Mesa,Casa e cozinha,Site,202.68,10,104.69,227,17,15,2,362.57,4.19,3.31,15
2025-07-28,SKU009,Jogo Mesa,Casa e cozinha,Aplicativo,191.0,10,103.62,175,8,9,1,213.79,4.11,3.34,15
2025-07-28,SKU009,Jogo Mesa,Casa e cozinha,Marketplace,201.44,5,104.72,208,9,11,0,210.06,4.26,3.37,13
2025-07-28,SKU010,Luminária Aura,Casa e cozinha,Site,201.05,30,101.76,332,27,31,1,283.51,4.44,2.66,38
2025-07-28,SKU010,Luminária Aura,Casa e cozinha,Aplicativo,189.9,5,101.63,247,14,16,1,246.45,4.49,2.63,19
2025-07-28,SKU010,Luminária Aura,Casa e cozinha,Marketplace,197.54,10,103.63,321,12,13,0,325.24,4.65,4.33,15
2025-07-28,SKU011,Organizador Box,Casa e cozinha,Site,297.95,10,159.83,523,20,22,1,192.09,4.18,3.73,34
2025-07-28,SKU011,Organizador Box,Casa e cozinha,Aplicativo,304.62,10,157.78,468,17,21,0,244.39,4.04,2.98,40
2025-07-28,SKU011,Organizador Box,Casa e cozinha,Marketplace,299.69,10,159.06,630,18,19,2,281.73,3.86,4.42,32
2025-07-28,SKU012,Mixer Prático,Casa e cozinha,Site,233.63,0,119.53,148,4,5,0,211.8,3.72,2.38,7
2025-07-28,SKU012,Mixer Prático,Casa e cozinha,Aplicativo,242.73,5,123.64,147,9,8,0,221.84,3.75,3.88,8
2025-07-28,SKU012,Mixer Prático,Casa e cozinha,Marketplace,236.44,0,122.53,192,6,8,0,284.19,3.84,4.12,8
2025-07-28,SKU013,Tênis Run,Esporte,Site,195.04,0,96.05,192,7,7,0,244.62,4.02,2.95,9
2025-07-28,SKU013,Tênis Run,Esporte,Aplicativo,191.07,5,92.55,174,8,10,0,162.03,3.79,3.15,10
2025-07-28,SKU013,Tênis Run,Esporte,Marketplace,193.91,10,96.28,249,9,11,0,361.31,4.02,3.05,12
2025-07-28,SKU014,Mochila Trail,Esporte,Site,192.39,15,94.98,308,22,23,3,249.03,4.67,2.29,27
2025-07-28,SKU014,Mochila Trail,Esporte,Aplicativo,192.17,15,95.52,219,14,15,1,162.89,4.58,3.24,16
2025-07-28,SKU014,Mochila Trail,Esporte,Marketplace,187.22,0,92.78,350,7,9,0,284.81,4.53,4.46,16
2025-07-28,SKU015,Garrafa Move,Esporte,Site,178.33,15,87.62,112,2,3,0,230.6,4.44,2.69,10
2025-07-28,SKU015,Garrafa Move,Esporte,Aplicativo,180.24,10,87.43,89,7,7,1,229.96,4.66,2.9,8
2025-07-28,SKU015,Garrafa Move,Esporte,Marketplace,173.18,10,90.6,149,3,3,0,489.34,4.73,3.94,8
2025-07-28,SKU016,Tapete Zen,Esporte,Site,188.52,20,92.95,301,12,15,1,420.95,3.91,3.93,22
2025-07-28,SKU016,Tapete Zen,Esporte,Aplicativo,186.77,5,92.76,196,6,6,0,188.9,4.04,3.86,11
2025-07-28,SKU016,Tapete Zen,Esporte,Marketplace,180.7,25,93.33,277,8,9,0,300.91,4.0,3.9,11
2025-07-28,SKU017,Kit Funcional,Esporte,Site,153.71,15,77.83,319,9,12,0,240.03,3.83,2.88,19
2025-07-28,SKU017,Kit Funcional,Esporte,Aplicativo,155.72,0,78.68,276,8,8,0,228.86,3.89,3.81,15
2025-07-28,SKU017,Kit Funcional,Esporte,Marketplace,156.57,10,80.42,390,13,13,0,211.53,3.86,5.11,18
2025-07-28,SKU018,Relógio Fit,Esporte,Site,234.43,0,113.19,251,5,7,0,327.63,4.43,3.52,14
2025-07-28,SKU018,Relógio Fit,Esporte,Aplicativo,225.66,0,112.75,194,7,9,2,281.36,4.46,2.63,15
2025-07-28,SKU018,Relógio Fit,Esporte,Marketplace,236.11,15,112.73,287,7,9,1,441.98,4.37,4.11,17
2025-07-28,SKU019,Camiseta Urban,Moda,Site,186.12,20,78.62,184,9,10,1,467.47,4.22,3.21,14
2025-07-28,SKU019,Camiseta Urban,Moda,Aplicativo,186.13,15,77.96,120,6,8,0,139.62,4.13,2.85,10
2025-07-28,SKU019,Camiseta Urban,Moda,Marketplace,176.87,15,79.1,203,8,9,0,392.83,4.31,4.34,17
2025-07-28,SKU020,Calça Flex,Moda,Site,124.5,25,53.02,240,14,16,3,257.73,3.77,2.91,20
2025-07-28,SKU020,Calça Flex,Moda,Aplicativo,126.32,0,54.02,197,8,8,1,181.92,3.73,3.34,13
2025-07-28,SKU020,Calça Flex,Moda,Marketplace,126.63,20,53.15,270,12,13,2,260.55,3.59,3.92,20
2025-07-28,SKU021,Tênis Street,Moda,Site,160.32,30,65.05,227,16,17,3,439.35,4.24,4.08,20
2025-07-28,SKU021,Tênis Street,Moda,Aplicativo,160.03,0,64.34,194,6,8,1,295.04,4.52,2.08,20
2025-07-28,SKU021,Tênis Street,Moda,Marketplace,149.93,15,66.12,253,15,15,3,408.23,4.2,4.24,18
2025-07-28,SKU022,Jaqueta City,Moda,Site,169.88,10,72.07,273,21,22,5,343.54,4.31,2.42,24
2025-07-28,SKU022,Jaqueta City,Moda,Aplicativo,167.9,10,74.77,217,12,13,2,179.26,4.37,2.62,23
2025-07-28,SKU022,Jaqueta City,Moda,Marketplace,166.2,15,71.3,302,12,14,0,365.0,4.46,4.51,27
2025-07-28,SKU023,Bolsa Mini,Moda,Site,139.68,20,59.54,451,17,19,2,309.78,3.49,3.11,34
2025-07-28,SKU023,Bolsa Mini,Moda,Aplicativo,139.67,5,62.97,323,19,21,1,225.34,3.65,1.2,29
2025-07-28,SKU023,Bolsa Mini,Moda,Marketplace,140.4,15,62.81,609,33,36,1,597.06,3.51,3.33,36
2025-07-28,SKU024,Moletom Soft,Moda,Site,130.79,10,57.72,273,12,14,2,370.45,4.08,3.67,21
2025-07-28,SKU024,Moletom Soft,Moda,Aplicativo,132.66,15,58.12,203,7,9,3,413.39,4.13,4.14,19
2025-07-28,SKU024,Moletom Soft,Moda,Marketplace,137.23,15,56.11,302,11,12,2,565.94,3.94,3.99,16
2025-07-28,SKU025,Kit Skin,Beleza,Site,102.75,0,39.67,134,2,3,0,366.75,3.64,3.74,8
2025-07-28,SKU025,Kit Skin,Beleza,Aplicativo,102.32,15,40.74,130,7,8,0,261.37,3.76,2.49,10
2025-07-28,SKU025,Kit Skin,Beleza,Marketplace,99.86,20,40.64,188,6,7,0,265.61,3.64,4.32,14
2025-07-28,SKU026,Perfume Bloom,Beleza,Site,106.7,20,41.56,351,25,28,1,211.97,4.42,3.23,32
2025-07-28,SKU026,Perfume Bloom,Beleza,Aplicativo,100.03,15,41.03,371,36,26,0,433.29,4.47,3.39,26
2025-07-28,SKU026,Perfume Bloom,Beleza,Marketplace,105.86,15,41.68,504,28,31,3,578.05,4.31,4.61,34
2025-07-28,SKU027,Secador Air,Beleza,Site,143.45,25,56.67,239,14,16,1,323.65,4.42,3.57,23
2025-07-28,SKU027,Secador Air,Beleza,Aplicativo,140.18,25,54.65,212,15,17,0,331.47,4.43,2.81,23
2025-07-28,SKU027,Secador Air,Beleza,Marketplace,133.25,10,54.08,283,14,14,0,363.47,4.56,3.74,25
2025-07-28,SKU028,Protetor Daily,Beleza,Site,139.69,5,54.42,230,6,7,0,257.59,3.71,3.46,15
2025-07-28,SKU028,Protetor Daily,Beleza,Aplicativo,143.11,25,56.29,195,18,20,1,187.49,3.79,3.3,22
2025-07-28,SKU028,Protetor Daily,Beleza,Marketplace,140.47,20,56.07,288,12,13,0,406.58,3.69,3.48,20
2025-07-28,SKU029,Escova Glow,Beleza,Site,92.49,10,36.09,227,12,13,0,293.35,4.44,2.88,21
2025-07-28,SKU029,Escova Glow,Beleza,Aplicativo,92.13,25,34.83,229,23,26,0,163.53,4.57,2.61,30
2025-07-28,SKU029,Escova Glow,Beleza,Marketplace,92.54,0,36.38,290,7,7,0,364.15,4.38,3.52,16
2025-07-28,SKU030,Sérum Vita,Beleza,Site,100.06,25,38.19,339,14,15,0,164.3,4.14,3.29,29
2025-07-28,SKU030,Sérum Vita,Beleza,Aplicativo,94.14,0,39.8,312,23,26,0,209.5,4.24,3.3,27
2025-07-28,SKU030,Sérum Vita,Beleza,Marketplace,95.96,15,39.82,465,27,31,1,343.93,4.46,2.87,35
2025-07-28,SKU031,Teclado Type,Informática,Site,589.63,25,397.95,211,2,2,0,151.72,4.38,4.04,12
2025-07-28,SKU031,Teclado Type,Informática,Aplicativo,598.76,15,397.14,193,5,5,0,209.49,4.05,2.58,14
2025-07-28,SKU031,Teclado Type,Informática,Marketplace,610.8,0,394.79,260,10,7,0,332.24,4.08,3.79,7
2025-07-28,SKU032,Mouse Click,Informática,Site,487.36,20,326.44,178,5,6,0,443.48,4.44,3.4,10
2025-07-28,SKU032,Mouse Click,Informática,Aplicativo,489.01,20,319.84,131,3,3,0,170.75,4.43,4.28,9
2025-07-28,SKU032,Mouse Click,Informática,Marketplace,484.51,20,327.23,220,6,7,0,343.13,4.35,4.91,11
2025-07-28,SKU033,Monitor View,Informática,Site,444.46,15,279.82,97,4,4,0,375.95,3.63,3.13,4
2025-07-28,SKU033,Monitor View,Informática,Aplicativo,417.53,10,280.38,55,2,2,0,136.16,3.68,2.87,3
2025-07-28,SKU033,Monitor View,Informática,Marketplace,391.82,5,274.6,120,1,2,0,566.79,3.54,3.79,4
2025-07-28,SKU034,SSD Fast,Informática,Site,700.2,10,441.29,120,4,4,0,208.68,4.24,3.94,4
2025-07-28,SKU034,SSD Fast,Informática,Aplicativo,682.45,20,434.19,91,3,4,0,230.65,4.47,3.5,6
2025-07-28,SKU034,SSD Fast,Informática,Marketplace,675.01,10,447.77,130,0,0,0,257.86,4.47,3.81,6
2025-07-28,SKU035,Hub Connect,Informática,Site,672.68,10,444.01,148,5,6,2,175.78,4.56,3.21,9
2025-07-28,SKU035,Hub Connect,Informática,Aplicativo,673.84,10,447.27,111,6,6,0,235.5,4.55,2.23,11
2025-07-28,SKU035,Hub Connect,Informática,Marketplace,700.63,15,451.73,177,7,8,0,384.47,4.29,3.5,8
2025-07-28,SKU036,Notebook Go,Informática,Site,543.25,15,337.96,275,5,5,1,229.22,4.04,3.21,13
2025-07-28,SKU036,Notebook Go,Informática,Aplicativo,521.28,0,358.9,215,7,8,0,231.99,3.99,2.78,10
2025-07-28,SKU036,Notebook Go,Informática,Marketplace,533.63,0,344.45,316,5,5,1,512.86,3.83,4.47,10
2025-07-28,SKU037,Bloco Criar,Infantil,Site,155.68,0,76.05,124,4,4,0,374.92,4.34,3.63,7
2025-07-28,SKU037,Bloco Criar,Infantil,Aplicativo,156.3,0,73.72,103,3,4,0,168.97,4.32,2.71,7
2025-07-28,SKU037,Bloco Criar,Infantil,Marketplace,154.73,15,77.97,144,5,5,1,266.84,3.92,3.92,9
2025-07-28,SKU038,Livro Descobrir,Infantil,Site,119.59,5,54.4,78,4,5,0,218.99,4.16,3.56,5
2025-07-28,SKU038,Livro Descobrir,Infantil,Aplicativo,117.5,0,54.71,66,3,3,0,278.56,4.32,3.13,6
2025-07-28,SKU038,Livro Descobrir,Infantil,Marketplace,117.72,10,55.22,113,3,3,1,351.61,4.5,4.25,8
2025-07-28,SKU039,Jogo Família,Infantil,Site,164.93,20,75.39,177,10,11,0,266.72,4.75,3.13,17
2025-07-28,SKU039,Jogo Família,Infantil,Aplicativo,158.99,10,73.35,124,9,11,2,188.94,4.53,2.33,11
2025-07-28,SKU039,Jogo Família,Infantil,Marketplace,156.81,0,76.76,191,11,10,0,416.33,4.66,4.39,10
2025-07-28,SKU040,Mochila Kids,Infantil,Site,130.01,0,59.77,185,10,12,0,402.48,4.46,3.34,12
2025-07-28,SKU040,Mochila Kids,Infantil,Aplicativo,129.43,10,61.2,136,7,9,0,143.57,4.36,3.35,13
2025-07-28,SKU040,Mochila Kids,Infantil,Marketplace,123.69,10,59.62,192,10,11,0,542.71,4.34,4.55,11
2025-07-28,SKU041,Pelúcia Nuvem,Infantil,Site,142.25,5,68.12,474,9,10,0,300.84,3.66,2.86,20
2025-07-28,SKU041,Pelúcia Nuvem,Infantil,Aplicativo,135.6,10,65.42,398,21,23,0,324.0,3.67,2.24,28
2025-07-28,SKU041,Pelúcia Nuvem,Infantil,Marketplace,142.09,0,66.26,576,16,17,2,453.52,3.68,4.82,19
2025-07-28,SKU042,Patinete Joy,Infantil,Site,97.41,15,45.27,206,7,8,0,206.49,4.08,3.2,12
2025-07-28,SKU042,Patinete Joy,Infantil,Aplicativo,98.36,0,44.32,179,10,11,0,205.67,4.16,2.63,12
2025-07-28,SKU042,Patinete Joy,Infantil,Marketplace,97.65,15,45.33,234,11,14,0,329.65,4.29,4.31,18
2025-07-28,SKU043,Cama Cozy,Pet,Site,89.79,15,39.17,356,15,18,1,201.34,3.88,3.37,20
2025-07-28,SKU043,Cama Cozy,Pet,Aplicativo,87.23,10,39.17,327,15,16,1,297.84,3.71,3.27,21
2025-07-28,SKU043,Cama Cozy,Pet,Marketplace,89.62,10,38.47,462,9,9,1,368.61,3.72,4.49,20
2025-07-28,SKU044,Fonte Fresh,Pet,Site,90.3,10,38.4,125,4,5,0,355.91,4.58,3.7,10
2025-07-28,SKU044,Fonte Fresh,Pet,Aplicativo,89.72,15,39.15,114,2,2,0,358.8,4.83,3.2,15
2025-07-28,SKU044,Fonte Fresh,Pet,Marketplace,86.57,0,39.43,141,6,8,0,419.69,4.83,4.38,11
2025-07-28,SKU045,Brinquedo Fun,Pet,Site,103.37,0,43.87,169,4,5,0,284.46,4.42,2.58,14
2025-07-28,SKU045,Brinquedo Fun,Pet,Aplicativo,100.93,5,45.29,177,10,12,0,368.82,4.33,2.66,18
2025-07-28,SKU045,Brinquedo Fun,Pet,Marketplace,103.22,15,44.09,203,8,9,0,205.18,4.35,3.86,15
2025-07-28,SKU046,Coleira Safe,Pet,Site,136.18,25,60.91,198,10,12,0,398.2,4.05,3.73,13
2025-07-28,SKU046,Coleira Safe,Pet,Aplicativo,137.92,10,58.85,189,17,16,0,257.23,4.22,1.97,16
2025-07-28,SKU046,Coleira Safe,Pet,Marketplace,136.31,10,61.27,235,8,10,0,321.03,4.27,4.47,15
2025-07-28,SKU047,Comedouro Smart,Pet,Site,82.8,15,38.67,282,16,20,0,339.06,4.07,3.21,22
2025-07-28,SKU047,Comedouro Smart,Pet,Aplicativo,88.96,15,38.33,231,8,8,1,193.67,4.17,3.47,17
2025-07-28,SKU047,Comedouro Smart,Pet,Marketplace,87.61,5,36.5,295,12,16,0,241.9,4.12,3.18,16
2025-07-28,SKU048,Kit Higiene,Pet,Site,136.71,20,57.52,566,37,41,0,385.67,4.35,3.3,55
2025-07-28,SKU048,Kit Higiene,Pet,Aplicativo,140.89,25,61.3,478,34,42,1,358.97,4.34,2.79,49
2025-07-28,SKU048,Kit Higiene,Pet,Marketplace,133.78,0,60.5,640,15,18,0,366.93,4.33,4.23,29
2025-08-04,SKU001,Fone Pulse,Áudio e vídeo,Site,350.88,10,192.75,246,5,6,2,231.93,4.52,3.63,13
2025-08-04,SKU001,Fone Pulse,Áudio e vídeo,Aplicativo,352.25,10,200.31,219,15,19,1,293.75,4.7,4.04,20
2025-08-04,SKU001,Fone Pulse,Áudio e vídeo,Marketplace,346.18,20,195.1,280,8,8,0,343.46,4.68,5.38,18
2025-08-04,SKU002,Caixa Wave,Áudio e vídeo,Site,281.42,5,159.06,398,18,20,0,435.57,4.9,3.42,24
2025-08-04,SKU002,Caixa Wave,Áudio e vídeo,Aplicativo,286.46,20,159.69,287,20,21,1,305.38,4.81,3.49,28
2025-08-04,SKU002,Caixa Wave,Áudio e vídeo,Marketplace,280.33,0,154.5,418,4,5,0,259.77,4.85,5.02,11
2025-08-04,SKU003,Webcam Focus,Áudio e vídeo,Site,412.1,20,233.11,232,8,8,1,329.01,3.65,2.54,20
2025-08-04,SKU003,Webcam Focus,Áudio e vídeo,Aplicativo,424.91,0,233.45,169,6,7,0,192.85,3.95,3.23,9
2025-08-04,SKU003,Webcam Focus,Áudio e vídeo,Marketplace,414.85,20,241.87,253,10,11,0,318.26,3.64,3.31,13
2025-08-04,SKU004,Microfone Voice,Áudio e vídeo,Site,328.24,20,182.64,125,2,2,0,334.95,4.66,4.52,9
2025-08-04,SKU004,Microfone Voice,Áudio e vídeo,Aplicativo,358.09,10,187.0,110,5,5,1,206.16,4.84,1.81,8
2025-08-04,SKU004,Microfone Voice,Áudio e vídeo,Marketplace,324.86,0,189.15,151,5,5,0,174.92,4.61,3.72,6
2025-08-04,SKU005,Soundbar One,Áudio e vídeo,Site,421.91,5,239.19,279,5,5,0,256.48,4.2,3.61,8
2025-08-04,SKU005,Soundbar One,Áudio e vídeo,Aplicativo,419.47,15,245.44,185,5,5,0,170.52,4.03,2.89,10
2025-08-04,SKU005,Soundbar One,Áudio e vídeo,Marketplace,434.92,10,237.64,242,6,6,0,266.63,4.08,3.63,6
2025-08-04,SKU006,Headset Play,Áudio e vídeo,Site,386.24,20,211.26,156,1,1,1,273.08,3.52,2.57,10
2025-08-04,SKU006,Headset Play,Áudio e vídeo,Aplicativo,369.18,25,205.99,102,3,3,1,162.39,3.63,2.94,8
2025-08-04,SKU006,Headset Play,Áudio e vídeo,Marketplace,384.06,15,216.33,180,6,7,1,449.83,3.8,3.36,9
2025-08-04,SKU007,Panela Chef,Casa e cozinha,Site,255.83,5,132.64,460,22,27,2,406.77,4.45,3.56,35
2025-08-04,SKU007,Panela Chef,Casa e cozinha,Aplicativo,275.24,0,134.85,310,16,19,1,202.85,4.52,2.7,29
2025-08-04,SKU007,Panela Chef,Casa e cozinha,Marketplace,248.41,0,133.39,496,19,21,2,456.48,4.65,4.2,33
2025-08-04,SKU008,Air Fryer Easy,Casa e cozinha,Site,311.61,25,155.92,203,12,13,0,199.66,4.62,3.59,15
2025-08-04,SKU008,Air Fryer Easy,Casa e cozinha,Aplicativo,305.73,5,159.32,143,13,14,1,310.74,4.74,2.55,14
2025-08-04,SKU008,Air Fryer Easy,Casa e cozinha,Marketplace,293.9,20,157.01,229,6,6,0,218.38,4.79,5.28,15
2025-08-04,SKU009,Jogo Mesa,Casa e cozinha,Site,195.29,10,101.83,185,6,6,0,366.2,3.99,2.75,11
2025-08-04,SKU009,Jogo Mesa,Casa e cozinha,Aplicativo,205.18,10,104.53,226,8,9,0,313.39,4.04,3.31,17
2025-08-04,SKU009,Jogo Mesa,Casa e cozinha,Marketplace,193.66,5,106.43,271,9,11,1,490.4,4.07,4.72,12
2025-08-04,SKU010,Luminária Aura,Casa e cozinha,Site,196.48,15,99.55,323,20,23,0,217.87,4.29,3.49,26
2025-08-04,SKU010,Luminária Aura,Casa e cozinha,Aplicativo,198.34,5,100.42,309,14,15,0,382.76,4.37,2.51,25
2025-08-04,SKU010,Luminária Aura,Casa e cozinha,Marketplace,195.14,15,102.82,327,11,12,0,184.92,4.48,3.99,18
2025-08-04,SKU011,Organizador Box,Casa e cozinha,Site,301.86,0,158.89,578,21,23,0,223.34,4.08,3.25,31
2025-08-04,SKU011,Organizador Box,Casa e cozinha,Aplicativo,302.4,20,158.65,396,19,22,0,219.09,3.99,2.92,35
2025-08-04,SKU011,Organizador Box,Casa e cozinha,Marketplace,313.33,0,155.16,657,11,12,0,366.97,3.99,3.57,25
2025-08-04,SKU012,Mixer Prático,Casa e cozinha,Site,240.8,15,124.86,159,10,10,1,212.79,3.87,3.87,10
2025-08-04,SKU012,Mixer Prático,Casa e cozinha,Aplicativo,241.03,0,124.76,136,3,4,0,257.76,3.8,3.62,7
2025-08-04,SKU012,Mixer Prático,Casa e cozinha,Marketplace,237.56,10,125.11,208,8,8,2,432.41,3.84,4.07,11
2025-08-04,SKU013,Tênis Run,Esporte,Site,197.43,5,95.27,242,10,12,1,504.86,3.76,2.71,12
2025-08-04,SKU013,Tênis Run,Esporte,Aplicativo,196.41,10,97.25,184,8,11,2,379.52,3.69,3.19,13
2025-08-04,SKU013,Tênis Run,Esporte,Marketplace,186.97,10,98.28,244,8,9,0,355.71,4.08,3.75,15
2025-08-04,SKU014,Mochila Trail,Esporte,Site,193.27,5,94.61,329,12,12,0,421.21,4.67,2.7,23
2025-08-04,SKU014,Mochila Trail,Esporte,Aplicativo,196.28,5,95.31,254,10,13,1,244.24,4.61,3.04,21
2025-08-04,SKU014,Mochila Trail,Esporte,Marketplace,194.64,5,96.04,373,13,15,2,315.24,4.69,4.71,19
2025-08-04,SKU015,Garrafa Move,Esporte,Site,182.61,0,86.87,118,3,3,1,262.48,4.69,4.24,5
2025-08-04,SKU015,Garrafa Move,Esporte,Aplicativo,178.16,5,87.11,77,3,3,0,196.2,4.73,4.12,6
2025-08-04,SKU015,Garrafa Move,Esporte,Marketplace,182.17,10,89.44,147,6,7,0,249.25,4.81,3.31,11
2025-08-04,SKU016,Tapete Zen,Esporte,Site,188.25,15,91.24,263,15,18,0,370.23,3.96,2.77,22
2025-08-04,SKU016,Tapete Zen,Esporte,Aplicativo,188.01,20,92.87,229,10,13,0,227.35,3.94,3.15,19
2025-08-04,SKU016,Tapete Zen,Esporte,Marketplace,192.75,0,89.9,317,7,7,0,525.03,3.86,3.62,13
2025-08-04,SKU017,Kit Funcional,Esporte,Site,160.97,20,79.96,363,12,16,0,343.98,3.89,4.22,19
2025-08-04,SKU017,Kit Funcional,Esporte,Aplicativo,159.4,5,75.85,299,14,14,0,194.43,3.91,3.52,18
2025-08-04,SKU017,Kit Funcional,Esporte,Marketplace,156.57,15,75.72,436,18,19,1,336.19,3.81,3.67,23
2025-08-04,SKU018,Relógio Fit,Esporte,Site,245.79,20,119.03,244,12,13,0,276.52,4.58,3.58,20
2025-08-04,SKU018,Relógio Fit,Esporte,Aplicativo,226.98,5,112.57,215,9,9,2,279.73,4.42,2.49,17
2025-08-04,SKU018,Relógio Fit,Esporte,Marketplace,231.91,20,110.67,293,18,18,1,614.45,4.35,4.02,18
2025-08-04,SKU019,Camiseta Urban,Moda,Site,188.43,15,77.61,137,7,8,2,279.92,3.97,2.74,11
2025-08-04,SKU019,Camiseta Urban,Moda,Aplicativo,178.17,25,79.51,111,8,9,1,221.18,3.99,2.14,15
2025-08-04,SKU019,Camiseta Urban,Moda,Marketplace,183.45,20,77.72,178,11,12,1,286.63,4.23,3.1,17
2025-08-04,SKU020,Calça Flex,Moda,Site,125.96,0,54.49,224,6,7,1,266.26,3.79,2.98,12
2025-08-04,SKU020,Calça Flex,Moda,Aplicativo,124.36,20,56.21,195,11,14,3,176.41,3.53,3.14,14
2025-08-04,SKU020,Calça Flex,Moda,Marketplace,121.34,5,55.32,245,8,10,1,361.68,3.64,3.24,13
2025-08-04,SKU021,Tênis Street,Moda,Site,158.3,15,67.54,188,8,8,0,211.3,4.4,3.64,18
2025-08-04,SKU021,Tênis Street,Moda,Aplicativo,156.31,0,68.34,160,7,7,0,201.01,4.57,3.42,13
2025-08-04,SKU021,Tênis Street,Moda,Marketplace,155.85,0,65.99,243,9,9,0,310.46,4.52,3.82,15
2025-08-04,SKU022,Jaqueta City,Moda,Site,174.57,20,72.53,298,17,21,3,387.12,4.19,2.4,21
2025-08-04,SKU022,Jaqueta City,Moda,Aplicativo,168.59,10,72.31,227,19,23,3,412.51,4.21,2.37,24
2025-08-04,SKU022,Jaqueta City,Moda,Marketplace,163.11,10,72.39,337,17,21,3,493.53,4.27,4.0,28
2025-08-04,SKU023,Bolsa Mini,Moda,Site,140.16,10,61.2,458,12,13,0,267.05,3.72,2.82,33
2025-08-04,SKU023,Bolsa Mini,Moda,Aplicativo,134.57,10,59.11,353,19,23,3,286.0,3.5,2.39,26
2025-08-04,SKU023,Bolsa Mini,Moda,Marketplace,145.12,10,61.26,490,21,24,4,238.98,3.55,3.06,25
2025-08-04,SKU024,Moletom Soft,Moda,Site,129.11,5,58.52,248,9,11,2,114.63,4.01,2.88,17
2025-08-04,SKU024,Moletom Soft,Moda,Aplicativo,138.47,15,56.37,211,17,18,2,202.84,4.19,2.76,18
2025-08-04,SKU024,Moletom Soft,Moda,Marketplace,129.01,15,56.84,315,10,12,1,333.46,4.07,3.25,22
2025-08-04,SKU025,Kit Skin,Beleza,Site,102.77,5,40.84,164,3,3,0,320.32,3.54,3.52,6
2025-08-04,SKU025,Kit Skin,Beleza,Aplicativo,106.23,5,39.78,114,5,5,0,201.84,3.59,3.41,9
2025-08-04,SKU025,Kit Skin,Beleza,Marketplace,102.98,0,39.84,182,6,6,0,462.58,3.74,3.96,10
2025-08-04,SKU026,Perfume Bloom,Beleza,Site,104.64,10,41.93,410,16,19,0,382.02,4.2,2.69,35
2025-08-04,SKU026,Perfume Bloom,Beleza,Aplicativo,102.96,25,41.21,262,32,18,0,174.05,4.4,2.58,18
2025-08-04,SKU026,Perfume Bloom,Beleza,Marketplace,107.45,0,42.31,453,21,23,1,378.47,4.4,2.94,25
2025-08-04,SKU027,Secador Air,Beleza,Site,143.35,5,55.4,250,6,6,0,176.39,4.19,2.55,18
2025-08-04,SKU027,Secador Air,Beleza,Aplicativo,138.31,10,56.3,205,10,12,0,210.63,4.54,2.85,20
2025-08-04,SKU027,Secador Air,Beleza,Marketplace,139.4,0,54.57,264,11,13,1,261.41,4.38,4.48,19
2025-08-04,SKU028,Protetor Daily,Beleza,Site,146.01,20,54.57,225,9,10,0,206.21,3.76,2.99,24
2025-08-04,SKU028,Protetor Daily,Beleza,Aplicativo,149.94,0,54.4,204,10,12,0,179.87,3.84,2.39,18
2025-08-04,SKU028,Protetor Daily,Beleza,Marketplace,144.04,30,54.47,300,16,19,0,346.3,3.99,3.83,25
2025-08-04,SKU029,Escova Glow,Beleza,Site,90.71,10,36.31,246,13,13,0,190.67,4.5,1.92,23
2025-08-04,SKU029,Escova Glow,Beleza,Aplicativo,96.14,20,35.78,187,19,16,0,185.81,4.53,2.25,16
2025-08-04,SKU029,Escova Glow,Beleza,Marketplace,92.66,0,35.28,293,6,6,0,311.15,4.49,5.43,18
2025-08-04,SKU030,Sérum Vita,Beleza,Site,97.76,15,37.06,398,23,24,0,301.93,4.32,3.11,36
2025-08-04,SKU030,Sérum Vita,Beleza,Aplicativo,99.3,0,38.29,343,17,20,0,362.16,4.22,3.21,22
2025-08-04,SKU030,Sérum Vita,Beleza,Marketplace,98.4,10,38.88,471,24,27,1,507.58,4.49,3.68,29
2025-08-04,SKU031,Teclado Type,Informática,Site,591.76,5,398.51,233,7,9,0,320.68,4.28,3.55,9
2025-08-04,SKU031,Teclado Type,Informática,Aplicativo,592.39,10,414.07,191,6,7,0,177.46,4.0,3.49,12
2025-08-04,SKU031,Teclado Type,Informática,Marketplace,568.24,15,406.64,300,11,14,1,665.12,4.28,3.63,19
2025-08-04,SKU032,Mouse Click,Informática,Site,485.8,5,324.85,171,1,1,0,258.57,4.33,3.6,7
2025-08-04,SKU032,Mouse Click,Informática,Aplicativo,484.82,0,319.94,132,3,3,1,122.25,4.33,3.36,6
2025-08-04,SKU032,Mouse Click,Informática,Marketplace,471.17,0,312.02,214,3,3,0,403.47,4.33,4.42,7
2025-08-04,SKU033,Monitor View,Informática,Site,424.16,10,273.96,76,3,3,0,300.5,3.79,3.66,3
2025-08-04,SKU033,Monitor View,Informática,Aplicativo,432.8,25,278.61,74,3,3,0,368.85,3.75,3.22,6
2025-08-04,SKU033,Monitor View,Informática,Marketplace,414.21,5,282.8,72,2,3,0,321.56,3.59,2.86,3
2025-08-04,SKU034,SSD Fast,Informática,Site,690.52,0,436.55,119,2,2,0,248.8,4.45,4.0,4
2025-08-04,SKU034,SSD Fast,Informática,Aplicativo,671.58,15,434.06,111,5,7,0,264.72,4.28,3.36,7
2025-08-04,SKU034,SSD Fast,Informática,Marketplace,677.19,25,443.56,122,5,5,0,276.82,4.59,3.44,10
2025-08-04,SKU035,Hub Connect,Informática,Site,705.61,5,449.59,138,3,4,0,349.32,4.44,3.86,5
2025-08-04,SKU035,Hub Connect,Informática,Aplicativo,710.57,10,452.64,133,2,2,1,157.38,4.5,1.93,8
2025-08-04,SKU035,Hub Connect,Informática,Marketplace,664.73,20,455.12,198,8,11,1,369.8,4.78,3.91,15
2025-08-04,SKU036,Notebook Go,Informática,Site,525.51,10,357.73,239,8,8,0,289.35,3.6,4.07,10
2025-08-04,SKU036,Notebook Go,Informática,Aplicativo,521.26,25,354.33,219,13,16,2,253.1,3.79,3.16,18
2025-08-04,SKU036,Notebook Go,Informática,Marketplace,521.34,25,355.28,306,8,7,0,292.93,3.79,4.01,7
2025-08-04,SKU037,Bloco Criar,Infantil,Site,162.14,10,77.2,125,3,3,0,415.72,4.15,3.24,10
2025-08-04,SKU037,Bloco Criar,Infantil,Aplicativo,154.43,10,76.43,107,5,5,0,288.19,4.09,2.83,10
2025-08-04,SKU037,Bloco Criar,Infantil,Marketplace,155.15,5,75.29,167,3,3,0,329.57,4.14,4.05,8
2025-08-04,SKU038,Livro Descobrir,Infantil,Site,117.53,25,55.75,79,2,2,0,169.93,4.53,3.81,6
2025-08-04,SKU038,Livro Descobrir,Infantil,Aplicativo,116.89,10,54.67,73,4,4,0,289.75,4.3,3.64,6
2025-08-04,SKU038,Livro Descobrir,Infantil,Marketplace,117.34,0,56.17,100,5,6,1,435.01,4.44,3.19,6
2025-08-04,SKU039,Jogo Família,Infantil,Site,154.81,10,73.66,177,13,14,0,202.18,4.7,2.43,15
2025-08-04,SKU039,Jogo Família,Infantil,Aplicativo,159.11,10,75.57,126,13,8,0,298.68,4.45,4.0,8
2025-08-04,SKU039,Jogo Família,Infantil,Marketplace,154.3,25,74.7,171,8,10,1,492.62,4.54,3.52,18
2025-08-04,SKU040,Mochila Kids,Infantil,Site,123.26,15,58.3,140,2,2,0,247.69,4.37,3.53,14
2025-08-04,SKU040,Mochila Kids,Infantil,Aplicativo,132.77,25,58.63,135,8,8,0,289.41,4.32,2.56,16
2025-08-04,SKU040,Mochila Kids,Infantil,Marketplace,129.21,10,59.56,197,12,13,0,436.82,4.55,3.7,17
2025-08-04,SKU041,Pelúcia Nuvem,Infantil,Site,140.52,0,68.75,420,14,15,0,170.6,3.77,2.9,19
2025-08-04,SKU041,Pelúcia Nuvem,Infantil,Aplicativo,140.95,15,65.53,358,19,20,0,244.61,3.68,3.31,28
2025-08-04,SKU041,Pelúcia Nuvem,Infantil,Marketplace,144.81,15,65.49,525,20,23,1,269.68,3.7,3.94,27
2025-08-04,SKU042,Patinete Joy,Infantil,Site,99.8,10,46.14,245,9,9,0,358.96,4.2,3.63,16
2025-08-04,SKU042,Patinete Joy,Infantil,Aplicativo,96.91,5,47.2,205,13,15,0,203.77,4.3,2.44,19
2025-08-04,SKU042,Patinete Joy,Infantil,Marketplace,96.77,5,46.75,279,8,9,0,402.46,4.26,4.51,12
2025-08-04,SKU043,Cama Cozy,Pet,Site,91.23,0,38.29,391,11,11,0,458.77,3.73,3.11,23
2025-08-04,SKU043,Cama Cozy,Pet,Aplicativo,85.92,30,39.46,313,17,19,0,246.9,3.65,3.09,31
2025-08-04,SKU043,Cama Cozy,Pet,Marketplace,85.57,0,39.76,475,13,14,0,581.47,3.67,4.24,26
2025-08-04,SKU044,Fonte Fresh,Pet,Site,89.6,15,40.27,121,4,4,0,286.06,4.85,4.9,11
2025-08-04,SKU044,Fonte Fresh,Pet,Aplicativo,94.45,0,38.68,90,3,3,0,214.7,4.94,3.79,9
2025-08-04,SKU044,Fonte Fresh,Pet,Marketplace,89.74,5,39.24,147,3,3,0,359.45,4.7,3.93,10
2025-08-04,SKU045,Brinquedo Fun,Pet,Site,104.77,10,46.33,194,7,8,0,431.56,4.38,3.22,14
2025-08-04,SKU045,Brinquedo Fun,Pet,Aplicativo,103.98,15,44.33,169,10,12,0,165.78,4.21,2.57,17
2025-08-04,SKU045,Brinquedo Fun,Pet,Marketplace,104.58,20,44.81,228,9,10,0,249.94,4.27,3.85,15
2025-08-04,SKU046,Coleira Safe,Pet,Site,139.03,10,60.5,212,7,9,0,209.51,4.17,3.57,13
2025-08-04,SKU046,Coleira Safe,Pet,Aplicativo,136.24,15,64.58,182,14,15,1,211.43,4.17,2.36,20
2025-08-04,SKU046,Coleira Safe,Pet,Marketplace,143.31,0,63.47,240,13,14,0,256.69,4.27,4.34,14
2025-08-04,SKU047,Comedouro Smart,Pet,Site,83.53,0,38.11,261,7,7,0,262.76,4.1,2.68,12
2025-08-04,SKU047,Comedouro Smart,Pet,Aplicativo,87.17,20,37.59,237,7,8,0,234.48,4.11,2.68,26
2025-08-04,SKU047,Comedouro Smart,Pet,Marketplace,86.12,0,37.61,338,8,9,0,289.27,4.28,4.73,18
2025-08-04,SKU048,Kit Higiene,Pet,Site,132.26,10,59.12,491,23,24,3,198.94,4.23,3.87,24
2025-08-04,SKU048,Kit Higiene,Pet,Aplicativo,137.61,15,60.14,543,32,33,1,492.39,4.3,2.8,60
2025-08-04,SKU048,Kit Higiene,Pet,Marketplace,129.82,0,61.31,635,24,27,0,516.44,4.15,4.15,37
2025-08-11,SKU001,Fone Pulse,Áudio e vídeo,Site,346.01,15,201.8,254,10,11,0,438.09,4.64,3.44,19
2025-08-11,SKU001,Fone Pulse,Áudio e vídeo,Aplicativo,342.0,15,199.77,219,9,10,0,325.42,4.6,3.11,22
2025-08-11,SKU001,Fone Pulse,Áudio e vídeo,Marketplace,350.54,5,200.51,305,7,8,0,301.73,4.76,4.03,17
2025-08-11,SKU002,Caixa Wave,Áudio e vídeo,Site,279.65,10,156.26,365,19,22,2,217.07,5.0,2.07,23
2025-08-11,SKU002,Caixa Wave,Áudio e vídeo,Aplicativo,271.21,10,157.13,279,11,11,0,238.15,4.9,2.94,22
2025-08-11,SKU002,Caixa Wave,Áudio e vídeo,Marketplace,275.61,10,158.76,434,9,12,0,316.17,4.83,4.23,27
2025-08-11,SKU003,Webcam Focus,Áudio e vídeo,Site,416.79,0,241.54,239,7,9,1,354.28,3.87,3.69,12
2025-08-11,SKU003,Webcam Focus,Áudio e vídeo,Aplicativo,408.97,10,233.22,174,5,6,0,248.56,3.41,3.81,8
2025-08-11,SKU003,Webcam Focus,Áudio e vídeo,Marketplace,415.81,10,231.93,279,10,10,0,226.92,3.82,4.73,10
2025-08-11,SKU004,Microfone Voice,Áudio e vídeo,Site,325.65,10,192.08,137,7,8,1,242.75,4.84,2.3,9
2025-08-11,SKU004,Microfone Voice,Áudio e vídeo,Aplicativo,340.05,5,184.66,107,3,3,0,144.32,4.85,2.51,7
2025-08-11,SKU004,Microfone Voice,Áudio e vídeo,Marketplace,341.91,20,194.99,173,12,13,0,333.9,4.94,3.52,14
2025-08-11,SKU005,Soundbar One,Áudio e vídeo,Site,420.7,0,245.75,192,3,3,1,344.86,4.04,3.59,9
2025-08-11,SKU005,Soundbar One,Áudio e vídeo,Aplicativo,426.62,15,230.68,200,9,11,0,359.12,4.18,2.65,13
2025-08-11,SKU005,Soundbar One,Áudio e vídeo,Marketplace,437.74,10,237.38,256,10,11,0,351.33,4.11,3.43,11
2025-08-11,SKU006,Headset Play,Áudio e vídeo,Site,377.81,15,209.79,133,8,8,0,304.02,3.59,3.24,8
2025-08-11,SKU006,Headset Play,Áudio e vídeo,Aplicativo,387.73,0,200.01,113,0,0,0,137.54,3.74,3.25,4
2025-08-11,SKU006,Headset Play,Áudio e vídeo,Marketplace,353.68,20,207.92,144,2,3,1,392.64,3.57,4.03,8
2025-08-11,SKU007,Panela Chef,Casa e cozinha,Site,250.86,5,137.51,403,19,21,1,297.37,4.42,3.3,29
2025-08-11,SKU007,Panela Chef,Casa e cozinha,Aplicativo,257.37,10,135.89,314,24,29,1,185.64,4.46,2.96,30
2025-08-11,SKU007,Panela Chef,Casa e cozinha,Marketplace,268.29,10,133.41,545,23,29,0,430.38,4.65,4.34,33
2025-08-11,SKU008,Air Fryer Easy,Casa e cozinha,Site,298.69,10,156.15,197,11,13,1,267.49,4.84,3.51,16
2025-08-11,SKU008,Air Fryer Easy,Casa e cozinha,Aplicativo,291.67,5,161.94,176,6,7,0,263.11,4.78,2.88,8
2025-08-11,SKU008,Air Fryer Easy,Casa e cozinha,Marketplace,306.19,25,158.43,237,10,12,0,397.46,4.64,3.95,17
2025-08-11,SKU009,Jogo Mesa,Casa e cozinha,Site,195.76,0,106.45,241,8,9,0,371.99,4.21,3.03,13
2025-08-11,SKU009,Jogo Mesa,Casa e cozinha,Aplicativo,195.38,10,102.49,182,11,11,0,386.3,4.23,3.81,16
2025-08-11,SKU009,Jogo Mesa,Casa e cozinha,Marketplace,196.79,30,103.45,244,14,15,0,451.85,4.08,3.34,20
2025-08-11,SKU010,Luminária Aura,Casa e cozinha,Site,195.95,10,102.13,274,7,7,0,262.31,4.66,2.62,25
2025-08-11,SKU010,Luminária Aura,Casa e cozinha,Aplicativo,200.21,20,100.1,245,11,14,0,295.25,4.49,4.16,20
2025-08-11,SKU010,Luminária Aura,Casa e cozinha,Marketplace,195.29,20,104.83,383,20,20,0,406.7,4.43,3.8,27
2025-08-11,SKU011,Organizador Box,Casa e cozinha,Site,301.35,0,157.97,499,21,27,0,241.61,4.03,2.45,28
2025-08-11,SKU011,Organizador Box,Casa e cozinha,Aplicativo,306.85,20,157.97,495,23,24,4,315.29,3.89,3.22,47
2025-08-11,SKU011,Organizador Box,Casa e cozinha,Marketplace,317.78,15,160.69,679,27,29,2,334.55,4.04,4.15,42
2025-08-11,SKU012,Mixer Prático,Casa e cozinha,Site,234.85,5,122.87,147,4,4,0,259.12,3.69,1.62,11
2025-08-11,SKU012,Mixer Prático,Casa e cozinha,Aplicativo,238.42,25,120.97,181,14,15,0,465.96,3.86,3.2,15
2025-08-11,SKU012,Mixer Prático,Casa e cozinha,Marketplace,235.96,20,121.78,183,9,6,0,257.49,3.54,3.35,6
2025-08-11,SKU013,Tênis Run,Esporte,Site,197.16,0,96.65,208,4,4,1,228.41,4.0,3.3,12
2025-08-11,SKU013,Tênis Run,Esporte,Aplicativo,190.04,10,95.46,184,7,8,0,255.81,3.75,2.81,14
2025-08-11,SKU013,Tênis Run,Esporte,Marketplace,200.34,10,94.31,253,10,13,0,410.6,3.74,4.02,13
2025-08-11,SKU014,Mochila Trail,Esporte,Site,189.04,15,95.99,320,10,11,0,302.93,4.6,3.65,27
2025-08-11,SKU014,Mochila Trail,Esporte,Aplicativo,191.57,15,97.04,272,20,25,2,263.45,4.58,2.46,26
2025-08-11,SKU014,Mochila Trail,Esporte,Marketplace,191.43,10,96.71,381,20,20,1,366.96,4.68,4.08,20
2025-08-11,SKU015,Garrafa Move,Esporte,Site,175.12,5,87.87,122,3,3,0,376.57,4.73,3.02,8
2025-08-11,SKU015,Garrafa Move,Esporte,Aplicativo,185.61,30,92.66,98,11,11,0,176.47,4.66,2.78,13
2025-08-11,SKU015,Garrafa Move,Esporte,Marketplace,181.82,10,86.09,154,6,6,0,391.83,4.64,4.47,9
2025-08-11,SKU016,Tapete Zen,Esporte,Site,199.04,10,92.49,248,8,8,0,230.34,3.96,2.92,12
2025-08-11,SKU016,Tapete Zen,Esporte,Aplicativo,190.14,10,94.02,195,7,10,1,201.8,3.8,3.37,11
2025-08-11,SKU016,Tapete Zen,Esporte,Marketplace,191.97,10,92.47,314,13,14,0,300.86,4.07,4.21,14
2025-08-11,SKU017,Kit Funcional,Esporte,Site,164.22,15,79.36,327,17,18,0,233.62,3.7,3.48,18
2025-08-11,SKU017,Kit Funcional,Esporte,Aplicativo,160.06,10,78.29,306,7,8,1,319.05,3.97,2.96,19
2025-08-11,SKU017,Kit Funcional,Esporte,Marketplace,159.63,20,79.46,469,15,16,2,560.15,3.88,3.23,32
2025-08-11,SKU018,Relógio Fit,Esporte,Site,229.8,15,112.8,236,11,13,2,414.47,4.51,3.47,14
2025-08-11,SKU018,Relógio Fit,Esporte,Aplicativo,233.44,15,110.87,211,11,14,0,345.28,4.5,2.11,22
2025-08-11,SKU018,Relógio Fit,Esporte,Marketplace,224.39,10,113.46,267,12,13,1,281.66,4.24,3.73,13
2025-08-11,SKU019,Camiseta Urban,Moda,Site,176.1,15,78.92,170,8,9,1,413.7,4.25,3.3,15
2025-08-11,SKU019,Camiseta Urban,Moda,Aplicativo,183.4,5,80.42,105,7,8,0,125.78,4.1,2.64,10
2025-08-11,SKU019,Camiseta Urban,Moda,Marketplace,184.86,5,76.47,185,8,10,2,363.75,4.09,3.52,11
2025-08-11,SKU020,Calça Flex,Moda,Site,124.34,10,54.72,232,13,14,1,265.76,3.7,2.09,20
2025-08-11,SKU020,Calça Flex,Moda,Aplicativo,123.21,10,53.96,206,9,10,1,228.76,3.73,1.92,18
2025-08-11,SKU020,Calça Flex,Moda,Marketplace,125.36,0,54.2,290,8,9,0,391.71,3.78,4.31,13
2025-08-11,SKU021,Tênis Street,Moda,Site,158.31,0,66.51,169,12,10,1,164.36,4.21,2.46,10
2025-08-11,SKU021,Tênis Street,Moda,Aplicativo,160.09,5,65.83,183,8,10,0,328.52,4.24,4.31,11
2025-08-11,SKU021,Tênis Street,Moda,Marketplace,153.41,0,67.13,245,5,6,0,309.28,4.48,4.82,14
2025-08-11,SKU022,Jaqueta City,Moda,Site,168.17,25,74.54,279,25,25,1,388.84,4.44,2.5,30
2025-08-11,SKU022,Jaqueta City,Moda,Aplicativo,168.89,0,72.6,221,11,13,2,279.6,4.54,3.32,16
2025-08-11,SKU022,Jaqueta City,Moda,Marketplace,175.72,10,74.52,337,15,19,3,307.18,4.25,3.46,26
2025-08-11,SKU023,Bolsa Mini,Moda,Site,134.96,0,60.84,436,15,15,4,333.48,3.55,3.51,25
2025-08-11,SKU023,Bolsa Mini,Moda,Aplicativo,140.55,5,58.24,391,20,22,2,282.21,3.59,2.27,27
2025-08-11,SKU023,Bolsa Mini,Moda,Marketplace,139.87,0,59.8,499,18,23,2,244.94,3.51,4.07,23
2025-08-11,SKU024,Moletom Soft,Moda,Site,133.83,0,56.14,238,8,8,0,309.74,4.19,3.72,14
2025-08-11,SKU024,Moletom Soft,Moda,Aplicativo,130.6,5,55.9,208,10,11,0,248.11,4.08,2.35,18
2025-08-11,SKU024,Moletom Soft,Moda,Marketplace,129.08,15,57.31,290,12,13,0,358.15,4.23,4.1,23
2025-08-11,SKU025,Kit Skin,Beleza,Site,99.79,20,38.9,159,10,13,2,272.74,3.64,1.96,15
2025-08-11,SKU025,Kit Skin,Beleza,Aplicativo,101.57,10,40.95,118,6,6,0,224.2,3.6,2.77,11
2025-08-11,SKU025,Kit Skin,Beleza,Marketplace,104.4,5,40.66,161,5,5,0,255.86,3.56,4.9,7
2025-08-11,SKU026,Perfume Bloom,Beleza,Site,109.75,15,41.42,383,20,27,1,301.28,4.32,3.8,30
2025-08-11,SKU026,Perfume Bloom,Beleza,Aplicativo,109.85,10,42.14,348,27,31,0,337.72,4.25,2.2,31
2025-08-11,SKU026,Perfume Bloom,Beleza,Marketplace,107.98,5,42.71,464,17,19,0,296.59,4.27,4.99,26
2025-08-11,SKU027,Secador Air,Beleza,Site,134.22,15,52.73,207,13,15,0,204.14,4.58,3.7,25
2025-08-11,SKU027,Secador Air,Beleza,Aplicativo,139.49,10,53.57,204,15,19,1,242.26,4.34,2.77,21
2025-08-11,SKU027,Secador Air,Beleza,Marketplace,140.55,5,54.59,302,11,13,1,540.42,4.41,3.72,20
2025-08-11,SKU028,Protetor Daily,Beleza,Site,151.51,25,54.62,240,12,14,0,275.51,3.7,3.82,21
2025-08-11,SKU028,Protetor Daily,Beleza,Aplicativo,138.95,5,56.13,208,10,9,0,258.73,3.77,3.48,9
2025-08-11,SKU028,Protetor Daily,Beleza,Marketplace,146.0,5,54.38,282,6,7,0,268.2,3.77,4.59,13
2025-08-11,SKU029,Escova Glow,Beleza,Site,96.35,10,37.58,241,17,20,2,197.82,4.69,3.19,21
2025-08-11,SKU029,Escova Glow,Beleza,Aplicativo,92.88,10,37.07,218,16,19,0,443.2,4.56,1.92,30
2025-08-11,SKU029,Escova Glow,Beleza,Marketplace,94.74,5,37.15,293,10,11,0,307.31,4.39,4.15,22
2025-08-11,SKU030,Sérum Vita,Beleza,Site,98.86,0,39.14,374,19,21,0,304.49,4.16,2.89,28
2025-08-11,SKU030,Sérum Vita,Beleza,Aplicativo,96.49,5,38.38,340,15,17,0,352.22,4.2,2.84,23
2025-08-11,SKU030,Sérum Vita,Beleza,Marketplace,92.42,20,38.25,410,22,25,1,246.62,4.22,4.38,36
2025-08-11,SKU031,Teclado Type,Informática,Site,591.65,10,406.82,266,8,9,0,554.67,4.22,3.11,14
2025-08-11,SKU031,Teclado Type,Informática,Aplicativo,616.72,10,396.75,158,6,7,0,178.4,4.11,3.2,8
2025-08-11,SKU031,Teclado Type,Informática,Marketplace,595.65,10,407.9,331,4,5,1,525.66,4.16,5.23,12
2025-08-11,SKU032,Mouse Click,Informática,Site,496.23,0,315.07,161,2,3,1,213.15,4.26,3.31,6
2025-08-11,SKU032,Mouse Click,Informática,Aplicativo,488.05,10,319.73,116,6,6,0,201.95,4.22,2.67,6
2025-08-11,SKU032,Mouse Click,Informática,Marketplace,467.98,20,313.82,183,9,9,0,200.82,4.48,5.2,9
2025-08-11,SKU033,Monitor View,Informática,Site,399.85,15,285.39,58,4,4,0,276.25,3.99,3.2,4
2025-08-11,SKU033,Monitor View,Informática,Aplicativo,431.92,5,275.87,66,0,0,0,320.84,3.65,4.0,2
2025-08-11,SKU033,Monitor View,Informática,Marketplace,435.57,0,270.19,84,2,2,0,309.19,3.73,3.62,3
2025-08-11,SKU034,SSD Fast,Informática,Site,675.51,5,445.25,115,4,5,0,361.88,4.48,2.9,5
2025-08-11,SKU034,SSD Fast,Informática,Aplicativo,705.28,10,443.95,84,2,3,0,247.88,4.58,2.99,4
2025-08-11,SKU034,SSD Fast,Informática,Marketplace,678.77,20,437.95,127,5,5,0,354.02,4.53,4.49,7
2025-08-11,SKU035,Hub Connect,Informática,Site,696.13,25,457.44,146,5,5,2,213.13,4.57,3.32,10
2025-08-11,SKU035,Hub Connect,Informática,Aplicativo,664.22,10,442.53,120,6,7,1,367.36,4.76,3.19,10
2025-08-11,SKU035,Hub Connect,Informática,Marketplace,687.86,20,443.77,181,5,5,0,377.65,4.74,3.24,13
2025-08-11,SKU036,Notebook Go,Informática,Site,539.92,15,351.24,263,4,6,1,232.67,3.78,2.23,11
2025-08-11,SKU036,Notebook Go,Informática,Aplicativo,534.98,25,353.39,186,11,12,0,140.79,4.04,2.57,14
2025-08-11,SKU036,Notebook Go,Informática,Marketplace,525.14,0,355.87,329,7,8,0,309.23,3.9,4.59,9
2025-08-11,SKU037,Bloco Criar,Infantil,Site,162.99,15,76.27,124,8,8,1,283.2,4.32,2.87,9
2025-08-11,SKU037,Bloco Criar,Infantil,Aplicativo,168.44,20,77.43,118,11,10,0,213.93,4.39,3.56,10
2025-08-11,SKU037,Bloco Criar,Infantil,Marketplace,161.72,10,75.74,140,3,5,0,287.97,4.24,4.52,10
2025-08-11,SKU038,Livro Descobrir,Infantil,Site,116.79,5,55.29,74,1,1,0,214.98,4.29,3.45,5
2025-08-11,SKU038,Livro Descobrir,Infantil,Aplicativo,109.96,10,56.15,45,4,4,0,159.9,4.43,2.38,4
2025-08-11,SKU038,Livro Descobrir,Infantil,Marketplace,119.18,0,55.1,96,4,4,0,471.65,4.3,4.16,5
2025-08-11,SKU039,Jogo Família,Infantil,Site,162.27,10,73.08,170,10,12,0,321.35,4.6,3.5,15
2025-08-11,SKU039,Jogo Família,Infantil,Aplicativo,160.32,15,74.86,110,5,6,1,173.61,4.59,3.23,12
2025-08-11,SKU039,Jogo Família,Infantil,Marketplace,162.88,5,75.45,195,4,5,1,324.15,4.57,4.54,13
2025-08-11,SKU040,Mochila Kids,Infantil,Site,131.15,0,55.61,156,7,8,0,405.66,4.23,2.9,9
2025-08-11,SKU040,Mochila Kids,Infantil,Aplicativo,131.7,10,60.27,123,4,4,0,148.47,4.34,2.93,10
2025-08-11,SKU040,Mochila Kids,Infantil,Marketplace,127.14,25,60.02,193,7,7,0,365.26,4.54,4.52,16
2025-08-11,SKU041,Pelúcia Nuvem,Infantil,Site,150.03,25,66.15,453,17,20,3,309.19,3.65,3.46,28
2025-08-11,SKU041,Pelúcia Nuvem,Infantil,Aplicativo,134.46,5,65.33,383,15,16,1,210.17,3.67,2.92,34
2025-08-11,SKU041,Pelúcia Nuvem,Infantil,Marketplace,144.41,5,66.84,459,15,18,2,188.7,3.71,3.91,24
2025-08-11,SKU042,Patinete Joy,Infantil,Site,96.48,15,46.14,192,7,9,0,215.69,4.18,3.61,16
2025-08-11,SKU042,Patinete Joy,Infantil,Aplicativo,98.72,10,47.34,210,10,11,0,342.15,4.13,2.49,20
2025-08-11,SKU042,Patinete Joy,Infantil,Marketplace,96.5,15,45.03,257,9,10,0,388.58,4.3,3.87,23
2025-08-11,SKU043,Cama Cozy,Pet,Site,88.36,0,38.81,362,14,15,2,281.18,3.81,3.26,23
2025-08-11,SKU043,Cama Cozy,Pet,Aplicativo,87.59,15,38.19,258,22,23,0,138.09,3.68,3.39,23
2025-08-11,SKU043,Cama Cozy,Pet,Marketplace,85.1,20,39.91,434,15,17,0,295.53,3.68,4.09,31
2025-08-11,SKU044,Fonte Fresh,Pet,Site,95.19,5,38.91,127,5,5,0,342.17,4.68,3.0,8
2025-08-11,SKU044,Fonte Fresh,Pet,Aplicativo,91.77,10,39.1,87,6,6,0,234.2,4.68,3.14,9
2025-08-11,SKU044,Fonte Fresh,Pet,Marketplace,90.52,5,38.21,130,5,5,0,272.99,4.58,4.66,7
2025-08-11,SKU045,Brinquedo Fun,Pet,Site,99.48,15,44.95,175,9,10,0,446.33,4.41,1.63,19
2025-08-11,SKU045,Brinquedo Fun,Pet,Aplicativo,96.52,10,45.45,145,10,11,0,195.76,4.44,3.01,15
2025-08-11,SKU045,Brinquedo Fun,Pet,Marketplace,100.88,0,43.83,223,10,12,0,371.89,4.27,3.89,16
2025-08-11,SKU046,Coleira Safe,Pet,Site,135.74,20,62.6,217,12,14,0,220.72,4.17,2.71,22
2025-08-11,SKU046,Coleira Safe,Pet,Aplicativo,141.83,10,61.48,175,4,5,0,273.56,4.07,3.56,13
2025-08-11,SKU046,Coleira Safe,Pet,Marketplace,137.6,20,61.67,283,13,15,0,416.09,4.01,4.8,15
2025-08-11,SKU047,Comedouro Smart,Pet,Site,82.01,5,37.05,266,17,20,2,161.23,4.11,1.44,22
2025-08-11,SKU047,Comedouro Smart,Pet,Aplicativo,84.84,10,35.87,204,7,9,0,145.06,4.14,2.7,16
2025-08-11,SKU047,Comedouro Smart,Pet,Marketplace,84.0,0,37.52,326,9,12,0,323.97,4.22,3.62,19
2025-08-11,SKU048,Kit Higiene,Pet,Site,136.79,10,60.43,503,32,28,0,209.86,4.3,2.42,28
2025-08-11,SKU048,Kit Higiene,Pet,Aplicativo,131.89,15,59.58,378,20,23,1,128.42,4.18,3.21,43
2025-08-11,SKU048,Kit Higiene,Pet,Marketplace,138.43,20,57.56,544,25,28,0,329.7,4.23,3.88,37
2025-08-18,SKU001,Fone Pulse,Áudio e vídeo,Site,345.54,30,198.51,223,12,13,0,264.89,4.67,3.28,20
2025-08-18,SKU001,Fone Pulse,Áudio e vídeo,Aplicativo,342.14,0,205.12,194,3,3,0,249.14,4.68,2.33,14
2025-08-18,SKU001,Fone Pulse,Áudio e vídeo,Marketplace,341.36,5,196.81,306,10,13,0,456.98,4.63,4.67,13
2025-08-18,SKU002,Caixa Wave,Áudio e vídeo,Site,268.83,15,155.69,351,21,21,1,234.48,4.85,3.86,21
2025-08-18,SKU002,Caixa Wave,Áudio e vídeo,Aplicativo,271.53,5,156.29,286,6,6,0,245.77,4.84,3.29,19
2025-08-18,SKU002,Caixa Wave,Áudio e vídeo,Marketplace,269.18,10,157.29,397,19,22,2,246.06,5.0,3.78,28
2025-08-18,SKU003,Webcam Focus,Áudio e vídeo,Site,397.38,0,234.04,219,7,9,0,282.95,3.64,2.65,11
2025-08-18,SKU003,Webcam Focus,Áudio e vídeo,Aplicativo,402.93,0,230.01,183,5,4,0,215.26,3.76,3.28,4
2025-08-18,SKU003,Webcam Focus,Áudio e vídeo,Marketplace,408.34,10,233.59,280,6,8,0,262.21,3.69,4.48,11
2025-08-18,SKU004,Microfone Voice,Áudio e vídeo,Site,330.17,15,187.21,131,6,8,0,252.33,4.86,3.72,8
2025-08-18,SKU004,Microfone Voice,Áudio e vídeo,Aplicativo,320.01,0,189.19,102,5,5,1,272.73,4.72,3.13,5
2025-08-18,SKU004,Microfone Voice,Áudio e vídeo,Marketplace,333.55,10,184.28,165,3,3,0,245.84,4.7,3.43,7
2025-08-18,SKU005,Soundbar One,Áudio e vídeo,Site,431.46,10,242.52,223,8,8,0,262.96,4.23,3.06,12
2025-08-18,SKU005,Soundbar One,Áudio e vídeo,Aplicativo,435.8,10,239.74,200,7,9,0,232.02,3.97,3.22,12
2025-08-18,SKU005,Soundbar One,Áudio e vídeo,Marketplace,412.47,15,243.04,260,9,9,1,253.25,4.24,4.89,11
2025-08-18,SKU006,Headset Play,Áudio e vídeo,Site,382.86,20,209.94,120,1,1,0,236.37,3.53,4.24,7
2025-08-18,SKU006,Headset Play,Áudio e vídeo,Aplicativo,374.43,25,210.58,111,2,2,0,267.67,3.58,3.61,5
2025-08-18,SKU006,Headset Play,Áudio e vídeo,Marketplace,370.59,0,209.91,157,3,3,0,265.33,3.53,3.79,5
2025-08-18,SKU007,Panela Chef,Casa e cozinha,Site,252.45,25,130.63,376,18,22,1,163.58,4.51,3.34,22
2025-08-18,SKU007,Panela Chef,Casa e cozinha,Aplicativo,263.51,10,131.47,324,16,19,1,150.95,4.5,2.52,31
2025-08-18,SKU007,Panela Chef,Casa e cozinha,Marketplace,256.23,20,134.49,514,30,31,2,488.82,4.65,4.18,31
2025-08-18,SKU008,Air Fryer Easy,Casa e cozinha,Site,313.26,5,158.92,190,10,12,1,388.51,4.88,3.17,14
2025-08-18,SKU008,Air Fryer Easy,Casa e cozinha,Aplicativo,304.29,0,160.99,156,5,5,0,356.15,4.65,3.11,14
2025-08-18,SKU008,Air Fryer Easy,Casa e cozinha,Marketplace,299.94,0,160.3,204,9,10,0,360.42,4.62,4.11,10
2025-08-18,SKU009,Jogo Mesa,Casa e cozinha,Site,198.86,5,103.25,228,8,9,0,348.28,4.12,3.42,11
2025-08-18,SKU009,Jogo Mesa,Casa e cozinha,Aplicativo,198.63,5,103.06,219,9,12,0,495.5,4.13,3.23,15
2025-08-18,SKU009,Jogo Mesa,Casa e cozinha,Marketplace,204.3,15,102.82,233,13,12,1,317.45,4.21,4.51,12
2025-08-18,SKU010,Luminária Aura,Casa e cozinha,Site,195.66,0,99.77,299,13,14,0,291.8,4.57,3.66,14
2025-08-18,SKU010,Luminária Aura,Casa e cozinha,Aplicativo,199.7,5,100.05,256,10,11,0,280.4,4.4,2.87,16
2025-08-18,SKU010,Luminária Aura,Casa e cozinha,Marketplace,194.83,20,99.94,352,15,16,0,318.25,4.61,4.44,26
2025-08-18,SKU011,Organizador Box,Casa e cozinha,Site,307.64,10,154.64,522,25,27,1,190.43,4.12,3.15,38
2025-08-18,SKU011,Organizador Box,Casa e cozinha,Aplicativo,317.87,0,157.16,442,23,22,3,215.45,3.76,2.47,22
2025-08-18,SKU011,Organizador Box,Casa e cozinha,Marketplace,302.51,0,158.98,674,13,15,0,336.64,3.96,3.91,24
2025-08-18,SKU012,Mixer Prático,Casa e cozinha,Site,237.46,0,122.66,186,7,8,0,370.81,3.66,3.02,11
2025-08-18,SKU012,Mixer Prático,Casa e cozinha,Aplicativo,233.62,20,123.16,147,11,12,1,302.59,3.86,3.26,12
2025-08-18,SKU012,Mixer Prático,Casa e cozinha,Marketplace,230.14,0,126.37,203,6,7,1,442.25,3.93,3.63,12
2025-08-18,SKU013,Tênis Run,Esporte,Site,195.02,15,96.81,213,9,10,0,345.51,3.96,3.56,13
2025-08-18,SKU013,Tênis Run,Esporte,Aplicativo,192.21,0,95.46,172,7,8,0,201.51,3.86,2.59,9
2025-08-18,SKU013,Tênis Run,Esporte,Marketplace,195.99,0,95.6,254,6,8,0,471.04,3.97,4.74,12
2025-08-18,SKU014,Mochila Trail,Esporte,Site,192.13,10,96.45,354,16,18,0,436.06,4.77,2.91,31
2025-08-18,SKU014,Mochila Trail,Esporte,Aplicativo,193.66,10,93.12,317,20,19,0,332.87,4.66,3.93,19
2025-08-18,SKU014,Mochila Trail,Esporte,Marketplace,189.35,0,94.01,327,10,12,1,231.67,4.52,4.12,13
2025-08-18,SKU015,Garrafa Move,Esporte,Site,180.64,15,87.44,146,7,8,1,470.96,4.62,2.74,9
2025-08-18,SKU015,Garrafa Move,Esporte,Aplicativo,179.56,10,85.98,93,7,8,0,304.57,4.82,2.34,9
2025-08-18,SKU015,Garrafa Move,Esporte,Marketplace,182.49,5,84.61,148,7,8,0,399.83,4.66,3.6,11
2025-08-18,SKU016,Tapete Zen,Esporte,Site,186.5,10,89.14,240,8,11,1,261.79,3.91,3.58,11
2025-08-18,SKU016,Tapete Zen,Esporte,Aplicativo,179.45,5,94.88,229,5,6,1,288.05,3.79,2.89,13
2025-08-18,SKU016,Tapete Zen,Esporte,Marketplace,178.31,5,91.67,283,9,10,0,343.99,4.1,3.7,12
2025-08-18,SKU017,Kit Funcional,Esporte,Site,152.26,30,76.3,365,21,24,2,421.03,4.0,2.63,36
2025-08-18,SKU017,Kit Funcional,Esporte,Aplicativo,156.16,30,78.25,314,16,19,2,284.59,3.68,3.89,19
2025-08-18,SKU017,Kit Funcional,Esporte,Marketplace,161.79,15,78.64,410,7,9,0,524.61,3.91,4.68,23
2025-08-18,SKU018,Relógio Fit,Esporte,Site,228.21,5,112.68,258,12,14,0,357.9,4.56,2.63,16
2025-08-18,SKU018,Relógio Fit,Esporte,Aplicativo,226.0,0,114.54,185,3,3,0,297.66,4.38,3.43,13
2025-08-18,SKU018,Relógio Fit,Esporte,Marketplace,230.83,5,107.5,279,9,12,1,358.78,4.65,4.56,14
2025-08-18,SKU019,Camiseta Urban,Moda,Site,178.07,5,79.05,149,5,7,1,208.2,4.18,2.91,7
2025-08-18,SKU019,Camiseta Urban,Moda,Aplicativo,181.28,5,75.17,121,4,4,1,273.64,4.28,2.86,10
2025-08-18,SKU019,Camiseta Urban,Moda,Marketplace,178.52,20,78.33,172,9,10,0,345.98,4.11,3.65,15
2025-08-18,SKU020,Calça Flex,Moda,Site,124.61,5,53.65,277,10,12,0,438.08,3.81,2.12,16
2025-08-18,SKU020,Calça Flex,Moda,Aplicativo,123.45,10,54.88,194,15,18,2,244.8,3.79,3.28,18
2025-08-18,SKU020,Calça Flex,Moda,Marketplace,129.34,15,54.78,281,6,7,0,444.06,3.79,3.66,19
2025-08-18,SKU021,Tênis Street,Moda,Site,159.46,0,67.18,204,9,11,2,249.16,4.22,3.59,12
2025-08-18,SKU021,Tênis Street,Moda,Aplicativo,156.05,15,65.98,153,9,11,2,207.31,4.3,3.43,11
2025-08-18,SKU021,Tênis Street,Moda,Marketplace,156.07,20,66.1,210,12,13,1,220.48,4.47,4.12,20
2025-08-18,SKU022,Jaqueta City,Moda,Site,167.27,0,70.95,291,12,12,0,352.69,4.31,3.3,18
2025-08-18,SKU022,Jaqueta City,Moda,Aplicativo,173.21,0,72.5,210,5,5,0,279.74,4.21,3.37,14
2025-08-18,SKU022,Jaqueta City,Moda,Marketplace,162.54,10,72.87,297,12,14,2,445.32,4.23,3.69,14
2025-08-18,SKU023,Bolsa Mini,Moda,Site,143.85,5,60.58,454,13,13,2,323.79,3.61,2.74,24
2025-08-18,SKU023,Bolsa Mini,Moda,Aplicativo,138.58,0,60.88,365,16,17,0,208.15,3.6,2.03,29
2025-08-18,SKU023,Bolsa Mini,Moda,Marketplace,137.84,5,60.97,555,18,21,0,330.2,3.62,4.06,23
2025-08-18,SKU024,Moletom Soft,Moda,Site,135.71,10,55.81,235,10,10,2,239.36,4.02,3.66,16
2025-08-18,SKU024,Moletom Soft,Moda,Aplicativo,132.39,25,57.7,183,10,11,1,251.49,4.08,2.96,22
2025-08-18,SKU024,Moletom Soft,Moda,Marketplace,130.24,10,56.73,269,8,9,1,210.09,4.0,4.52,15
2025-08-18,SKU025,Kit Skin,Beleza,Site,101.54,10,40.83,152,3,3,0,505.06,3.56,3.5,10
2025-08-18,SKU025,Kit Skin,Beleza,Aplicativo,104.73,15,41.1,125,3,3,0,215.67,3.56,4.13,7
2025-08-18,SKU025,Kit Skin,Beleza,Marketplace,98.4,15,39.47,188,5,6,1,373.28,3.62,4.37,12
2025-08-18,SKU026,Perfume Bloom,Beleza,Site,99.16,15,42.66,339,14,15,1,199.49,4.32,3.42,36
2025-08-18,SKU026,Perfume Bloom,Beleza,Aplicativo,107.3,0,40.45,289,16,20,2,255.33,4.62,3.82,25
2025-08-18,SKU026,Perfume Bloom,Beleza,Marketplace,108.43,15,41.77,432,16,19,3,385.08,4.44,4.14,33
2025-08-18,SKU027,Secador Air,Beleza,Site,141.08,10,54.86,240,13,14,1,416.51,4.25,2.67,20
2025-08-18,SKU027,Secador Air,Beleza,Aplicativo,138.46,10,54.39,201,4,6,0,347.46,4.39,2.49,23
2025-08-18,SKU027,Secador Air,Beleza,Marketplace,137.13,0,53.72,245,6,7,0,324.47,4.31,3.3,15
2025-08-18,SKU028,Protetor Daily,Beleza,Site,142.98,30,55.76,222,18,16,1,231.37,3.52,3.11,16
2025-08-18,SKU028,Protetor Daily,Beleza,Aplicativo,138.6,5,53.13,239,8,8,1,413.74,3.8,3.58,21
2025-08-18,SKU028,Protetor Daily,Beleza,Marketplace,141.13,0,55.87,260,6,6,0,347.34,3.7,3.68,16
2025-08-18,SKU029,Escova Glow,Beleza,Site,90.44,20,36.02,216,15,16,0,241.64,4.45,3.95,20
2025-08-18,SKU029,Escova Glow,Beleza,Aplicativo,93.1,15,35.98,208,19,21,2,216.72,4.42,1.85,21
2025-08-18,SKU029,Escova Glow,Beleza,Marketplace,90.79,15,36.11,305,7,7,0,579.89,4.39,5.58,10
2025-08-18,SKU030,Sérum Vita,Beleza,Site,98.54,10,38.43,329,11,12,0,286.14,4.18,3.89,19
2025-08-18,SKU030,Sérum Vita,Beleza,Aplicativo,100.07,15,38.13,296,13,14,0,278.75,4.3,3.65,26
2025-08-18,SKU030,Sérum Vita,Beleza,Marketplace,96.71,25,38.53,413,18,21,0,365.17,4.24,3.98,39
2025-08-18,SKU031,Teclado Type,Informática,Site,599.1,10,392.58,213,13,7,0,341.33,4.18,3.13,7
2025-08-18,SKU031,Teclado Type,Informática,Aplicativo,623.35,20,395.73,202,7,7,1,441.4,4.14,3.14,11
2025-08-18,SKU031,Teclado Type,Informática,Marketplace,620.07,10,388.18,270,4,5,0,399.47,4.14,4.93,7
2025-08-18,SKU032,Mouse Click,Informática,Site,490.28,5,320.08,178,6,6,0,205.24,4.33,2.93,9
2025-08-18,SKU032,Mouse Click,Informática,Aplicativo,490.98,10,322.84,182,7,7,0,460.15,4.3,2.65,10
2025-08-18,SKU032,Mouse Click,Informática,Marketplace,492.11,20,327.59,189,8,8,0,225.44,4.4,3.54,12
2025-08-18,SKU033,Monitor View,Informática,Site,439.35,30,285.98,91,2,2,1,481.1,3.62,2.89,7
2025-08-18,SKU033,Monitor View,Informática,Aplicativo,417.21,0,273.72,49,2,3,0,156.19,3.68,2.51,3
2025-08-18,SKU033,Monitor View,Informática,Marketplace,424.1,10,281.19,88,2,2,0,367.84,3.68,4.41,3
2025-08-18,SKU034,SSD Fast,Informática,Site,690.7,15,435.04,117,5,5,1,365.54,4.59,3.58,5
2025-08-18,SKU034,SSD Fast,Informática,Aplicativo,643.86,20,440.76,76,7,8,1,136.31,4.48,2.89,8
2025-08-18,SKU034,SSD Fast,Informática,Marketplace,669.41,25,445.82,134,8,7,0,372.99,4.38,4.86,7
2025-08-18,SKU035,Hub Connect,Informática,Site,683.11,20,456.74,155,7,8,0,288.94,4.53,3.73,8
2025-08-18,SKU035,Hub Connect,Informática,Aplicativo,663.35,5,470.86,131,6,8,0,164.88,4.73,1.81,10
2025-08-18,SKU035,Hub Connect,Informática,Marketplace,688.09,5,465.43,199,4,6,0,483.28,4.64,4.07,9
2025-08-18,SKU036,Notebook Go,Informática,Site,529.5,5,349.01,305,5,6,0,369.25,3.88,3.85,15
2025-08-18,SKU036,Notebook Go,Informática,Aplicativo,521.81,20,346.44,232,7,9,1,259.25,3.93,2.84,18
2025-08-18,SKU036,Notebook Go,Informática,Marketplace,526.22,10,363.68,303,7,8,1,319.24,3.96,3.74,11
2025-08-18,SKU037,Bloco Criar,Infantil,Site,158.94,15,76.04,111,4,4,0,332.01,4.1,3.71,5
2025-08-18,SKU037,Bloco Criar,Infantil,Aplicativo,160.04,20,74.42,92,8,8,0,305.7,4.2,3.32,10
2025-08-18,SKU037,Bloco Criar,Infantil,Marketplace,158.19,5,74.97,137,2,2,0,328.22,4.08,4.57,6
2025-08-18,SKU038,Livro Descobrir,Infantil,Site,120.01,10,54.08,80,2,2,1,288.63,4.22,2.46,5
2025-08-18,SKU038,Livro Descobrir,Infantil,Aplicativo,114.28,10,56.18,62,2,2,0,264.71,4.22,2.43,6
2025-08-18,SKU038,Livro Descobrir,Infantil,Marketplace,116.79,0,57.78,78,2,3,0,228.04,4.25,4.12,4
2025-08-18,SKU039,Jogo Família,Infantil,Site,160.54,10,74.8,148,6,8,0,237.21,4.33,3.16,12
2025-08-18,SKU039,Jogo Família,Infantil,Aplicativo,160.64,0,74.78,100,6,6,0,206.9,4.4,3.66,8
2025-08-18,SKU039,Jogo Família,Infantil,Marketplace,156.17,20,73.77,176,8,11,0,508.11,4.54,5.12,13
2025-08-18,SKU040,Mochila Kids,Infantil,Site,125.72,0,60.44,168,8,10,0,492.44,4.38,3.67,12
2025-08-18,SKU040,Mochila Kids,Infantil,Aplicativo,128.4,0,58.11,118,8,9,0,349.17,4.53,3.34,9
2025-08-18,SKU040,Mochila Kids,Infantil,Marketplace,128.32,10,59.27,195,6,7,0,305.4,4.25,3.41,15
2025-08-18,SKU041,Pelúcia Nuvem,Infantil,Site,141.97,15,68.2,389,13,15,0,283.81,3.62,3.53,25
2025-08-18,SKU041,Pelúcia Nuvem,Infantil,Aplicativo,138.74,15,68.03,383,17,17,1,254.53,3.8,3.6,22
2025-08-18,SKU041,Pelúcia Nuvem,Infantil,Marketplace,143.75,0,67.96,572,13,17,0,429.56,3.73,4.75,19
2025-08-18,SKU042,Patinete Joy,Infantil,Site,103.85,15,46.36,230,14,16,1,286.06,4.2,2.13,21
2025-08-18,SKU042,Patinete Joy,Infantil,Aplicativo,103.58,25,44.95,207,15,15,0,272.82,4.39,3.06,23
2025-08-18,SKU042,Patinete Joy,Infantil,Marketplace,94.67,5,46.15,270,9,10,0,314.19,4.03,5.17,14
2025-08-18,SKU043,Cama Cozy,Pet,Site,90.97,0,39.3,353,7,8,0,244.16,3.7,2.49,11
2025-08-18,SKU043,Cama Cozy,Pet,Aplicativo,90.22,5,38.84,299,13,14,0,226.72,3.68,3.11,24
2025-08-18,SKU043,Cama Cozy,Pet,Marketplace,84.76,15,39.25,385,12,13,0,273.62,3.63,4.92,17
2025-08-18,SKU044,Fonte Fresh,Pet,Site,93.04,25,40.12,138,12,12,0,195.39,4.72,3.58,16
2025-08-18,SKU044,Fonte Fresh,Pet,Aplicativo,88.99,20,41.1,134,8,8,0,203.64,4.85,3.23,19
2025-08-18,SKU044,Fonte Fresh,Pet,Marketplace,89.31,0,38.83,136,3,4,0,419.77,5.0,3.11,11
2025-08-18,SKU045,Brinquedo Fun,Pet,Site,100.57,20,43.36,191,6,6,0,325.2,4.43,4.09,13
2025-08-18,SKU045,Brinquedo Fun,Pet,Aplicativo,98.66,0,44.65,152,6,6,0,295.94,4.05,2.18,12
2025-08-18,SKU045,Brinquedo Fun,Pet,Marketplace,99.95,5,45.26,200,13,12,0,287.78,4.44,3.31,12
2025-08-18,SKU046,Coleira Safe,Pet,Site,133.93,5,63.01,221,4,5,0,254.46,4.1,3.35,13
2025-08-18,SKU046,Coleira Safe,Pet,Aplicativo,139.5,0,60.42,184,9,9,0,287.31,4.27,3.18,11
2025-08-18,SKU046,Coleira Safe,Pet,Marketplace,134.21,0,60.71,240,3,3,0,424.27,4.25,3.51,14
2025-08-18,SKU047,Comedouro Smart,Pet,Site,85.31,0,37.93,264,9,10,0,200.06,4.34,2.85,19
2025-08-18,SKU047,Comedouro Smart,Pet,Aplicativo,87.43,10,38.98,224,7,9,0,312.71,3.97,2.55,17
2025-08-18,SKU047,Comedouro Smart,Pet,Marketplace,83.6,10,37.07,315,14,16,0,281.9,4.38,3.59,26
2025-08-18,SKU048,Kit Higiene,Pet,Site,135.1,0,58.02,479,24,24,0,272.75,4.43,2.73,41
2025-08-18,SKU048,Kit Higiene,Pet,Aplicativo,139.08,15,59.92,426,29,34,1,217.46,4.26,3.32,43
2025-08-18,SKU048,Kit Higiene,Pet,Marketplace,133.95,0,59.53,639,23,25,2,395.97,4.2,4.57,28
2025-08-25,SKU001,Fone Pulse,Áudio e vídeo,Site,351.39,5,197.34,256,11,11,2,317.5,4.5,3.19,13
2025-08-25,SKU001,Fone Pulse,Áudio e vídeo,Aplicativo,334.79,15,196.41,172,7,10,2,195.87,4.78,2.54,15
2025-08-25,SKU001,Fone Pulse,Áudio e vídeo,Marketplace,346.01,0,197.81,273,11,11,0,221.84,4.68,3.4,11
2025-08-25,SKU002,Caixa Wave,Áudio e vídeo,Site,271.93,10,157.08,392,17,18,0,546.58,4.84,2.76,32
2025-08-25,SKU002,Caixa Wave,Áudio e vídeo,Aplicativo,275.4,25,155.09,296,12,14,0,195.07,4.86,3.63,33
2025-08-25,SKU002,Caixa Wave,Áudio e vídeo,Marketplace,287.1,15,162.18,365,6,7,0,287.31,4.68,4.69,15
2025-08-25,SKU003,Webcam Focus,Áudio e vídeo,Site,406.73,5,234.86,228,7,8,1,288.46,3.63,2.96,10
2025-08-25,SKU003,Webcam Focus,Áudio e vídeo,Aplicativo,418.49,15,233.03,191,8,9,1,240.77,3.86,2.5,14
2025-08-25,SKU003,Webcam Focus,Áudio e vídeo,Marketplace,399.61,0,238.11,268,4,4,0,308.59,3.55,4.24,10
2025-08-25,SKU004,Microfone Voice,Áudio e vídeo,Site,328.23,5,187.08,137,5,6,1,284.54,4.8,3.24,6
2025-08-25,SKU004,Microfone Voice,Áudio e vídeo,Aplicativo,346.63,5,190.95,113,7,6,0,261.79,4.81,2.46,6
2025-08-25,SKU004,Microfone Voice,Áudio e vídeo,Marketplace,340.33,10,190.41,170,4,5,0,324.55,4.8,3.25,9
2025-08-25,SKU005,Soundbar One,Áudio e vídeo,Site,419.4,0,246.15,244,7,7,0,386.71,4.2,2.5,14
2025-08-25,SKU005,Soundbar One,Áudio e vídeo,Aplicativo,418.71,10,232.5,188,3,3,0,315.93,4.12,2.4,10
2025-08-25,SKU005,Soundbar One,Áudio e vídeo,Marketplace,425.0,5,241.68,258,4,4,0,386.94,4.15,3.37,8
2025-08-25,SKU006,Headset Play,Áudio e vídeo,Site,357.54,5,209.56,138,2,2,0,349.49,3.58,2.69,8
2025-08-25,SKU006,Headset Play,Áudio e vídeo,Aplicativo,369.6,0,207.54,139,3,4,0,320.08,3.58,2.31,6
2025-08-25,SKU006,Headset Play,Áudio e vídeo,Marketplace,374.06,10,209.27,212,5,5,0,659.51,3.61,3.53,9
2025-08-25,SKU007,Panela Chef,Casa e cozinha,Site,255.14,15,139.61,419,28,30,2,336.47,4.54,2.0,30
2025-08-25,SKU007,Panela Chef,Casa e cozinha,Aplicativo,248.84,0,135.67,335,17,19,1,202.5,4.7,3.39,25
2025-08-25,SKU007,Panela Chef,Casa e cozinha,Marketplace,262.87,15,138.83,539,18,20,0,405.44,4.64,4.19,40
2025-08-25,SKU008,Air Fryer Easy,Casa e cozinha,Site,282.37,5,158.1,195,21,14,0,305.25,4.91,2.93,14
2025-08-25,SKU008,Air Fryer Easy,Casa e cozinha,Aplicativo,314.87,10,163.27,159,9,9,1,195.77,4.77,2.9,13
2025-08-25,SKU008,Air Fryer Easy,Casa e cozinha,Marketplace,315.3,5,156.37,225,3,3,0,181.66,4.71,4.57,10
2025-08-25,SKU009,Jogo Mesa,Casa e cozinha,Site,201.31,5,103.83,226,13,13,1,331.64,4.24,1.96,18
2025-08-25,SKU009,Jogo Mesa,Casa e cozinha,Aplicativo,198.93,20,105.27,192,16,16,0,385.51,4.34,2.66,18
2025-08-25,SKU009,Jogo Mesa,Casa e cozinha,Marketplace,198.11,10,104.85,247,7,7,0,329.09,4.04,4.06,16
2025-08-25,SKU010,Luminária Aura,Casa e cozinha,Site,200.04,0,100.68,310,8,9,0,300.76,4.59,3.7,18
2025-08-25,SKU010,Luminária Aura,Casa e cozinha,Aplicativo,190.93,10,99.07,267,8,9,1,233.26,4.46,2.85,24
2025-08-25,SKU010,Luminária Aura,Casa e cozinha,Marketplace,201.87,10,101.81,368,16,18,1,272.04,4.37,4.47,19
2025-08-25,SKU011,Organizador Box,Casa e cozinha,Site,310.94,10,158.86,520,19,22,0,269.9,4.02,2.33,29
2025-08-25,SKU011,Organizador Box,Casa e cozinha,Aplicativo,311.23,10,157.77,468,30,33,1,292.29,4.06,2.82,42
2025-08-25,SKU011,Organizador Box,Casa e cozinha,Marketplace,306.24,10,161.02,764,20,25,4,430.81,3.93,5.09,31
2025-08-25,SKU012,Mixer Prático,Casa e cozinha,Site,238.79,5,122.31,154,6,7,0,203.73,3.7,3.36,8
2025-08-25,SKU012,Mixer Prático,Casa e cozinha,Aplicativo,237.93,0,122.57,134,5,5,0,221.26,3.79,4.5,7
2025-08-25,SKU012,Mixer Prático,Casa e cozinha,Marketplace,244.34,10,124.21,216,6,9,2,352.73,3.87,4.18,9
2025-08-25,SKU013,Tênis Run,Esporte,Site,200.22,20,97.56,238,11,12,0,353.88,3.72,2.45,19
2025-08-25,SKU013,Tênis Run,Esporte,Aplicativo,205.21,0,96.87,167,3,3,0,241.4,4.08,4.13,9
2025-08-25,SKU013,Tênis Run,Esporte,Marketplace,199.8,15,96.45,246,7,7,1,436.75,3.78,3.17,14
2025-08-25,SKU014,Mochila Trail,Esporte,Site,190.44,0,97.68,316,15,17,2,331.35,4.62,3.59,17
2025-08-25,SKU014,Mochila Trail,Esporte,Aplicativo,190.4,15,93.73,232,12,15,1,247.01,4.59,2.28,19
2025-08-25,SKU014,Mochila Trail,Esporte,Marketplace,198.62,10,96.17,379,14,16,0,377.36,4.54,4.0,21
2025-08-25,SKU015,Garrafa Move,Esporte,Site,179.5,20,87.46,117,6,8,0,261.78,4.82,2.79,9
2025-08-25,SKU015,Garrafa Move,Esporte,Aplicativo,181.79,20,87.91,98,5,6,1,296.76,4.63,2.92,9
2025-08-25,SKU015,Garrafa Move,Esporte,Marketplace,171.87,0,87.19,140,4,4,1,276.42,4.43,4.74,8
2025-08-25,SKU016,Tapete Zen,Esporte,Site,190.98,10,93.84,255,9,12,0,403.66,4.05,3.06,14
2025-08-25,SKU016,Tapete Zen,Esporte,Aplicativo,179.09,20,91.13,213,10,11,0,178.67,4.07,2.65,24
2025-08-25,SKU016,Tapete Zen,Esporte,Marketplace,192.24,5,90.98,297,8,7,1,414.68,3.96,4.11,7
2025-08-25,SKU017,Kit Funcional,Esporte,Site,158.22,5,78.68,359,10,11,2,340.4,3.75,2.42,20
2025-08-25,SKU017,Kit Funcional,Esporte,Aplicativo,160.05,5,78.7,332,19,20,1,400.04,3.81,3.07,21
2025-08-25,SKU017,Kit Funcional,Esporte,Marketplace,162.63,0,78.63,462,20,22,1,391.63,3.86,3.48,22
2025-08-25,SKU018,Relógio Fit,Esporte,Site,235.38,5,113.48,219,11,14,0,226.1,4.45,2.86,17
2025-08-25,SKU018,Relógio Fit,Esporte,Aplicativo,237.81,15,113.03,207,6,8,1,259.52,4.43,1.84,23
2025-08-25,SKU018,Relógio Fit,Esporte,Marketplace,243.18,20,115.36,279,8,11,2,341.24,4.52,3.82,19
2025-08-25,SKU019,Camiseta Urban,Moda,Site,184.62,25,80.47,132,6,6,0,216.94,4.32,4.31,12
2025-08-25,SKU019,Camiseta Urban,Moda,Aplicativo,181.4,25,78.89,117,8,8,1,165.15,3.98,3.6,11
2025-08-25,SKU019,Camiseta Urban,Moda,Marketplace,183.8,5,79.88,176,7,8,1,344.95,4.07,3.73,11
2025-08-25,SKU020,Calça Flex,Moda,Site,125.56,20,54.7,247,7,8,1,463.54,3.56,3.05,19
2025-08-25,SKU020,Calça Flex,Moda,Aplicativo,127.79,0,54.33,195,9,10,0,197.26,3.75,2.57,15
2025-08-25,SKU020,Calça Flex,Moda,Marketplace,121.42,5,55.84,252,11,12,1,351.41,3.69,3.73,15
2025-08-25,SKU021,Tênis Street,Moda,Site,160.64,5,66.49,190,9,10,0,376.94,4.27,2.91,11
2025-08-25,SKU021,Tênis Street,Moda,Aplicativo,149.5,0,68.5,151,9,11,3,292.03,4.39,2.63,16
2025-08-25,SKU021,Tênis Street,Moda,Marketplace,159.39,5,66.19,251,9,10,1,238.99,4.22,3.84,14
2025-08-25,SKU022,Jaqueta City,Moda,Site,171.24,0,72.15,271,9,11,2,278.96,4.34,2.73,17
2025-08-25,SKU022,Jaqueta City,Moda,Aplicativo,170.02,10,71.76,218,11,12,1,234.22,4.17,3.1,23
2025-08-25,SKU022,Jaqueta City,Moda,Marketplace,159.31,10,73.31,286,10,11,0,224.92,4.27,4.45,24
2025-08-25,SKU023,Bolsa Mini,Moda,Site,133.35,20,60.22,464,19,23,3,173.85,3.63,3.53,48
2025-08-25,SKU023,Bolsa Mini,Moda,Aplicativo,142.26,0,61.43,393,17,20,2,272.19,3.69,2.99,22
2025-08-25,SKU023,Bolsa Mini,Moda,Marketplace,137.3,15,59.11,543,22,25,3,319.57,3.61,3.32,39
2025-08-25,SKU024,Moletom Soft,Moda,Site,135.31,10,56.56,226,10,12,1,298.77,3.96,3.87,14
2025-08-25,SKU024,Moletom Soft,Moda,Aplicativo,133.39,0,56.28,195,4,4,0,222.27,4.03,2.95,12
2025-08-25,SKU024,Moletom Soft,Moda,Marketplace,136.62,15,56.61,318,17,16,0,555.26,4.06,3.7,16
2025-08-25,SKU025,Kit Skin,Beleza,Site,102.5,5,40.23,128,4,4,0,358.76,3.55,3.03,4
2025-08-25,SKU025,Kit Skin,Beleza,Aplicativo,102.58,5,39.64,112,8,8,1,271.18,3.63,2.68,8
2025-08-25,SKU025,Kit Skin,Beleza,Marketplace,102.81,5,38.94,175,3,4,0,296.14,3.51,4.57,8
2025-08-25,SKU026,Perfume Bloom,Beleza,Site,105.9,10,43.6,424,26,34,2,385.42,4.61,2.31,41
2025-08-25,SKU026,Perfume Bloom,Beleza,Aplicativo,108.19,15,42.82,301,26,29,1,160.57,4.48,2.43,42
2025-08-25,SKU026,Perfume Bloom,Beleza,Marketplace,110.68,10,42.77,421,23,25,1,327.68,4.52,3.69,27
2025-08-25,SKU027,Secador Air,Beleza,Site,144.78,15,52.62,244,16,19,1,266.23,4.58,3.07,25
2025-08-25,SKU027,Secador Air,Beleza,Aplicativo,138.7,10,54.21,199,14,14,1,234.0,4.39,3.01,21
2025-08-25,SKU027,Secador Air,Beleza,Marketplace,139.5,10,53.73,282,9,13,0,337.85,4.59,3.74,19
2025-08-25,SKU028,Protetor Daily,Beleza,Site,144.41,10,55.41,285,10,10,1,452.03,3.55,3.81,14
2025-08-25,SKU028,Protetor Daily,Beleza,Aplicativo,138.66,10,55.97,216,5,6,0,319.85,3.73,3.01,15
2025-08-25,SKU028,Protetor Daily,Beleza,Marketplace,137.27,10,52.25,338,13,14,0,552.73,3.66,5.24,19
2025-08-25,SKU029,Escova Glow,Beleza,Site,91.93,5,35.83,257,16,20,0,357.62,4.48,2.73,27
2025-08-25,SKU029,Escova Glow,Beleza,Aplicativo,90.67,10,35.78,177,11,14,1,157.93,4.48,2.96,15
2025-08-25,SKU029,Escova Glow,Beleza,Marketplace,96.74,0,36.31,296,11,14,0,428.26,4.52,3.08,24
2025-08-25,SKU030,Sérum Vita,Beleza,Site,99.4,25,37.31,368,21,24,0,220.32,4.3,3.33,31
2025-08-25,SKU030,Sérum Vita,Beleza,Aplicativo,97.15,10,37.96,336,27,24,0,295.7,4.21,3.01,24
2025-08-25,SKU030,Sérum Vita,Beleza,Marketplace,93.88,15,38.08,463,24,27,2,553.22,4.31,3.71,45
2025-08-25,SKU031,Teclado Type,Informática,Site,639.62,5,406.89,247,3,3,0,218.59,4.07,3.49,7
2025-08-25,SKU031,Teclado Type,Informática,Aplicativo,624.88,0,403.96,220,4,5,1,308.22,3.96,2.84,10
2025-08-25,SKU031,Teclado Type,Informática,Marketplace,609.59,20,398.37,281,8,11,0,316.41,4.18,4.93,15
2025-08-25,SKU032,Mouse Click,Informática,Site,472.24,15,331.25,198,11,13,1,651.8,4.37,2.52,15
2025-08-25,SKU032,Mouse Click,Informática,Aplicativo,474.51,15,320.06,165,7,9,1,213.86,4.3,2.92,12
2025-08-25,SKU032,Mouse Click,Informática,Marketplace,479.09,10,309.79,241,8,9,0,544.69,4.49,4.58,10
2025-08-25,SKU033,Monitor View,Informática,Site,424.09,10,275.07,75,2,2,0,257.72,3.69,3.52,3
2025-08-25,SKU033,Monitor View,Informática,Aplicativo,412.2,5,279.26,54,2,2,0,149.93,3.6,3.47,2
2025-08-25,SKU033,Monitor View,Informática,Marketplace,399.66,10,272.11,97,0,0,0,272.61,3.49,3.69,5
2025-08-25,SKU034,SSD Fast,Informática,Site,670.41,0,446.47,136,4,6,0,324.94,4.45,3.31,6
2025-08-25,SKU034,SSD Fast,Informática,Aplicativo,674.76,15,441.54,99,2,2,0,298.05,4.42,4.53,5
2025-08-25,SKU034,SSD Fast,Informática,Marketplace,697.33,15,439.9,137,5,5,0,335.23,4.49,4.7,7
2025-08-25,SKU035,Hub Connect,Informática,Site,700.72,0,428.37,146,2,2,0,295.38,4.59,3.71,7
2025-08-25,SKU035,Hub Connect,Informática,Aplicativo,688.81,5,458.53,126,3,3,0,303.47,4.5,2.45,8
2025-08-25,SKU035,Hub Connect,Informática,Marketplace,668.48,20,456.08,215,9,10,0,568.44,4.56,3.78,12
2025-08-25,SKU036,Notebook Go,Informática,Site,522.02,25,352.82,283,12,12,1,245.27,3.98,2.35,22
2025-08-25,SKU036,Notebook Go,Informática,Aplicativo,520.84,15,344.19,205,6,7,1,129.25,3.87,2.13,15
2025-08-25,SKU036,Notebook Go,Informática,Marketplace,539.13,15,346.48,322,15,16,1,397.49,3.88,3.91,16
2025-08-25,SKU037,Bloco Criar,Infantil,Site,157.05,15,75.97,131,2,2,0,376.51,4.09,2.84,12
2025-08-25,SKU037,Bloco Criar,Infantil,Aplicativo,166.04,5,75.1,96,1,1,0,185.63,4.07,2.25,7
2025-08-25,SKU037,Bloco Criar,Infantil,Marketplace,156.46,5,76.29,130,6,6,0,351.05,4.02,3.18,9
2025-08-25,SKU038,Livro Descobrir,Infantil,Site,119.55,5,54.99,98,4,4,0,294.58,4.22,3.1,7
2025-08-25,SKU038,Livro Descobrir,Infantil,Aplicativo,114.73,5,54.12,71,4,4,0,344.26,4.19,2.84,8
2025-08-25,SKU038,Livro Descobrir,Infantil,Marketplace,117.3,15,55.72,79,0,0,0,329.52,4.16,4.64,4
2025-08-25,SKU039,Jogo Família,Infantil,Site,155.18,30,74.52,137,12,15,0,240.15,4.81,2.28,20
2025-08-25,SKU039,Jogo Família,Infantil,Aplicativo,157.43,0,73.04,113,8,9,0,186.55,4.4,3.18,9
2025-08-25,SKU039,Jogo Família,Infantil,Marketplace,158.28,15,73.82,190,6,6,0,450.76,4.66,4.03,7
2025-08-25,SKU040,Mochila Kids,Infantil,Site,131.41,10,60.34,139,6,6,1,180.69,4.51,3.03,10
2025-08-25,SKU040,Mochila Kids,Infantil,Aplicativo,122.99,10,59.23,137,8,11,2,271.79,4.34,2.94,16
2025-08-25,SKU040,Mochila Kids,Infantil,Marketplace,127.84,0,57.2,181,6,8,0,216.17,4.37,3.36,12
2025-08-25,SKU041,Pelúcia Nuvem,Infantil,Site,137.37,20,65.94,458,18,19,1,218.87,3.79,2.83,27
2025-08-25,SKU041,Pelúcia Nuvem,Infantil,Aplicativo,141.57,10,68.39,405,14,16,0,255.32,3.58,2.18,27
2025-08-25,SKU041,Pelúcia Nuvem,Infantil,Marketplace,136.77,10,66.26,593,13,13,0,544.56,3.72,3.9,21
2025-08-25,SKU042,Patinete Joy,Infantil,Site,97.61,10,45.66,214,9,9,0,256.99,4.48,2.98,15
2025-08-25,SKU042,Patinete Joy,Infantil,Aplicativo,96.03,10,45.64,171,11,12,1,206.18,4.14,2.94,12
2025-08-25,SKU042,Patinete Joy,Infantil,Marketplace,95.37,10,45.3,283,11,13,0,447.54,4.28,3.43,17
2025-08-25,SKU043,Cama Cozy,Pet,Site,86.84,10,39.98,360,13,14,1,369.64,3.74,3.72,20
2025-08-25,SKU043,Cama Cozy,Pet,Aplicativo,87.79,0,39.95,333,17,20,0,329.96,3.76,2.99,20
2025-08-25,SKU043,Cama Cozy,Pet,Marketplace,87.52,30,38.06,424,29,25,0,260.76,3.56,3.29,25
2025-08-25,SKU044,Fonte Fresh,Pet,Site,92.99,0,39.4,131,4,5,0,270.84,4.82,2.74,12
2025-08-25,SKU044,Fonte Fresh,Pet,Aplicativo,88.14,5,38.14,104,3,4,0,237.23,4.77,3.58,10
2025-08-25,SKU044,Fonte Fresh,Pet,Marketplace,89.88,20,40.71,139,10,10,0,284.98,4.99,3.88,12
2025-08-25,SKU045,Brinquedo Fun,Pet,Site,104.74,5,44.67,171,4,4,2,228.58,4.39,2.77,10
2025-08-25,SKU045,Brinquedo Fun,Pet,Aplicativo,105.32,30,43.64,154,12,13,0,212.41,4.45,2.93,16
2025-08-25,SKU045,Brinquedo Fun,Pet,Marketplace,101.24,20,45.16,231,8,10,0,295.84,4.3,3.19,20
2025-08-25,SKU046,Coleira Safe,Pet,Site,135.75,0,59.94,176,8,8,0,224.23,4.43,2.69,13
2025-08-25,SKU046,Coleira Safe,Pet,Aplicativo,140.49,15,61.71,151,4,4,0,182.73,4.34,3.14,9
2025-08-25,SKU046,Coleira Safe,Pet,Marketplace,140.14,10,58.58,235,5,6,1,264.81,4.09,3.62,15
2025-08-25,SKU047,Comedouro Smart,Pet,Site,85.52,10,37.6,298,18,21,1,433.87,4.21,2.65,29
2025-08-25,SKU047,Comedouro Smart,Pet,Aplicativo,84.43,10,37.09,206,7,8,0,187.65,4.29,2.84,19
2025-08-25,SKU047,Comedouro Smart,Pet,Marketplace,86.98,15,37.68,367,17,12,0,364.59,3.96,4.04,12
2025-08-25,SKU048,Kit Higiene,Pet,Site,136.55,25,60.68,485,28,32,1,274.73,4.28,2.54,56
2025-08-25,SKU048,Kit Higiene,Pet,Aplicativo,138.6,20,61.14,398,24,26,2,155.91,4.44,2.45,36
2025-08-25,SKU048,Kit Higiene,Pet,Marketplace,136.63,25,59.95,624,23,26,0,412.17,4.44,3.51,57
2025-09-01,SKU001,Fone Pulse,Áudio e vídeo,Site,330.5,10,200.0,266,15,16,1,377.58,4.57,2.58,19
2025-09-01,SKU001,Fone Pulse,Áudio e vídeo,Aplicativo,358.94,10,200.79,207,7,8,0,321.66,4.72,3.58,12
2025-09-01,SKU001,Fone Pulse,Áudio e vídeo,Marketplace,340.35,5,189.56,299,18,19,1,321.95,4.75,3.27,19
2025-09-01,SKU002,Caixa Wave,Áudio e vídeo,Site,298.26,10,156.82,346,16,16,1,330.07,4.83,3.1,16
2025-09-01,SKU002,Caixa Wave,Áudio e vídeo,Aplicativo,276.44,15,160.06,306,16,21,1,226.44,4.74,2.83,29
2025-09-01,SKU002,Caixa Wave,Áudio e vídeo,Marketplace,280.87,0,156.63,429,8,11,1,323.7,4.78,3.56,21
2025-09-01,SKU003,Webcam Focus,Áudio e vídeo,Site,429.82,25,235.33,236,9,10,0,312.43,3.87,3.1,17
2025-09-01,SKU003,Webcam Focus,Áudio e vídeo,Aplicativo,419.4,5,226.27,190,8,9,0,264.21,3.87,2.51,11
2025-09-01,SKU003,Webcam Focus,Áudio e vídeo,Marketplace,426.33,0,245.33,223,4,5,0,278.13,3.6,3.97,8
2025-09-01,SKU004,Microfone Voice,Áudio e vídeo,Site,327.44,15,188.29,142,10,7,1,271.88,4.63,3.58,7
2025-09-01,SKU004,Microfone Voice,Áudio e vídeo,Aplicativo,319.8,10,189.71,106,6,7,1,193.36,4.85,3.24,9
2025-09-01,SKU004,Microfone Voice,Áudio e vídeo,Marketplace,338.0,0,192.25,164,3,4,1,291.7,4.75,3.3,8
2025-09-01,SKU005,Soundbar One,Áudio e vídeo,Site,404.74,0,241.28,244,5,5,0,295.35,4.24,3.1,8
2025-09-01,SKU005,Soundbar One,Áudio e vídeo,Aplicativo,407.06,10,242.27,196,11,13,2,269.26,4.13,2.92,15
2025-09-01,SKU005,Soundbar One,Áudio e vídeo,Marketplace,410.26,15,243.19,285,17,7,0,542.08,3.97,4.7,7
2025-09-01,SKU006,Headset Play,Áudio e vídeo,Site,368.4,0,207.65,148,2,2,0,244.36,3.36,3.22,5
2025-09-01,SKU006,Headset Play,Áudio e vídeo,Aplicativo,362.27,15,209.28,102,2,2,0,331.55,3.64,2.13,8
2025-09-01,SKU006,Headset Play,Áudio e vídeo,Marketplace,376.48,0,207.69,163,3,3,0,349.08,3.66,3.7,3
2025-09-01,SKU007,Panela Chef,Casa e cozinha,Site,255.86,20,136.55,393,19,22,1,330.08,4.68,2.36,38
2025-09-01,SKU007,Panela Chef,Casa e cozinha,Aplicativo,258.02,5,140.56,325,11,12,0,203.29,4.47,3.4,24
2025-09-01,SKU007,Panela Chef,Casa e cozinha,Marketplace,256.89,15,135.77,494,14,15,1,268.92,4.47,4.0,23
2025-09-01,SKU008,Air Fryer Easy,Casa e cozinha,Site,307.12,5,156.81,168,6,8,0,370.17,4.69,2.95,10
2025-09-01,SKU008,Air Fryer Easy,Casa e cozinha,Aplicativo,318.0,0,160.47,148,8,9,0,231.1,4.71,2.22,14
2025-09-01,SKU008,Air Fryer Easy,Casa e cozinha,Marketplace,295.32,25,156.17,203,9,10,1,360.99,4.74,5.52,16
2025-09-01,SKU009,Jogo Mesa,Casa e cozinha,Site,206.22,0,105.44,226,6,7,0,336.93,4.32,3.38,12
2025-09-01,SKU009,Jogo Mesa,Casa e cozinha,Aplicativo,194.97,5,99.83,158,5,5,0,152.66,4.36,3.5,12
2025-09-01,SKU009,Jogo Mesa,Casa e cozinha,Marketplace,204.08,10,105.02,237,7,8,0,238.64,4.1,3.58,17
2025-09-01,SKU010,Luminária Aura,Casa e cozinha,Site,187.9,15,101.2,320,10,10,0,363.72,4.27,4.01,26
2025-09-01,SKU010,Luminária Aura,Casa e cozinha,Aplicativo,197.86,5,101.15,243,8,9,0,218.68,4.46,3.43,20
2025-09-01,SKU010,Luminária Aura,Casa e cozinha,Marketplace,199.67,15,102.64,395,19,25,0,487.64,4.58,4.74,28
2025-09-01,SKU011,Organizador Box,Casa e cozinha,Site,291.95,20,158.51,584,24,25,1,287.49,4.0,3.63,34
2025-09-01,SKU011,Organizador Box,Casa e cozinha,Aplicativo,294.6,0,156.85,500,22,25,1,295.5,4.1,2.59,42
2025-09-01,SKU011,Organizador Box,Casa e cozinha,Marketplace,298.91,15,162.72,652,26,25,0,294.71,3.95,3.88,25
2025-09-01,SKU012,Mixer Prático,Casa e cozinha,Site,236.68,25,123.02,156,1,2,0,302.03,3.75,3.54,13
2025-09-01,SKU012,Mixer Prático,Casa e cozinha,Aplicativo,241.32,25,121.77,133,6,7,0,264.19,4.0,2.88,15
2025-09-01,SKU012,Mixer Prático,Casa e cozinha,Marketplace,233.72,10,123.34,204,13,9,0,294.24,3.88,4.64,9
2025-09-01,SKU013,Tênis Run,Esporte,Site,202.45,20,96.62,228,12,14,0,301.57,3.91,2.36,14
2025-09-01,SKU013,Tênis Run,Esporte,Aplicativo,197.08,15,96.57,179,10,11,1,221.56,4.13,3.02,17
2025-09-01,SKU013,Tênis Run,Esporte,Marketplace,198.52,20,98.76,284,12,12,0,499.84,3.68,3.8,12
2025-09-01,SKU014,Mochila Trail,Esporte,Site,189.73,25,95.65,302,15,20,2,197.56,4.4,3.5,29
2025-09-01,SKU014,Mochila Trail,Esporte,Aplicativo,199.43,0,92.64,284,10,12,1,429.57,4.79,3.23,19
2025-09-01,SKU014,Mochila Trail,Esporte,Marketplace,186.84,10,95.29,368,15,17,2,458.15,4.79,4.38,25
2025-09-01,SKU015,Garrafa Move,Esporte,Site,182.23,0,88.95,111,6,6,0,284.9,4.86,3.88,6
2025-09-01,SKU015,Garrafa Move,Esporte,Aplicativo,183.54,5,88.07,104,1,1,0,114.28,4.59,2.44,7
2025-09-01,SKU015,Garrafa Move,Esporte,Marketplace,186.31,0,88.06,139,6,7,1,329.53,4.64,4.42,7
2025-09-01,SKU016,Tapete Zen,Esporte,Site,184.4,20,90.8,275,9,10,2,332.08,3.89,3.56,15
2025-09-01,SKU016,Tapete Zen,Esporte,Aplicativo,179.95,15,88.82,201,14,15,1,222.68,3.96,2.52,15
2025-09-01,SKU016,Tapete Zen,Esporte,Marketplace,187.26,25,91.37,287,8,11,0,241.98,3.89,4.29,12
2025-09-01,SKU017,Kit Funcional,Esporte,Site,161.48,0,79.75,343,14,15,0,252.0,3.77,2.59,16
2025-09-01,SKU017,Kit Funcional,Esporte,Aplicativo,151.92,10,77.95,261,18,18,0,235.47,4.01,2.52,18
2025-09-01,SKU017,Kit Funcional,Esporte,Marketplace,161.71,25,78.73,400,20,20,1,274.04,3.75,4.02,20
2025-09-01,SKU018,Relógio Fit,Esporte,Site,220.66,5,114.59,221,7,7,1,317.58,4.47,2.94,9
2025-09-01,SKU018,Relógio Fit,Esporte,Aplicativo,232.52,25,117.14,191,16,20,1,248.15,4.48,2.05,21
2025-09-01,SKU018,Relógio Fit,Esporte,Marketplace,228.93,15,113.14,256,11,14,4,371.7,4.43,3.99,15
2025-09-01,SKU019,Camiseta Urban,Moda,Site,183.4,10,74.23,166,6,6,1,258.77,4.16,3.6,11
2025-09-01,SKU019,Camiseta Urban,Moda,Aplicativo,181.65,20,80.34,127,8,9,1,270.77,4.21,2.39,17
2025-09-01,SKU019,Camiseta Urban,Moda,Marketplace,183.24,25,77.14,172,8,8,1,306.4,4.22,4.66,14
2025-09-01,SKU020,Calça Flex,Moda,Site,127.43,10,54.9,251,14,13,0,437.83,3.67,4.01,13
2025-09-01,SKU020,Calça Flex,Moda,Aplicativo,126.46,20,55.34,183,8,8,1,300.46,3.68,3.27,17
2025-09-01,SKU020,Calça Flex,Moda,Marketplace,129.43,10,54.9,289,11,11,2,601.23,3.84,4.25,12
2025-09-01,SKU021,Tênis Street,Moda,Site,151.54,5,67.34,187,6,7,0,301.47,4.46,2.93,13
2025-09-01,SKU021,Tênis Street,Moda,Aplicativo,152.77,5,66.39,188,9,9,1,339.95,4.37,3.39,12
2025-09-01,SKU021,Tênis Street,Moda,Marketplace,155.84,10,66.75,225,10,11,2,346.01,4.23,3.95,15
2025-09-01,SKU022,Jaqueta City,Moda,Site,171.46,0,74.07,280,9,9,0,408.5,4.29,2.37,16
2025-09-01,SKU022,Jaqueta City,Moda,Aplicativo,166.41,15,72.64,196,16,14,0,270.99,4.19,4.21,14
2025-09-01,SKU022,Jaqueta City,Moda,Marketplace,171.59,10,75.01,315,8,9,1,326.2,4.16,5.1,16
2025-09-01,SKU023,Bolsa Mini,Moda,Site,139.55,5,59.67,481,21,24,1,305.07,3.65,3.43,25
2025-09-01,SKU023,Bolsa Mini,Moda,Aplicativo,138.47,20,60.95,388,16,20,0,291.72,3.6,2.25,38
2025-09-01,SKU023,Bolsa Mini,Moda,Marketplace,136.38,10,61.07,536,22,22,1,283.3,3.73,3.57,30
2025-09-01,SKU024,Moletom Soft,Moda,Site,125.41,15,58.58,230,14,16,1,242.32,4.0,3.34,25
2025-09-01,SKU024,Moletom Soft,Moda,Aplicativo,132.6,0,56.83,215,5,5,2,258.45,4.1,2.78,16
2025-09-01,SKU024,Moletom Soft,Moda,Marketplace,135.42,10,57.94,264,11,11,0,339.9,4.21,4.56,16
2025-09-01,SKU025,Kit Skin,Beleza,Site,106.97,20,39.74,131,2,2,0,299.55,3.66,3.33,7
2025-09-01,SKU025,Kit Skin,Beleza,Aplicativo,103.52,10,40.84,111,4,7,0,304.45,3.52,3.37,7
2025-09-01,SKU025,Kit Skin,Beleza,Marketplace,103.46,5,39.57,184,1,1,0,195.23,3.64,4.59,11
2025-09-01,SKU026,Perfume Bloom,Beleza,Site,112.32,10,40.78,365,21,23,1,323.71,4.38,3.12,33
2025-09-01,SKU026,Perfume Bloom,Beleza,Aplicativo,106.18,0,41.33,292,21,22,1,195.23,4.2,2.32,22
2025-09-01,SKU026,Perfume Bloom,Beleza,Marketplace,112.56,5,40.74,493,24,23,1,439.69,4.47,3.85,23
2025-09-01,SKU027,Secador Air,Beleza,Site,134.12,0,53.89,248,16,17,2,304.66,4.54,3.73,19
2025-09-01,SKU027,Secador Air,Beleza,Aplicativo,141.81,5,55.13,207,12,14,0,356.17,4.54,3.65,17
2025-09-01,SKU027,Secador Air,Beleza,Marketplace,143.6,0,55.7,322,13,16,0,458.33,4.37,3.69,23
2025-09-01,SKU028,Protetor Daily,Beleza,Site,140.17,15,55.77,224,15,13,0,186.17,3.68,2.78,13
2025-09-01,SKU028,Protetor Daily,Beleza,Aplicativo,143.55,10,55.61,187,7,9,0,136.81,3.9,3.33,11
2025-09-01,SKU028,Protetor Daily,Beleza,Marketplace,142.09,10,56.21,295,14,9,0,443.32,3.44,5.23,9
2025-09-01,SKU029,Escova Glow,Beleza,Site,94.57,5,36.05,226,17,17,0,176.24,4.64,3.7,17
2025-09-01,SKU029,Escova Glow,Beleza,Aplicativo,93.04,5,36.35,180,10,11,1,222.43,4.49,2.48,19
2025-09-01,SKU029,Escova Glow,Beleza,Marketplace,91.93,5,34.97,284,12,14,0,421.37,4.52,4.61,15
2025-09-01,SKU030,Sérum Vita,Beleza,Site,96.27,10,37.72,340,16,19,1,240.05,4.33,2.86,31
2025-09-01,SKU030,Sérum Vita,Beleza,Aplicativo,96.67,5,39.17,335,23,23,2,330.88,3.94,3.06,23
2025-09-01,SKU030,Sérum Vita,Beleza,Marketplace,95.85,0,36.32,399,16,16,1,378.53,4.24,4.04,22
2025-09-01,SKU031,Teclado Type,Informática,Site,596.06,5,397.83,258,8,9,1,406.9,3.97,3.07,12
2025-09-01,SKU031,Teclado Type,Informática,Aplicativo,624.61,10,396.75,213,7,11,0,260.74,4.24,2.56,13
2025-09-01,SKU031,Teclado Type,Informática,Marketplace,615.5,5,390.64,277,5,6,0,380.54,4.23,4.31,12
2025-09-01,SKU032,Mouse Click,Informática,Site,483.94,15,320.13,193,10,12,0,309.27,4.23,2.79,12
2025-09-01,SKU032,Mouse Click,Informática,Aplicativo,493.17,10,315.41,189,6,7,1,378.58,4.48,2.51,10
2025-09-01,SKU032,Mouse Click,Informática,Marketplace,476.46,25,324.43,235,12,12,0,542.4,4.42,3.9,17
2025-09-01,SKU033,Monitor View,Informática,Site,420.89,5,265.21,52,3,2,0,194.77,3.77,3.89,2
2025-09-01,SKU033,Monitor View,Informática,Aplicativo,416.0,10,276.03,60,0,0,0,202.95,3.73,2.88,4
2025-09-01,SKU033,Monitor View,Informática,Marketplace,433.72,10,283.91,97,3,3,0,335.17,3.75,3.2,4
2025-09-01,SKU034,SSD Fast,Informática,Site,668.39,30,435.0,125,8,9,0,267.37,4.56,3.85,9
2025-09-01,SKU034,SSD Fast,Informática,Aplicativo,651.09,15,443.15,87,3,4,0,248.97,4.47,2.39,6
2025-09-01,SKU034,SSD Fast,Informática,Marketplace,664.25,5,437.05,144,5,6,0,441.77,4.42,4.58,6
2025-09-01,SKU035,Hub Connect,Informática,Site,711.37,25,445.34,143,11,11,0,371.77,4.48,2.97,11
2025-09-01,SKU035,Hub Connect,Informática,Aplicativo,699.75,15,450.54,109,4,4,2,169.1,4.66,2.8,7
2025-09-01,SKU035,Hub Connect,Informática,Marketplace,707.19,20,453.39,172,5,5,0,313.44,4.55,3.28,12
2025-09-01,SKU036,Notebook Go,Informática,Site,526.94,10,351.37,291,6,8,2,313.72,3.95,3.51,15
2025-09-01,SKU036,Notebook Go,Informática,Aplicativo,540.76,10,355.65,227,7,9,0,234.87,3.88,2.7,11
2025-09-01,SKU036,Notebook Go,Informática,Marketplace,511.99,15,344.7,271,6,9,1,287.46,3.78,3.62,11
2025-09-01,SKU037,Bloco Criar,Infantil,Site,162.94,5,74.99,114,5,5,0,348.41,4.15,3.73,5
2025-09-01,SKU037,Bloco Criar,Infantil,Aplicativo,164.51,5,75.61,108,3,4,1,369.12,4.08,3.35,9
2025-09-01,SKU037,Bloco Criar,Infantil,Marketplace,164.46,20,73.03,168,7,6,0,398.05,4.14,3.91,6
2025-09-01,SKU038,Livro Descobrir,Infantil,Site,116.08,15,56.91,80,4,5,0,230.15,4.23,3.1,8
2025-09-01,SKU038,Livro Descobrir,Infantil,Aplicativo,119.05,10,53.81,67,2,2,0,244.82,4.18,3.92,6
2025-09-01,SKU038,Livro Descobrir,Infantil,Marketplace,116.06,0,56.48,83,3,3,0,305.19,4.34,4.71,3
2025-09-01,SKU039,Jogo Família,Infantil,Site,150.65,20,74.57,146,7,8,0,317.24,4.54,3.16,16
2025-09-01,SKU039,Jogo Família,Infantil,Aplicativo,162.3,10,74.21,112,10,12,0,163.42,4.64,2.27,13
2025-09-01,SKU039,Jogo Família,Infantil,Marketplace,165.82,5,73.03,182,7,9,0,392.07,4.63,3.01,10
2025-09-01,SKU040,Mochila Kids,Infantil,Site,128.65,5,58.32,150,6,7,0,184.41,4.35,2.52,8
2025-09-01,SKU040,Mochila Kids,Infantil,Aplicativo,130.2,10,59.31,104,8,7,0,151.34,4.31,3.08,7
2025-09-01,SKU040,Mochila Kids,Infantil,Marketplace,125.77,5,59.21,204,13,12,1,345.96,4.5,4.79,12
2025-09-01,SKU041,Pelúcia Nuvem,Infantil,Site,140.87,15,66.16,457,25,29,1,271.73,3.82,3.09,35
2025-09-01,SKU041,Pelúcia Nuvem,Infantil,Aplicativo,140.19,0,65.67,324,11,13,0,207.55,3.5,2.3,16
2025-09-01,SKU041,Pelúcia Nuvem,Infantil,Marketplace,144.22,0,66.5,471,11,12,0,220.61,3.64,3.95,24
2025-09-01,SKU042,Patinete Joy,Infantil,Site,98.38,5,44.91,240,9,10,0,353.89,4.25,2.52,21
2025-09-01,SKU042,Patinete Joy,Infantil,Aplicativo,97.13,25,45.6,198,10,10,0,295.23,4.12,2.73,18
2025-09-01,SKU042,Patinete Joy,Infantil,Marketplace,95.76,0,45.65,293,7,7,0,509.93,4.23,4.03,13
2025-09-01,SKU043,Cama Cozy,Pet,Site,90.03,20,39.55,371,15,17,0,341.34,3.64,2.8,30
2025-09-01,SKU043,Cama Cozy,Pet,Aplicativo,85.6,10,38.97,288,11,14,0,272.1,3.7,4.49,21
2025-09-01,SKU043,Cama Cozy,Pet,Marketplace,88.25,25,38.39,477,31,37,1,620.07,3.85,4.01,38
2025-09-01,SKU044,Fonte Fresh,Pet,Site,91.95,15,39.58,141,5,6,0,421.5,4.73,3.52,11
2025-09-01,SKU044,Fonte Fresh,Pet,Aplicativo,89.77,15,40.4,118,8,10,1,393.08,4.8,2.72,15
2025-09-01,SKU044,Fonte Fresh,Pet,Marketplace,90.63,0,39.81,159,6,8,0,296.99,4.87,3.85,10
2025-09-01,SKU045,Brinquedo Fun,Pet,Site,103.93,15,44.63,176,10,12,0,262.72,4.3,2.31,13
2025-09-01,SKU045,Brinquedo Fun,Pet,Aplicativo,101.25,10,43.66,127,7,6,1,126.36,4.32,3.61,6
2025-09-01,SKU045,Brinquedo Fun,Pet,Marketplace,101.02,0,44.6,233,5,5,0,384.99,4.42,4.51,7
2025-09-01,SKU046,Coleira Safe,Pet,Site,138.17,5,60.21,203,9,12,0,333.02,4.2,3.37,13
2025-09-01,SKU046,Coleira Safe,Pet,Aplicativo,133.98,0,60.42,171,11,13,0,259.29,4.22,2.53,13
2025-09-01,SKU046,Coleira Safe,Pet,Marketplace,141.14,0,60.76,282,5,6,0,479.42,4.18,3.98,17
2025-09-01,SKU047,Comedouro Smart,Pet,Site,85.25,10,37.4,270,4,5,0,259.39,4.21,3.46,23
2025-09-01,SKU047,Comedouro Smart,Pet,Aplicativo,87.48,15,37.28,276,17,19,1,364.44,4.21,3.81,19
2025-09-01,SKU047,Comedouro Smart,Pet,Marketplace,83.25,10,36.04,297,18,19,0,237.8,4.4,3.81,22
2025-09-01,SKU048,Kit Higiene,Pet,Site,138.09,10,59.84,551,26,27,0,424.22,4.2,3.13,41
2025-09-01,SKU048,Kit Higiene,Pet,Aplicativo,142.43,25,61.27,436,24,31,1,242.48,4.43,3.63,46
2025-09-01,SKU048,Kit Higiene,Pet,Marketplace,139.69,0,59.51,580,12,13,3,210.35,4.2,3.77,26
2025-09-08,SKU001,Fone Pulse,Áudio e vídeo,Site,336.29,15,200.85,247,11,12,1,228.68,4.7,4.58,14
2025-09-08,SKU001,Fone Pulse,Áudio e vídeo,Aplicativo,345.49,5,196.51,207,15,17,1,339.19,4.71,3.17,17
2025-09-08,SKU001,Fone Pulse,Áudio e vídeo,Marketplace,357.36,0,201.45,290,5,5,0,281.82,4.7,4.71,14
2025-09-08,SKU002,Caixa Wave,Áudio e vídeo,Site,271.42,0,157.07,369,16,17,2,342.4,4.68,2.79,19
2025-09-08,SKU002,Caixa Wave,Áudio e vídeo,Aplicativo,304.87,15,153.64,236,8,10,1,127.03,4.89,3.33,18
2025-09-08,SKU002,Caixa Wave,Áudio e vídeo,Marketplace,280.34,10,157.66,453,19,20,3,449.01,5.0,4.28,21
2025-09-08,SKU003,Webcam Focus,Áudio e vídeo,Site,413.32,10,230.78,257,9,10,1,514.04,3.67,3.08,14
2025-09-08,SKU003,Webcam Focus,Áudio e vídeo,Aplicativo,402.82,20,232.56,181,8,8,2,272.09,3.76,3.0,8
2025-09-08,SKU003,Webcam Focus,Áudio e vídeo,Marketplace,420.41,25,242.88,263,17,14,2,244.55,3.64,4.75,14
2025-09-08,SKU004,Microfone Voice,Áudio e vídeo,Site,335.13,20,193.63,138,5,5,0,242.98,4.81,3.18,12
2025-09-08,SKU004,Microfone Voice,Áudio e vídeo,Aplicativo,329.31,10,195.31,108,5,7,2,197.51,4.7,2.13,12
2025-09-08,SKU004,Microfone Voice,Áudio e vídeo,Marketplace,324.88,15,189.11,151,7,7,0,337.4,4.77,3.84,11
2025-09-08,SKU005,Soundbar One,Áudio e vídeo,Site,424.63,10,236.77,208,4,4,0,256.47,4.16,2.78,15
2025-09-08,SKU005,Soundbar One,Áudio e vídeo,Aplicativo,422.18,10,241.59,172,5,5,0,109.72,3.83,2.18,13
2025-09-08,SKU005,Soundbar One,Áudio e vídeo,Marketplace,412.01,10,243.97,281,8,9,0,356.18,4.11,3.97,12
2025-09-08,SKU006,Headset Play,Áudio e vídeo,Site,369.77,5,206.02,154,3,4,0,269.33,3.66,3.76,6
2025-09-08,SKU006,Headset Play,Áudio e vídeo,Aplicativo,376.22,15,220.5,101,2,2,0,247.76,3.59,3.84,6
2025-09-08,SKU006,Headset Play,Áudio e vídeo,Marketplace,387.42,0,218.05,157,3,4,0,294.4,3.72,5.09,5
2025-09-08,SKU007,Panela Chef,Casa e cozinha,Site,267.35,15,136.01,417,25,28,3,249.28,4.4,2.17,30
2025-09-08,SKU007,Panela Chef,Casa e cozinha,Aplicativo,269.42,10,134.22,363,22,24,2,253.09,4.53,2.5,31
2025-09-08,SKU007,Panela Chef,Casa e cozinha,Marketplace,254.17,0,138.98,480,12,14,0,251.45,4.62,4.88,25
2025-09-08,SKU008,Air Fryer Easy,Casa e cozinha,Site,307.04,20,156.09,184,9,10,0,211.97,4.59,2.97,20
2025-09-08,SKU008,Air Fryer Easy,Casa e cozinha,Aplicativo,299.53,20,155.68,134,8,9,0,150.73,4.97,2.9,16
2025-09-08,SKU008,Air Fryer Easy,Casa e cozinha,Marketplace,306.08,15,161.53,197,6,8,0,222.12,4.88,4.33,14
2025-09-08,SKU009,Jogo Mesa,Casa e cozinha,Site,208.32,25,105.31,208,12,13,0,273.19,4.14,2.68,17
2025-09-08,SKU009,Jogo Mesa,Casa e cozinha,Aplicativo,189.04,15,104.69,174,10,12,0,192.76,4.18,3.08,14
2025-09-08,SKU009,Jogo Mesa,Casa e cozinha,Marketplace,200.61,0,102.68,227,5,6,0,252.66,4.14,4.66,11
2025-09-08,SKU010,Luminária Aura,Casa e cozinha,Site,190.15,15,101.15,368,21,26,0,299.14,4.33,2.97,31
2025-09-08,SKU010,Luminária Aura,Casa e cozinha,Aplicativo,195.66,10,102.05,248,15,15,2,220.66,4.26,2.72,18
2025-09-08,SKU010,Luminária Aura,Casa e cozinha,Marketplace,193.12,10,100.52,383,10,13,1,353.87,4.62,5.41,16
2025-09-08,SKU011,Organizador Box,Casa e cozinha,Site,310.18,20,158.6,540,19,21,0,182.98,4.02,3.28,35
2025-09-08,SKU011,Organizador Box,Casa e cozinha,Aplicativo,301.32,5,156.22,493,23,17,0,304.33,3.87,3.1,17
2025-09-08,SKU011,Organizador Box,Casa e cozinha,Marketplace,302.29,0,158.72,734,19,23,1,405.98,3.84,4.64,28
2025-09-08,SKU012,Mixer Prático,Casa e cozinha,Site,240.7,15,123.62,168,5,5,0,193.79,3.82,2.82,9
2025-09-08,SKU012,Mixer Prático,Casa e cozinha,Aplicativo,239.86,5,121.57,116,3,4,0,162.37,3.93,2.94,9
2025-09-08,SKU012,Mixer Prático,Casa e cozinha,Marketplace,235.63,0,122.71,180,7,7,0,213.76,3.8,3.94,9
2025-09-08,SKU013,Tênis Run,Esporte,Site,197.86,10,98.69,179,3,3,0,288.98,3.84,3.72,10
2025-09-08,SKU013,Tênis Run,Esporte,Aplicativo,204.57,15,93.3,142,6,8,0,158.09,3.79,3.22,11
2025-09-08,SKU013,Tênis Run,Esporte,Marketplace,199.46,10,93.13,260,12,10,1,338.67,3.93,4.13,10
2025-09-08,SKU014,Mochila Trail,Esporte,Site,199.32,5,94.44,345,11,12,1,375.15,4.73,2.83,16
2025-09-08,SKU014,Mochila Trail,Esporte,Aplicativo,192.53,15,94.45,283,16,17,1,327.07,4.66,2.17,30
2025-09-08,SKU014,Mochila Trail,Esporte,Marketplace,195.2,15,95.07,408,18,20,3,427.84,4.62,3.75,33
2025-09-08,SKU015,Garrafa Move,Esporte,Site,190.2,10,89.82,118,5,5,0,390.93,4.68,2.96,7
2025-09-08,SKU015,Garrafa Move,Esporte,Aplicativo,182.96,0,86.39,100,4,6,1,190.59,4.53,3.73,6
2025-09-08,SKU015,Garrafa Move,Esporte,Marketplace,178.45,15,89.63,150,6,9,1,480.81,4.81,3.9,12
2025-09-08,SKU016,Tapete Zen,Esporte,Site,187.91,10,94.61,269,10,11,3,340.73,3.94,2.51,14
2025-09-08,SKU016,Tapete Zen,Esporte,Aplicativo,182.3,20,92.33,187,8,9,0,209.62,3.89,3.66,17
2025-09-08,SKU016,Tapete Zen,Esporte,Marketplace,179.0,0,90.74,316,6,7,0,294.21,3.88,4.56,11
2025-09-08,SKU017,Kit Funcional,Esporte,Site,158.49,10,75.44,351,14,16,0,256.04,4.02,2.69,25
2025-09-08,SKU017,Kit Funcional,Esporte,Aplicativo,155.94,10,77.03,298,7,9,2,274.51,3.71,3.97,18
2025-09-08,SKU017,Kit Funcional,Esporte,Marketplace,160.16,10,77.02,474,15,15,1,413.72,3.68,4.19,23
2025-09-08,SKU018,Relógio Fit,Esporte,Site,229.19,15,114.85,217,13,14,0,140.94,4.36,2.36,14
2025-09-08,SKU018,Relógio Fit,Esporte,Aplicativo,220.41,15,113.1,197,11,12,1,254.24,4.42,3.68,13
2025-09-08,SKU018,Relógio Fit,Esporte,Marketplace,223.74,5,116.35,283,8,9,2,359.69,4.39,4.65,10
2025-09-08,SKU019,Camiseta Urban,Moda,Site,178.65,10,76.41,140,8,9,0,230.92,4.1,3.26,9
2025-09-08,SKU019,Camiseta Urban,Moda,Aplicativo,171.05,10,74.48,130,8,9,0,371.52,3.92,2.92,10
2025-09-08,SKU019,Camiseta Urban,Moda,Marketplace,182.41,0,75.71,164,6,6,2,334.25,4.32,3.95,9
2025-09-08,SKU020,Calça Flex,Moda,Site,129.58,15,54.95,256,8,10,0,562.62,3.71,3.35,14
2025-09-08,SKU020,Calça Flex,Moda,Aplicativo,125.16,15,55.0,165,10,10,2,195.59,3.92,3.72,15
2025-09-08,SKU020,Calça Flex,Moda,Marketplace,126.41,20,54.25,292,11,11,4,524.34,3.81,4.22,20
2025-09-08,SKU021,Tênis Street,Moda,Site,156.69,15,64.55,177,20,18,2,286.47,4.55,2.4,18
2025-09-08,SKU021,Tênis Street,Moda,Aplicativo,151.98,20,67.21,153,12,15,2,240.58,4.38,3.62,15
2025-09-08,SKU021,Tênis Street,Moda,Marketplace,149.69,10,65.98,245,3,3,0,311.03,4.15,4.73,12
2025-09-08,SKU022,Jaqueta City,Moda,Site,168.22,5,75.02,267,9,10,3,247.31,4.23,3.44,16
2025-09-08,SKU022,Jaqueta City,Moda,Aplicativo,162.84,5,71.66,231,13,14,1,286.97,4.16,3.01,14
2025-09-08,SKU022,Jaqueta City,Moda,Marketplace,160.41,20,73.15,318,22,25,4,240.71,4.33,3.0,35
2025-09-08,SKU023,Bolsa Mini,Moda,Site,138.46,10,59.97,521,13,13,2,349.8,3.53,2.88,30
2025-09-08,SKU023,Bolsa Mini,Moda,Aplicativo,145.25,15,59.2,388,28,26,4,252.11,3.54,1.86,26
2025-09-08,SKU023,Bolsa Mini,Moda,Marketplace,136.5,0,59.2,571,20,23,1,338.92,3.68,3.96,24
2025-09-08,SKU024,Moletom Soft,Moda,Site,136.33,20,55.73,254,12,15,1,376.41,4.04,3.78,23
2025-09-08,SKU024,Moletom Soft,Moda,Aplicativo,135.57,20,56.38,196,11,17,2,352.03,4.14,3.02,17
2025-09-08,SKU024,Moletom Soft,Moda,Marketplace,130.85,5,57.2,292,10,10,0,370.65,4.17,3.75,20
2025-09-08,SKU025,Kit Skin,Beleza,Site,100.32,10,40.6,146,3,3,0,216.21,3.56,3.64,8
2025-09-08,SKU025,Kit Skin,Beleza,Aplicativo,107.23,20,38.91,131,4,5,0,219.31,3.52,2.56,12
2025-09-08,SKU025,Kit Skin,Beleza,Marketplace,104.11,20,40.59,174,6,7,0,330.13,3.73,3.84,10
2025-09-08,SKU026,Perfume Bloom,Beleza,Site,105.45,15,41.26,401,22,25,1,260.32,4.69,4.26,29
2025-09-08,SKU026,Perfume Bloom,Beleza,Aplicativo,104.2,10,42.39,304,24,27,1,232.36,4.56,2.75,28
2025-09-08,SKU026,Perfume Bloom,Beleza,Marketplace,106.84,20,41.57,460,22,23,1,386.09,4.28,4.07,23
2025-09-08,SKU027,Secador Air,Beleza,Site,134.02,20,54.99,254,13,13,0,229.77,4.44,3.03,26
2025-09-08,SKU027,Secador Air,Beleza,Aplicativo,135.52,20,54.01,193,11,13,0,202.18,4.37,3.51,17
2025-09-08,SKU027,Secador Air,Beleza,Marketplace,143.4,0,52.03,332,13,13,0,624.97,4.33,4.12,19
2025-09-08,SKU028,Protetor Daily,Beleza,Site,139.21,20,53.94,257,10,13,0,298.6,3.68,4.02,19
2025-09-08,SKU028,Protetor Daily,Beleza,Aplicativo,144.98,20,54.83,209,7,7,0,337.86,3.87,3.39,18
2025-09-08,SKU028,Protetor Daily,Beleza,Marketplace,140.94,0,55.47,324,8,10,1,412.48,3.97,4.99,11
2025-09-08,SKU029,Escova Glow,Beleza,Site,95.8,5,35.02,249,8,8,0,282.88,4.41,3.04,23
2025-09-08,SKU029,Escova Glow,Beleza,Aplicativo,90.94,5,36.53,189,8,9,1,315.13,4.26,3.46,17
2025-09-08,SKU029,Escova Glow,Beleza,Marketplace,90.87,10,37.4,302,19,21,0,481.49,4.49,3.94,27
2025-09-08,SKU030,Sérum Vita,Beleza,Site,96.88,20,38.29,378,33,41,0,274.28,4.3,2.03,46
2025-09-08,SKU030,Sérum Vita,Beleza,Aplicativo,98.33,15,37.63,321,15,16,0,223.82,4.16,3.84,28
2025-09-08,SKU030,Sérum Vita,Beleza,Marketplace,94.94,30,39.06,434,30,36,1,434.41,4.15,3.48,43
2025-09-08,SKU031,Teclado Type,Informática,Site,607.53,10,398.77,253,9,10,1,316.06,4.18,2.84,12
2025-09-08,SKU031,Teclado Type,Informática,Aplicativo,600.43,15,402.91,181,11,10,0,318.18,4.3,3.56,10
2025-09-08,SKU031,Teclado Type,Informática,Marketplace,626.54,15,405.88,268,3,3,0,346.76,4.13,4.45,11
2025-09-08,SKU032,Mouse Click,Informática,Site,478.18,10,330.36,174,7,7,0,304.74,4.29,2.93,9
2025-09-08,SKU032,Mouse Click,Informática,Aplicativo,480.71,10,327.1,161,8,10,0,220.97,4.38,2.27,10
2025-09-08,SKU032,Mouse Click,Informática,Marketplace,475.13,10,316.28,250,9,10,1,564.41,4.46,3.95,12
2025-09-08,SKU033,Monitor View,Informática,Site,411.44,20,281.25,76,2,2,0,275.38,3.58,2.94,6
2025-09-08,SKU033,Monitor View,Informática,Aplicativo,421.7,10,274.95,60,2,2,0,242.87,3.86,3.57,3
2025-09-08,SKU033,Monitor View,Informática,Marketplace,403.24,15,278.64,83,1,1,0,444.11,3.62,3.84,5
2025-09-08,SKU034,SSD Fast,Informática,Site,669.43,0,448.39,97,1,1,0,277.02,4.59,3.53,4
2025-09-08,SKU034,SSD Fast,Informática,Aplicativo,671.51,20,436.09,99,4,4,0,204.92,4.27,2.45,7
2025-09-08,SKU034,SSD Fast,Informática,Marketplace,636.28,10,439.2,126,2,2,0,426.94,4.6,4.59,6
2025-09-08,SKU035,Hub Connect,Informática,Site,663.79,20,454.13,141,6,7,0,247.34,4.51,2.48,9
2025-09-08,SKU035,Hub Connect,Informática,Aplicativo,697.71,10,453.52,129,6,4,1,206.54,4.72,3.07,4
2025-09-08,SKU035,Hub Connect,Informática,Marketplace,683.59,10,451.54,188,2,2,0,391.05,4.61,5.24,8
2025-09-08,SKU036,Notebook Go,Informática,Site,526.45,0,336.5,259,10,11,0,249.83,3.85,2.6,11
2025-09-08,SKU036,Notebook Go,Informática,Aplicativo,513.63,15,351.22,208,11,12,2,137.59,3.93,2.59,16
2025-09-08,SKU036,Notebook Go,Informática,Marketplace,525.46,25,347.38,308,17,17,1,354.16,3.91,3.13,17
2025-09-08,SKU037,Bloco Criar,Infantil,Site,163.86,10,76.84,113,5,6,0,302.64,4.02,4.04,6
2025-09-08,SKU037,Bloco Criar,Infantil,Aplicativo,164.06,5,75.39,108,4,4,1,222.26,4.33,3.02,7
2025-09-08,SKU037,Bloco Criar,Infantil,Marketplace,158.86,15,74.69,153,9,10,0,260.52,4.08,4.45,10
2025-09-08,SKU038,Livro Descobrir,Infantil,Site,117.57,10,54.63,85,4,6,0,332.81,4.45,3.47,7
2025-09-08,SKU038,Livro Descobrir,Infantil,Aplicativo,115.73,15,54.16,72,2,2,0,261.34,4.5,2.67,9
2025-09-08,SKU038,Livro Descobrir,Infantil,Marketplace,112.73,15,55.25,95,3,5,0,306.57,4.41,4.38,7
2025-09-08,SKU039,Jogo Família,Infantil,Site,160.38,5,69.88,153,9,11,0,351.2,4.55,1.93,12
2025-09-08,SKU039,Jogo Família,Infantil,Aplicativo,160.31,10,74.2,123,7,8,0,159.76,4.5,3.18,14
2025-09-08,SKU039,Jogo Família,Infantil,Marketplace,160.41,10,75.11,178,5,5,0,358.03,4.43,3.85,12
2025-09-08,SKU040,Mochila Kids,Infantil,Site,124.64,0,60.85,162,8,9,1,367.53,4.38,2.5,11
2025-09-08,SKU040,Mochila Kids,Infantil,Aplicativo,125.61,15,58.17,137,11,14,1,198.75,4.27,2.7,15
2025-09-08,SKU040,Mochila Kids,Infantil,Marketplace,122.84,5,58.86,191,8,10,0,360.17,4.63,3.66,10
2025-09-08,SKU041,Pelúcia Nuvem,Infantil,Site,145.71,15,65.53,508,18,21,0,401.23,3.82,3.39,38
2025-09-08,SKU041,Pelúcia Nuvem,Infantil,Aplicativo,142.78,15,66.32,350,25,22,0,269.37,3.57,3.95,22
2025-09-08,SKU041,Pelúcia Nuvem,Infantil,Marketplace,143.34,10,66.82,526,23,24,1,422.84,3.68,4.3,24
2025-09-08,SKU042,Patinete Joy,Infantil,Site,97.28,10,46.86,233,5,5,0,258.22,3.95,3.36,16
2025-09-08,SKU042,Patinete Joy,Infantil,Aplicativo,94.21,10,45.61,160,7,8,0,282.92,4.36,2.01,15
2025-09-08,SKU042,Patinete Joy,Infantil,Marketplace,100.04,25,46.85,253,13,15,2,321.73,4.27,4.35,18
2025-09-08,SKU043,Cama Cozy,Pet,Site,93.58,5,39.12,373,11,9,0,391.83,3.51,3.49,9
2025-09-08,SKU043,Cama Cozy,Pet,Aplicativo,91.97,0,37.85,353,13,15,3,393.98,3.73,3.54,21
2025-09-08,SKU043,Cama Cozy,Pet,Marketplace,88.53,5,40.23,408,7,7,0,447.84,3.7,4.49,21
2025-09-08,SKU044,Fonte Fresh,Pet,Site,88.28,10,39.85,124,11,10,1,182.49,4.69,3.42,10
2025-09-08,SKU044,Fonte Fresh,Pet,Aplicativo,90.07,10,40.85,94,4,4,0,249.56,4.72,2.63,11
2025-09-08,SKU044,Fonte Fresh,Pet,Marketplace,89.43,0,40.99,150,6,7,0,437.89,4.82,3.9,9
2025-09-08,SKU045,Brinquedo Fun,Pet,Site,98.51,20,44.45,199,12,14,0,261.73,4.42,4.0,16
2025-09-08,SKU045,Brinquedo Fun,Pet,Aplicativo,101.41,25,45.09,167,13,16,1,302.6,4.41,2.22,21
2025-09-08,SKU045,Brinquedo Fun,Pet,Marketplace,105.81,5,43.74,223,7,10,2,325.98,4.29,4.52,11
2025-09-08,SKU046,Coleira Safe,Pet,Site,138.0,0,61.07,196,8,11,0,258.43,4.14,3.99,12
2025-09-08,SKU046,Coleira Safe,Pet,Aplicativo,143.14,25,60.48,190,17,18,0,323.16,4.16,2.6,19
2025-09-08,SKU046,Coleira Safe,Pet,Marketplace,133.77,0,61.31,287,8,9,0,432.69,4.19,4.54,18
2025-09-08,SKU047,Comedouro Smart,Pet,Site,83.94,0,37.64,247,8,10,2,328.01,4.2,3.46,17
2025-09-08,SKU047,Comedouro Smart,Pet,Aplicativo,87.55,10,38.28,249,17,19,0,278.75,4.22,1.66,29
2025-09-08,SKU047,Comedouro Smart,Pet,Marketplace,87.04,10,37.16,333,20,20,0,351.96,4.34,4.38,20
2025-09-08,SKU048,Kit Higiene,Pet,Site,140.41,0,61.84,521,14,17,0,306.22,4.33,3.46,29
2025-09-08,SKU048,Kit Higiene,Pet,Aplicativo,138.04,5,59.86,400,18,19,1,198.72,4.38,4.0,35
2025-09-08,SKU048,Kit Higiene,Pet,Marketplace,131.49,0,59.31,622,18,23,1,397.07,4.41,3.79,33
2025-09-15,SKU001,Fone Pulse,Áudio e vídeo,Site,341.13,10,199.94,248,4,4,0,261.01,4.64,4.53,14
2025-09-15,SKU001,Fone Pulse,Áudio e vídeo,Aplicativo,359.65,5,198.31,196,14,13,3,214.17,4.82,2.13,13
2025-09-15,SKU001,Fone Pulse,Áudio e vídeo,Marketplace,350.55,5,195.17,260,14,11,1,224.88,4.69,3.45,11
2025-09-15,SKU002,Caixa Wave,Áudio e vídeo,Site,277.89,15,154.75,326,18,20,1,256.36,4.66,2.72,30
2025-09-15,SKU002,Caixa Wave,Áudio e vídeo,Aplicativo,281.72,25,152.79,255,14,15,2,195.95,5.0,3.21,22
2025-09-15,SKU002,Caixa Wave,Áudio e vídeo,Marketplace,278.6,20,159.17,389,13,15,1,194.97,4.77,4.69,22
2025-09-15,SKU003,Webcam Focus,Áudio e vídeo,Site,408.91,5,236.39,241,5,5,0,257.31,3.72,3.21,12
2025-09-15,SKU003,Webcam Focus,Áudio e vídeo,Aplicativo,415.01,0,237.57,206,5,5,1,296.12,3.74,2.45,10
2025-09-15,SKU003,Webcam Focus,Áudio e vídeo,Marketplace,413.08,5,235.21,324,9,8,1,568.99,3.78,3.78,8
2025-09-15,SKU004,Microfone Voice,Áudio e vídeo,Site,342.4,5,188.75,133,7,9,0,380.3,4.78,2.37,10
2025-09-15,SKU004,Microfone Voice,Áudio e vídeo,Aplicativo,332.22,5,193.05,91,9,7,0,249.71,4.77,2.24,7
2025-09-15,SKU004,Microfone Voice,Áudio e vídeo,Marketplace,325.69,25,187.36,166,12,13,1,415.49,4.76,4.07,13
2025-09-15,SKU005,Soundbar One,Áudio e vídeo,Site,421.41,5,242.18,241,9,9,0,481.28,4.22,2.53,14
2025-09-15,SKU005,Soundbar One,Áudio e vídeo,Aplicativo,430.17,15,241.29,185,2,4,0,225.59,4.02,2.4,15
2025-09-15,SKU005,Soundbar One,Áudio e vídeo,Marketplace,417.95,25,242.55,255,5,5,0,307.0,4.25,4.55,15
2025-09-15,SKU006,Headset Play,Áudio e vídeo,Site,348.73,5,209.34,164,6,6,1,376.9,3.69,2.95,9
2025-09-15,SKU006,Headset Play,Áudio e vídeo,Aplicativo,364.13,0,211.47,99,4,4,1,155.51,3.64,2.33,7
2025-09-15,SKU006,Headset Play,Áudio e vídeo,Marketplace,361.07,0,211.44,165,3,4,0,258.1,3.64,4.1,5
2025-09-15,SKU007,Panela Chef,Casa e cozinha,Site,251.47,10,134.49,388,26,22,0,313.98,4.41,2.86,22
2025-09-15,SKU007,Panela Chef,Casa e cozinha,Aplicativo,259.04,15,137.45,320,19,22,0,177.42,4.56,3.31,28
2025-09-15,SKU007,Panela Chef,Casa e cozinha,Marketplace,254.48,0,132.54,538,26,26,0,474.42,4.58,4.99,26
2025-09-15,SKU008,Air Fryer Easy,Casa e cozinha,Site,310.0,5,158.91,172,8,9,2,324.62,4.77,2.81,13
2025-09-15,SKU008,Air Fryer Easy,Casa e cozinha,Aplicativo,301.25,15,156.09,128,3,4,1,199.52,4.73,3.42,13
2025-09-15,SKU008,Air Fryer Easy,Casa e cozinha,Marketplace,308.12,5,156.51,257,6,6,0,552.42,4.79,4.78,11
2025-09-15,SKU009,Jogo Mesa,Casa e cozinha,Site,195.44,0,106.34,215,4,5,0,236.88,4.21,3.06,15
2025-09-15,SKU009,Jogo Mesa,Casa e cozinha,Aplicativo,203.41,5,103.22,178,3,3,0,251.49,4.17,3.83,13
2025-09-15,SKU009,Jogo Mesa,Casa e cozinha,Marketplace,193.61,25,105.76,258,11,11,0,376.21,4.01,4.05,19
2025-09-15,SKU010,Luminária Aura,Casa e cozinha,Site,195.77,0,101.81,318,8,9,0,285.46,4.47,3.13,16
2025-09-15,SKU010,Luminária Aura,Casa e cozinha,Aplicativo,192.13,0,101.38,237,8,8,0,153.57,4.37,4.17,12
2025-09-15,SKU010,Luminária Aura,Casa e cozinha,Marketplace,194.1,10,101.73,398,12,13,1,387.31,4.57,3.55,31
2025-09-15,SKU011,Organizador Box,Casa e cozinha,Site,289.65,10,156.2,543,20,22,1,242.24,4.01,2.87,39
2025-09-15,SKU011,Organizador Box,Casa e cozinha,Aplicativo,305.17,15,153.91,471,19,21,0,196.19,3.86,3.19,35
2025-09-15,SKU011,Organizador Box,Casa e cozinha,Marketplace,310.2,20,153.89,629,17,21,1,232.24,3.97,4.39,33
2025-09-15,SKU012,Mixer Prático,Casa e cozinha,Site,235.91,0,120.78,141,4,5,0,181.83,3.85,3.75,6
2025-09-15,SKU012,Mixer Prático,Casa e cozinha,Aplicativo,247.44,5,120.32,161,8,9,3,135.95,3.72,2.32,9
2025-09-15,SKU012,Mixer Prático,Casa e cozinha,Marketplace,229.15,10,122.02,217,6,6,0,331.87,3.95,4.24,6
2025-09-15,SKU013,Tênis Run,Esporte,Site,194.25,0,95.47,247,5,6,0,395.4,3.79,3.79,10
2025-09-15,SKU013,Tênis Run,Esporte,Aplicativo,200.64,25,96.36,175,7,10,0,244.02,3.79,2.74,16
2025-09-15,SKU013,Tênis Run,Esporte,Marketplace,193.53,0,98.06,264,9,8,0,411.67,3.82,4.29,8
2025-09-15,SKU014,Mochila Trail,Esporte,Site,186.87,5,95.51,298,13,14,2,259.29,4.85,3.6,14
2025-09-15,SKU014,Mochila Trail,Esporte,Aplicativo,198.68,20,95.37,215,16,19,1,143.4,4.67,3.72,19
2025-09-15,SKU014,Mochila Trail,Esporte,Marketplace,201.67,15,92.09,340,14,15,2,326.14,4.77,4.61,20
2025-09-15,SKU015,Garrafa Move,Esporte,Site,180.78,0,88.64,135,8,7,0,344.26,4.64,3.83,7
2025-09-15,SKU015,Garrafa Move,Esporte,Aplicativo,183.32,15,88.6,86,4,4,0,182.77,4.7,2.39,7
2025-09-15,SKU015,Garrafa Move,Esporte,Marketplace,178.56,10,86.54,156,8,8,0,541.15,4.64,3.0,12
2025-09-15,SKU016,Tapete Zen,Esporte,Site,188.07,25,92.44,262,8,9,0,530.17,3.89,3.48,16
2025-09-15,SKU016,Tapete Zen,Esporte,Aplicativo,190.47,0,92.05,203,8,8,0,225.08,4.15,3.36,11
2025-09-15,SKU016,Tapete Zen,Esporte,Marketplace,189.23,0,93.96,322,9,10,1,284.6,4.19,4.37,11
2025-09-15,SKU017,Kit Funcional,Esporte,Site,166.54,20,77.58,334,12,12,0,250.71,3.83,3.24,18
2025-09-15,SKU017,Kit Funcional,Esporte,Aplicativo,162.6,0,78.68,364,15,18,1,551.05,3.63,2.63,18
2025-09-15,SKU017,Kit Funcional,Esporte,Marketplace,158.74,0,78.41,456,20,21,1,491.12,3.85,3.1,21
2025-09-15,SKU018,Relógio Fit,Esporte,Site,241.21,0,115.2,259,3,3,0,296.69,4.48,2.83,11
2025-09-15,SKU018,Relógio Fit,Esporte,Aplicativo,240.69,10,111.66,208,10,10,0,215.05,4.47,2.72,14
2025-09-15,SKU018,Relógio Fit,Esporte,Marketplace,234.95,15,115.51,277,12,16,1,422.4,4.27,3.67,21
2025-09-15,SKU019,Camiseta Urban,Moda,Site,181.32,10,78.04,184,4,5,1,337.94,4.26,4.24,14
2025-09-15,SKU019,Camiseta Urban,Moda,Aplicativo,184.73,0,77.88,128,3,3,1,202.48,4.07,2.44,8
2025-09-15,SKU019,Camiseta Urban,Moda,Marketplace,182.7,10,77.31,173,7,8,0,438.45,4.18,3.66,14
2025-09-15,SKU020,Calça Flex,Moda,Site,123.35,0,54.95,227,6,8,2,313.87,3.61,2.93,14
2025-09-15,SKU020,Calça Flex,Moda,Aplicativo,129.56,20,56.43,209,11,13,0,225.09,3.65,3.52,16
2025-09-15,SKU020,Calça Flex,Moda,Marketplace,122.57,0,54.03,262,15,14,0,430.27,3.71,3.51,14
2025-09-15,SKU021,Tênis Street,Moda,Site,150.59,5,65.14,189,14,15,1,173.82,4.38,2.72,15
2025-09-15,SKU021,Tênis Street,Moda,Aplicativo,156.51,0,67.53,172,3,3,0,185.3,4.15,2.66,11
2025-09-15,SKU021,Tênis Street,Moda,Marketplace,152.44,0,66.59,261,8,8,0,514.88,4.05,3.6,13
2025-09-15,SKU022,Jaqueta City,Moda,Site,168.66,10,72.3,277,11,12,0,421.28,4.25,4.14,16
2025-09-15,SKU022,Jaqueta City,Moda,Aplicativo,158.39,15,72.33,209,19,22,2,359.47,4.38,2.72,28
2025-09-15,SKU022,Jaqueta City,Moda,Marketplace,165.89,10,72.93,307,10,11,2,449.47,4.46,5.37,11
2025-09-15,SKU023,Bolsa Mini,Moda,Site,136.84,15,59.47,452,23,29,4,403.59,3.82,3.27,34
2025-09-15,SKU023,Bolsa Mini,Moda,Aplicativo,142.9,10,60.36,460,27,29,5,392.33,3.64,3.08,29
2025-09-15,SKU023,Bolsa Mini,Moda,Marketplace,143.45,10,60.63,585,18,21,4,334.81,3.58,3.79,30
2025-09-15,SKU024,Moletom Soft,Moda,Site,132.81,5,58.63,223,10,10,2,344.48,3.96,4.43,10
2025-09-15,SKU024,Moletom Soft,Moda,Aplicativo,133.33,25,58.3,242,13,14,1,428.11,4.28,4.0,22
2025-09-15,SKU024,Moletom Soft,Moda,Marketplace,124.39,20,55.09,315,15,16,0,434.86,4.08,3.23,32
2025-09-15,SKU025,Kit Skin,Beleza,Site,105.28,20,40.9,143,6,7,0,223.54,3.64,2.91,12
2025-09-15,SKU025,Kit Skin,Beleza,Aplicativo,105.96,0,39.88,123,8,8,0,202.07,3.75,3.34,8
2025-09-15,SKU025,Kit Skin,Beleza,Marketplace,98.39,15,39.84,210,7,7,0,438.55,3.59,4.29,8
2025-09-15,SKU026,Perfume Bloom,Beleza,Site,104.48,10,43.42,369,14,14,0,236.5,4.35,3.61,29
2025-09-15,SKU026,Perfume Bloom,Beleza,Aplicativo,106.23,20,41.98,273,22,28,1,126.33,4.63,2.89,28
2025-09-15,SKU026,Perfume Bloom,Beleza,Marketplace,106.54,0,41.1,444,22,26,0,250.3,4.43,4.66,29
2025-09-15,SKU027,Secador Air,Beleza,Site,138.03,0,55.18,275,9,10,0,455.85,4.6,3.23,20
2025-09-15,SKU027,Secador Air,Beleza,Aplicativo,139.58,10,54.25,174,12,12,0,196.2,4.27,3.11,20
2025-09-15,SKU027,Secador Air,Beleza,Marketplace,142.44,10,54.75,245,8,9,1,282.22,4.49,4.95,15
2025-09-15,SKU028,Protetor Daily,Beleza,Site,140.92,10,56.38,242,8,9,0,262.78,3.68,2.72,15
2025-09-15,SKU028,Protetor Daily,Beleza,Aplicativo,140.31,15,53.98,240,15,20,0,231.41,3.72,3.04,26
2025-09-15,SKU028,Protetor Daily,Beleza,Marketplace,136.57,10,56.07,303,7,10,2,289.58,3.66,4.36,19
2025-09-15,SKU029,Escova Glow,Beleza,Site,96.11,10,36.93,207,11,11,0,161.43,4.46,3.77,13
2025-09-15,SKU029,Escova Glow,Beleza,Aplicativo,93.91,15,35.46,191,13,15,0,244.37,4.74,3.77,26
2025-09-15,SKU029,Escova Glow,Beleza,Marketplace,95.31,25,36.72,275,10,11,0,427.59,4.58,3.42,27
2025-09-15,SKU030,Sérum Vita,Beleza,Site,97.74,5,38.17,376,21,23,1,304.99,4.36,2.66,36
2025-09-15,SKU030,Sérum Vita,Beleza,Aplicativo,98.71,10,38.51,311,18,21,1,223.29,4.28,3.28,29
2025-09-15,SKU030,Sérum Vita,Beleza,Marketplace,96.89,10,38.38,482,19,23,0,344.82,4.25,3.31,32
2025-09-15,SKU031,Teclado Type,Informática,Site,595.19,15,405.06,237,10,11,0,271.78,4.07,2.7,11
2025-09-15,SKU031,Teclado Type,Informática,Aplicativo,592.79,0,386.47,171,6,7,0,145.19,4.04,2.25,7
2025-09-15,SKU031,Teclado Type,Informática,Marketplace,612.37,10,392.5,288,6,7,0,495.32,4.12,4.77,7
2025-09-15,SKU032,Mouse Click,Informática,Site,474.38,5,327.19,174,3,3,1,337.66,4.47,2.74,8
2025-09-15,SKU032,Mouse Click,Informática,Aplicativo,496.46,10,316.71,159,4,5,1,270.29,4.47,3.35,9
2025-09-15,SKU032,Mouse Click,Informática,Marketplace,481.65,0,321.27,198,4,4,0,258.46,4.51,4.74,8
2025-09-15,SKU033,Monitor View,Informática,Site,418.4,10,269.12,74,2,2,0,226.78,3.79,2.75,4
2025-09-15,SKU033,Monitor View,Informática,Aplicativo,420.21,5,275.76,64,4,3,0,152.94,3.76,2.52,3
2025-09-15,SKU033,Monitor View,Informática,Marketplace,427.08,5,286.11,109,2,2,0,229.26,3.66,4.64,4
2025-09-15,SKU034,SSD Fast,Informática,Site,677.76,10,433.85,141,2,2,1,412.53,4.56,3.18,7
2025-09-15,SKU034,SSD Fast,Informática,Aplicativo,670.46,25,445.36,98,4,6,1,265.04,4.61,3.1,11
2025-09-15,SKU034,SSD Fast,Informática,Marketplace,676.06,0,430.94,134,4,4,0,506.36,4.34,4.16,4
2025-09-15,SKU035,Hub Connect,Informática,Site,691.25,10,435.65,170,9,10,0,288.51,4.64,2.32,10
2025-09-15,SKU035,Hub Connect,Informática,Aplicativo,668.71,20,433.35,141,7,7,0,284.02,4.61,2.33,12
2025-09-15,SKU035,Hub Connect,Informática,Marketplace,681.15,20,441.63,171,6,7,0,163.56,4.75,4.6,11
2025-09-15,SKU036,Notebook Go,Informática,Site,546.12,5,350.26,274,5,7,0,209.36,3.82,3.35,9
2025-09-15,SKU036,Notebook Go,Informática,Aplicativo,518.26,25,350.61,218,6,7,1,210.1,3.93,2.59,18
2025-09-15,SKU036,Notebook Go,Informática,Marketplace,550.6,15,346.68,359,11,11,0,357.92,3.98,4.69,11
2025-09-15,SKU037,Bloco Criar,Infantil,Site,156.1,5,74.46,107,3,4,0,183.08,4.02,3.14,7
2025-09-15,SKU037,Bloco Criar,Infantil,Aplicativo,160.41,15,76.27,108,4,4,0,224.27,4.22,3.21,7
2025-09-15,SKU037,Bloco Criar,Infantil,Marketplace,159.82,30,77.2,167,13,12,0,488.76,4.06,4.53,12
2025-09-15,SKU038,Livro Descobrir,Infantil,Site,116.32,10,55.84,56,5,5,0,291.17,4.44,2.3,5
2025-09-15,SKU038,Livro Descobrir,Infantil,Aplicativo,112.47,20,53.74,83,6,7,0,348.53,4.29,3.16,9
2025-09-15,SKU038,Livro Descobrir,Infantil,Marketplace,119.57,10,55.14,113,5,5,0,382.69,4.29,3.72,7
2025-09-15,SKU039,Jogo Família,Infantil,Site,156.85,15,73.24,142,4,5,0,428.79,4.64,3.57,8
2025-09-15,SKU039,Jogo Família,Infantil,Aplicativo,154.61,0,70.93,111,7,7,1,320.46,4.6,2.6,10
2025-09-15,SKU039,Jogo Família,Infantil,Marketplace,156.28,15,72.33,191,11,15,0,359.09,4.44,3.87,15
2025-09-15,SKU040,Mochila Kids,Infantil,Site,125.34,10,58.69,171,6,8,0,356.26,4.4,2.99,10
2025-09-15,SKU040,Mochila Kids,Infantil,Aplicativo,127.67,10,59.69,137,14,16,0,236.2,4.44,2.53,16
2025-09-15,SKU040,Mochila Kids,Infantil,Marketplace,130.32,15,58.6,224,5,5,0,409.32,4.33,4.12,15
2025-09-15,SKU041,Pelúcia Nuvem,Infantil,Site,146.07,20,69.76,420,22,23,1,230.57,3.63,3.25,32
2025-09-15,SKU041,Pelúcia Nuvem,Infantil,Aplicativo,145.88,5,66.5,412,14,17,0,275.1,3.59,3.45,18
2025-09-15,SKU041,Pelúcia Nuvem,Infantil,Marketplace,140.99,10,67.08,512,18,18,1,347.6,3.65,4.51,24
2025-09-15,SKU042,Patinete Joy,Infantil,Site,93.15,15,45.79,233,15,15,1,298.95,4.22,3.89,22
2025-09-15,SKU042,Patinete Joy,Infantil,Aplicativo,100.37,0,46.4,182,8,8,0,389.12,4.25,2.88,10
2025-09-15,SKU042,Patinete Joy,Infantil,Marketplace,97.01,10,46.12,269,6,7,2,390.88,4.22,5.2,12
2025-09-15,SKU043,Cama Cozy,Pet,Site,93.61,20,38.12,427,14,17,1,452.4,3.76,3.22,27
2025-09-15,SKU043,Cama Cozy,Pet,Aplicativo,87.8,25,39.13,301,23,25,1,305.01,3.75,2.69,32
2025-09-15,SKU043,Cama Cozy,Pet,Marketplace,86.53,0,39.48,464,13,14,0,419.71,3.76,3.74,25
2025-09-15,SKU044,Fonte Fresh,Pet,Site,89.35,0,38.35,124,5,5,0,200.21,4.74,3.41,8
2025-09-15,SKU044,Fonte Fresh,Pet,Aplicativo,92.29,0,41.55,104,5,5,0,389.16,4.68,3.07,7
2025-09-15,SKU044,Fonte Fresh,Pet,Marketplace,91.31,15,39.5,154,8,10,1,383.28,4.83,3.66,15
2025-09-15,SKU045,Brinquedo Fun,Pet,Site,100.25,0,45.08,210,4,6,1,273.73,4.2,4.16,10
2025-09-15,SKU045,Brinquedo Fun,Pet,Aplicativo,97.04,15,44.39,206,13,13,0,528.99,4.36,2.76,27
2025-09-15,SKU045,Brinquedo Fun,Pet,Marketplace,101.82,5,43.05,206,11,13,0,297.46,4.37,3.62,13
2025-09-15,SKU046,Coleira Safe,Pet,Site,132.98,10,60.78,222,14,18,0,270.23,4.01,3.45,18
2025-09-15,SKU046,Coleira Safe,Pet,Aplicativo,137.11,15,62.14,151,6,6,0,284.34,4.24,3.89,12
2025-09-15,SKU046,Coleira Safe,Pet,Marketplace,147.95,15,61.32,264,7,7,0,670.37,4.21,4.38,12
2025-09-15,SKU047,Comedouro Smart,Pet,Site,85.09,10,36.57,275,10,11,0,449.29,4.27,3.23,17
2025-09-15,SKU047,Comedouro Smart,Pet,Aplicativo,82.53,10,36.93,218,13,12,0,268.87,4.35,3.66,12
2025-09-15,SKU047,Comedouro Smart,Pet,Marketplace,81.49,15,37.0,300,17,19,1,272.91,4.18,4.24,25
2025-09-15,SKU048,Kit Higiene,Pet,Site,139.94,0,59.82,549,20,24,1,290.03,4.46,3.38,33
2025-09-15,SKU048,Kit Higiene,Pet,Aplicativo,141.72,15,60.16,474,30,37,1,440.79,4.48,4.18,43
2025-09-15,SKU048,Kit Higiene,Pet,Marketplace,134.74,20,60.59,612,31,34,0,293.56,4.27,3.71,49
2025-09-22,SKU001,Fone Pulse,Áudio e vídeo,Site,351.75,5,196.11,285,9,9,1,445.33,4.85,3.0,17
2025-09-22,SKU001,Fone Pulse,Áudio e vídeo,Aplicativo,342.7,10,193.58,188,9,9,0,188.79,4.79,2.72,16
2025-09-22,SKU001,Fone Pulse,Áudio e vídeo,Marketplace,352.23,15,192.27,329,11,12,2,345.42,4.68,3.7,24
2025-09-22,SKU002,Caixa Wave,Áudio e vídeo,Site,273.55,5,156.93,336,12,13,1,267.89,4.74,3.19,20
2025-09-22,SKU002,Caixa Wave,Áudio e vídeo,Aplicativo,275.14,20,160.62,300,13,14,1,298.66,4.69,3.15,33
2025-09-22,SKU002,Caixa Wave,Áudio e vídeo,Marketplace,279.37,10,161.21,386,8,8,0,262.38,4.81,4.92,14
2025-09-22,SKU003,Webcam Focus,Áudio e vídeo,Site,402.01,15,235.39,252,7,7,1,414.88,3.45,3.17,10
2025-09-22,SKU003,Webcam Focus,Áudio e vídeo,Aplicativo,419.12,5,229.27,191,5,5,0,275.91,3.75,3.56,10
2025-09-22,SKU003,Webcam Focus,Áudio e vídeo,Marketplace,416.82,15,239.52,276,4,5,0,347.47,3.78,4.32,13
2025-09-22,SKU004,Microfone Voice,Áudio e vídeo,Site,337.79,15,185.47,136,4,4,0,306.76,4.76,3.21,9
2025-09-22,SKU004,Microfone Voice,Áudio e vídeo,Aplicativo,330.18,10,191.49,112,7,8,0,188.91,4.58,3.31,8
2025-09-22,SKU004,Microfone Voice,Áudio e vídeo,Marketplace,345.1,10,196.05,168,5,6,0,349.44,4.72,5.01,9
2025-09-22,SKU005,Soundbar One,Áudio e vídeo,Site,417.71,10,237.15,208,5,5,0,197.87,4.18,1.44,15
2025-09-22,SKU005,Soundbar One,Áudio e vídeo,Aplicativo,404.38,20,241.34,160,7,7,0,213.03,4.09,3.04,13
2025-09-22,SKU005,Soundbar One,Áudio e vídeo,Marketplace,409.94,5,244.88,260,6,9,0,376.9,4.09,4.24,11
2025-09-22,SKU006,Headset Play,Áudio e vídeo,Site,350.25,0,207.11,114,3,4,0,246.97,3.56,3.77,6
2025-09-22,SKU006,Headset Play,Áudio e vídeo,Aplicativo,352.56,25,208.12,113,5,6,0,319.55,3.92,2.41,11
2025-09-22,SKU006,Headset Play,Áudio e vídeo,Marketplace,374.56,20,209.21,124,1,1,0,164.01,3.6,4.85,5
2025-09-22,SKU007,Panela Chef,Casa e cozinha,Site,254.62,5,135.82,438,26,27,0,425.07,4.63,3.85,30
2025-09-22,SKU007,Panela Chef,Casa e cozinha,Aplicativo,270.23,5,133.16,308,14,18,0,143.05,4.68,4.45,18
2025-09-22,SKU007,Panela Chef,Casa e cozinha,Marketplace,269.63,15,135.14,449,21,23,0,280.28,4.5,3.51,28
2025-09-22,SKU008,Air Fryer Easy,Casa e cozinha,Site,302.43,15,159.32,197,7,8,0,445.21,4.84,3.8,17
2025-09-22,SKU008,Air Fryer Easy,Casa e cozinha,Aplicativo,290.61,20,158.81,152,13,14,2,300.22,4.7,2.71,19
2025-09-22,SKU008,Air Fryer Easy,Casa e cozinha,Marketplace,311.94,0,155.06,202,7,7,0,370.43,5.0,3.18,10
2025-09-22,SKU009,Jogo Mesa,Casa e cozinha,Site,199.64,20,104.97,187,12,12,0,223.97,4.18,3.29,12
2025-09-22,SKU009,Jogo Mesa,Casa e cozinha,Aplicativo,198.75,0,103.79,170,9,6,1,222.53,3.96,2.91,6
2025-09-22,SKU009,Jogo Mesa,Casa e cozinha,Marketplace,193.91,10,102.22,257,7,7,0,378.81,4.24,2.84,17
2025-09-22,SKU010,Luminária Aura,Casa e cozinha,Site,198.8,20,98.82,323,10,12,0,365.27,4.3,3.03,24
2025-09-22,SKU010,Luminária Aura,Casa e cozinha,Aplicativo,198.84,10,99.63,253,12,16,0,217.7,4.33,2.85,18
2025-09-22,SKU010,Luminária Aura,Casa e cozinha,Marketplace,195.01,0,103.34,347,13,14,0,285.94,4.52,3.72,21
2025-09-22,SKU011,Organizador Box,Casa e cozinha,Site,303.45,10,161.1,545,21,15,2,219.2,3.86,4.51,15
2025-09-22,SKU011,Organizador Box,Casa e cozinha,Aplicativo,292.79,10,162.56,474,21,23,1,258.91,3.93,2.41,35
2025-09-22,SKU011,Organizador Box,Casa e cozinha,Marketplace,313.19,0,156.9,821,21,27,0,674.43,3.99,4.85,30
2025-09-22,SKU012,Mixer Prático,Casa e cozinha,Site,239.31,10,120.89,164,8,8,1,283.17,3.61,2.74,11
2025-09-22,SKU012,Mixer Prático,Casa e cozinha,Aplicativo,230.97,0,123.79,120,4,5,0,185.31,3.66,3.3,8
2025-09-22,SKU012,Mixer Prático,Casa e cozinha,Marketplace,239.84,15,119.24,196,9,11,0,302.72,3.92,3.78,11
2025-09-22,SKU013,Tênis Run,Esporte,Site,193.8,5,96.56,246,12,13,1,547.66,3.76,3.04,14
2025-09-22,SKU013,Tênis Run,Esporte,Aplicativo,182.5,0,95.66,156,5,6,0,232.73,3.8,3.29,9
2025-09-22,SKU013,Tênis Run,Esporte,Marketplace,195.37,0,98.6,244,3,3,0,356.41,3.79,4.17,10
2025-09-22,SKU014,Mochila Trail,Esporte,Site,200.08,0,96.0,325,10,9,1,287.96,4.82,3.59,9
2025-09-22,SKU014,Mochila Trail,Esporte,Aplicativo,193.33,5,94.05,268,11,12,1,301.21,4.47,2.82,12
2025-09-22,SKU014,Mochila Trail,Esporte,Marketplace,193.52,0,95.02,347,8,9,0,285.0,4.51,3.54,13
2025-09-22,SKU015,Garrafa Move,Esporte,Site,175.76,0,87.8,111,2,2,0,218.94,4.7,3.39,8
2025-09-22,SKU015,Garrafa Move,Esporte,Aplicativo,180.81,20,88.12,96,2,3,0,170.74,4.54,2.33,12
2025-09-22,SKU015,Garrafa Move,Esporte,Marketplace,184.14,20,86.64,147,3,4,2,329.31,4.83,3.86,10
2025-09-22,SKU016,Tapete Zen,Esporte,Site,194.87,20,90.55,289,16,8,1,425.04,3.75,3.43,8
2025-09-22,SKU016,Tapete Zen,Esporte,Aplicativo,187.54,10,91.03,240,11,12,0,216.36,4.0,3.15,14
2025-09-22,SKU016,Tapete Zen,Esporte,Marketplace,185.48,15,93.83,332,10,13,1,408.1,3.92,4.62,14
2025-09-22,SKU017,Kit Funcional,Esporte,Site,157.12,20,77.95,329,22,10,0,299.08,3.8,2.51,10
2025-09-22,SKU017,Kit Funcional,Esporte,Aplicativo,144.27,5,81.51,285,14,17,2,243.24,3.72,2.91,17
2025-09-22,SKU017,Kit Funcional,Esporte,Marketplace,157.39,5,77.82,382,11,13,0,203.32,3.86,4.45,16
2025-09-22,SKU018,Relógio Fit,Esporte,Site,235.29,15,113.16,256,10,10,0,471.43,4.21,3.54,10
2025-09-22,SKU018,Relógio Fit,Esporte,Aplicativo,229.48,5,110.44,224,6,7,2,321.92,4.39,3.51,16
2025-09-22,SKU018,Relógio Fit,Esporte,Marketplace,229.57,10,114.59,273,9,12,0,336.46,4.19,4.18,14
2025-09-22,SKU019,Camiseta Urban,Moda,Site,183.82,0,77.03,153,4,6,1,268.02,4.22,4.38,7
2025-09-22,SKU019,Camiseta Urban,Moda,Aplicativo,182.84,10,77.08,127,16,14,0,217.5,4.18,1.54,14
2025-09-22,SKU019,Camiseta Urban,Moda,Marketplace,178.82,20,78.39,180,3,3,0,314.39,4.29,4.46,13
2025-09-22,SKU020,Calça Flex,Moda,Site,128.1,10,53.2,232,10,11,1,234.7,3.61,3.96,16
2025-09-22,SKU020,Calça Flex,Moda,Aplicativo,122.01,0,55.14,208,5,6,3,338.46,3.64,3.21,12
2025-09-22,SKU020,Calça Flex,Moda,Marketplace,119.81,15,53.77,263,10,9,1,276.92,3.45,4.66,9
2025-09-22,SKU021,Tênis Street,Moda,Site,155.88,20,68.75,189,10,11,2,311.8,4.22,2.29,18
2025-09-22,SKU021,Tênis Street,Moda,Aplicativo,157.45,5,66.97,162,21,14,2,199.98,4.38,3.22,14
2025-09-22,SKU021,Tênis Street,Moda,Marketplace,157.8,10,66.25,251,15,16,1,397.49,4.5,3.64,16
2025-09-22,SKU022,Jaqueta City,Moda,Site,170.3,15,73.06,275,20,19,1,445.45,4.36,3.4,19
2025-09-22,SKU022,Jaqueta City,Moda,Aplicativo,168.04,5,74.88,210,11,11,2,215.16,4.18,2.68,19
2025-09-22,SKU022,Jaqueta City,Moda,Marketplace,170.56,10,73.08,299,9,9,0,226.59,4.13,4.35,18
2025-09-22,SKU023,Bolsa Mini,Moda,Site,133.24,15,60.46,418,12,13,1,202.0,3.58,2.48,30
2025-09-22,SKU023,Bolsa Mini,Moda,Aplicativo,140.69,10,61.11,410,19,21,0,281.01,3.28,2.54,31
2025-09-22,SKU023,Bolsa Mini,Moda,Marketplace,142.56,20,59.8,518,17,20,2,363.45,3.51,4.12,25
2025-09-22,SKU024,Moletom Soft,Moda,Site,137.7,0,57.36,238,8,9,1,283.44,4.23,3.36,15
2025-09-22,SKU024,Moletom Soft,Moda,Aplicativo,131.01,0,54.76,213,5,5,0,191.68,4.19,2.56,18
2025-09-22,SKU024,Moletom Soft,Moda,Marketplace,136.58,0,55.52,358,11,14,2,823.35,4.26,3.62,18
2025-09-22,SKU025,Kit Skin,Beleza,Site,103.7,10,40.16,137,1,1,0,269.26,3.74,2.56,11
2025-09-22,SKU025,Kit Skin,Beleza,Aplicativo,103.78,20,40.01,110,7,8,0,196.49,3.69,2.98,12
2025-09-22,SKU025,Kit Skin,Beleza,Marketplace,104.77,10,39.07,176,4,7,0,435.41,3.65,4.91,7
2025-09-22,SKU026,Perfume Bloom,Beleza,Site,109.16,0,40.27,369,22,14,0,254.96,4.52,3.64,14
2025-09-22,SKU026,Perfume Bloom,Beleza,Aplicativo,108.32,0,42.28,339,17,14,0,237.91,4.41,3.2,14
2025-09-22,SKU026,Perfume Bloom,Beleza,Marketplace,103.59,15,42.49,429,26,30,0,392.37,4.5,4.95,33
2025-09-22,SKU027,Secador Air,Beleza,Site,139.51,10,55.56,225,15,14,0,320.24,4.43,3.3,14
2025-09-22,SKU027,Secador Air,Beleza,Aplicativo,134.41,0,53.54,200,7,7,0,338.78,4.39,3.25,16
2025-09-22,SKU027,Secador Air,Beleza,Marketplace,139.38,15,54.17,256,15,18,0,293.53,4.34,4.41,20
2025-09-22,SKU028,Protetor Daily,Beleza,Site,138.01,10,56.31,243,6,7,0,255.01,3.76,3.59,17
2025-09-22,SKU028,Protetor Daily,Beleza,Aplicativo,143.8,10,54.8,202,7,7,0,191.98,3.8,2.59,7
2025-09-22,SKU028,Protetor Daily,Beleza,Marketplace,145.18,10,55.24,293,7,8,0,305.79,3.81,5.15,12
2025-09-22,SKU029,Escova Glow,Beleza,Site,94.02,5,37.51,247,21,18,2,282.81,4.63,3.55,18
2025-09-22,SKU029,Escova Glow,Beleza,Aplicativo,91.03,5,36.13,210,8,10,0,282.27,4.66,2.45,19
2025-09-22,SKU029,Escova Glow,Beleza,Marketplace,93.84,15,35.54,290,22,25,1,448.72,4.47,3.11,27
2025-09-22,SKU030,Sérum Vita,Beleza,Site,101.79,20,38.88,403,19,23,1,404.03,4.32,3.7,33
2025-09-22,SKU030,Sérum Vita,Beleza,Aplicativo,98.67,5,38.81,381,15,19,1,396.43,4.17,2.96,37
2025-09-22,SKU030,Sérum Vita,Beleza,Marketplace,97.5,15,39.71,436,24,30,1,297.11,4.16,3.4,31
2025-09-22,SKU031,Teclado Type,Informática,Site,621.55,25,395.45,217,8,8,1,187.08,4.13,2.13,12
2025-09-22,SKU031,Teclado Type,Informática,Aplicativo,596.39,5,402.21,202,6,8,0,237.85,4.08,2.95,12
2025-09-22,SKU031,Teclado Type,Informática,Marketplace,590.97,5,397.94,228,5,5,0,239.39,4.01,3.42,8
2025-09-22,SKU032,Mouse Click,Informática,Site,492.58,15,319.78,205,8,10,1,287.07,4.47,2.9,11
2025-09-22,SKU032,Mouse Click,Informática,Aplicativo,489.95,5,319.2,143,9,8,1,276.0,4.36,3.12,8
2025-09-22,SKU032,Mouse Click,Informática,Marketplace,483.65,10,324.19,196,8,9,1,245.31,4.32,4.67,9
2025-09-22,SKU033,Monitor View,Informática,Site,416.08,20,273.42,81,5,5,0,369.57,3.7,3.69,5
2025-09-22,SKU033,Monitor View,Informática,Aplicativo,408.37,0,283.71,50,1,2,0,181.58,3.66,3.2,2
2025-09-22,SKU033,Monitor View,Informática,Marketplace,404.96,25,281.73,88,3,3,0,372.85,3.8,3.96,5
2025-09-22,SKU034,SSD Fast,Informática,Site,671.41,15,443.51,111,2,2,0,314.5,4.45,3.53,6
2025-09-22,SKU034,SSD Fast,Informática,Aplicativo,692.07,5,442.88,82,3,4,1,183.48,4.4,2.33,5
2025-09-22,SKU034,SSD Fast,Informática,Marketplace,627.32,15,437.93,122,8,7,0,489.54,4.49,3.64,7
2025-09-22,SKU035,Hub Connect,Informática,Site,697.01,10,466.97,151,4,4,0,332.99,4.74,2.33,9
2025-09-22,SKU035,Hub Connect,Informática,Aplicativo,690.82,10,455.29,119,8,7,1,238.91,4.46,3.53,7
2025-09-22,SKU035,Hub Connect,Informática,Marketplace,705.69,20,453.55,185,6,6,0,508.32,4.51,4.97,8
2025-09-22,SKU036,Notebook Go,Informática,Site,525.93,15,342.33,273,13,10,0,275.28,3.99,3.37,10
2025-09-22,SKU036,Notebook Go,Informática,Aplicativo,549.13,10,347.64,243,10,10,0,232.59,3.83,2.96,11
2025-09-22,SKU036,Notebook Go,Informática,Marketplace,554.78,15,350.61,339,11,12,1,349.42,3.7,4.1,13
2025-09-22,SKU037,Bloco Criar,Infantil,Site,169.61,0,75.56,123,2,2,0,229.94,4.18,2.57,9
2025-09-22,SKU037,Bloco Criar,Infantil,Aplicativo,153.39,20,74.9,102,6,7,1,189.54,4.01,2.22,14
2025-09-22,SKU037,Bloco Criar,Infantil,Marketplace,159.81,20,72.5,147,7,7,0,396.73,4.02,5.26,9
2025-09-22,SKU038,Livro Descobrir,Infantil,Site,120.01,0,54.96,89,3,4,0,532.63,4.36,2.93,5
2025-09-22,SKU038,Livro Descobrir,Infantil,Aplicativo,114.69,15,56.19,56,3,3,0,164.84,4.22,2.6,6
2025-09-22,SKU038,Livro Descobrir,Infantil,Marketplace,116.3,20,54.67,112,5,6,0,238.1,4.36,3.56,8
2025-09-22,SKU039,Jogo Família,Infantil,Site,158.17,25,73.87,161,9,7,0,291.37,4.5,4.86,7
2025-09-22,SKU039,Jogo Família,Infantil,Aplicativo,162.79,15,72.54,121,5,6,0,234.61,4.5,3.43,12
2025-09-22,SKU039,Jogo Família,Infantil,Marketplace,162.73,20,73.26,177,8,8,0,311.44,4.7,4.54,8
2025-09-22,SKU040,Mochila Kids,Infantil,Site,125.9,20,60.69,199,12,13,0,692.2,4.41,3.59,15
2025-09-22,SKU040,Mochila Kids,Infantil,Aplicativo,125.33,10,58.44,112,4,4,0,173.76,4.24,3.35,8
2025-09-22,SKU040,Mochila Kids,Infantil,Marketplace,127.95,10,59.9,164,6,6,1,169.91,4.64,5.19,11
2025-09-22,SKU041,Pelúcia Nuvem,Infantil,Site,146.36,10,67.05,422,17,20,0,247.56,3.63,2.62,21
2025-09-22,SKU041,Pelúcia Nuvem,Infantil,Aplicativo,145.28,10,64.87,374,17,20,0,239.94,3.46,2.41,25
2025-09-22,SKU041,Pelúcia Nuvem,Infantil,Marketplace,142.84,10,65.85,508,12,13,1,209.3,3.64,4.03,28
2025-09-22,SKU042,Patinete Joy,Infantil,Site,100.39,20,46.53,231,13,15,0,294.04,4.1,3.47,16
2025-09-22,SKU042,Patinete Joy,Infantil,Aplicativo,98.73,20,46.67,173,9,10,0,265.67,4.18,3.47,17
2025-09-22,SKU042,Patinete Joy,Infantil,Marketplace,96.05,20,44.48,301,11,12,0,382.11,4.36,4.63,17
2025-09-22,SKU043,Cama Cozy,Pet,Site,87.53,20,39.74,438,18,24,0,418.09,3.76,3.27,33
2025-09-22,SKU043,Cama Cozy,Pet,Aplicativo,90.52,10,39.17,286,13,14,0,263.31,3.48,2.77,23
2025-09-22,SKU043,Cama Cozy,Pet,Marketplace,90.57,0,39.23,445,13,11,0,416.98,3.69,3.77,11
2025-09-22,SKU044,Fonte Fresh,Pet,Site,92.84,10,38.92,129,7,7,0,244.46,4.92,3.26,11
2025-09-22,SKU044,Fonte Fresh,Pet,Aplicativo,90.21,10,40.21,109,8,9,0,346.45,4.73,3.32,10
2025-09-22,SKU044,Fonte Fresh,Pet,Marketplace,90.27,10,39.28,149,6,7,1,329.37,4.91,3.99,13
2025-09-22,SKU045,Brinquedo Fun,Pet,Site,102.47,5,44.39,199,8,8,0,318.56,4.45,2.43,15
2025-09-22,SKU045,Brinquedo Fun,Pet,Aplicativo,104.5,20,45.11,169,9,9,0,233.54,4.38,3.5,16
2025-09-22,SKU045,Brinquedo Fun,Pet,Marketplace,101.64,15,44.39,244,7,9,0,470.59,4.28,4.44,17
2025-09-22,SKU046,Coleira Safe,Pet,Site,140.44,25,60.7,229,16,16,0,239.07,4.17,3.32,16
2025-09-22,SKU046,Coleira Safe,Pet,Aplicativo,140.31,20,61.65,176,9,9,0,249.49,4.15,2.97,14
2025-09-22,SKU046,Coleira Safe,Pet,Marketplace,134.89,10,60.19,229,9,11,0,402.79,4.09,4.76,12
2025-09-22,SKU047,Comedouro Smart,Pet,Site,88.3,25,35.82,278,17,21,2,223.67,4.18,4.42,21
2025-09-22,SKU047,Comedouro Smart,Pet,Aplicativo,84.94,10,37.72,222,12,14,0,186.54,4.25,3.02,22
2025-09-22,SKU047,Comedouro Smart,Pet,Marketplace,83.24,10,37.98,330,8,9,0,243.89,4.28,3.86,22
2025-09-22,SKU048,Kit Higiene,Pet,Site,134.35,25,59.31,448,31,32,0,183.94,4.26,3.47,32
2025-09-22,SKU048,Kit Higiene,Pet,Aplicativo,139.66,30,60.11,506,42,47,0,341.76,4.29,3.28,58
2025-09-22,SKU048,Kit Higiene,Pet,Marketplace,140.38,5,60.7,651,27,33,1,354.69,4.53,4.15,40
2025-09-29,SKU001,Fone Pulse,Áudio e vídeo,Site,332.91,10,200.41,264,12,12,0,232.09,4.66,3.33,18
2025-09-29,SKU001,Fone Pulse,Áudio e vídeo,Aplicativo,336.92,5,192.21,243,14,15,1,393.26,4.81,3.44,21
2025-09-29,SKU001,Fone Pulse,Áudio e vídeo,Marketplace,338.0,10,194.53,296,7,9,0,333.78,4.89,3.2,22
2025-09-29,SKU002,Caixa Wave,Áudio e vídeo,Site,285.36,0,157.64,390,13,16,0,432.25,4.92,3.03,23
2025-09-29,SKU002,Caixa Wave,Áudio e vídeo,Aplicativo,278.44,10,162.81,316,15,17,0,257.4,4.88,3.28,18
2025-09-29,SKU002,Caixa Wave,Áudio e vídeo,Marketplace,284.11,20,160.61,423,24,22,2,458.1,4.79,4.84,22
2025-09-29,SKU003,Webcam Focus,Áudio e vídeo,Site,408.91,0,234.06,230,15,9,1,176.0,3.65,3.78,9
2025-09-29,SKU003,Webcam Focus,Áudio e vídeo,Aplicativo,413.45,15,232.39,219,11,12,1,334.81,3.66,2.68,13
2025-09-29,SKU003,Webcam Focus,Áudio e vídeo,Marketplace,411.43,15,237.41,285,3,4,2,438.88,3.82,3.96,13
2025-09-29,SKU004,Microfone Voice,Áudio e vídeo,Site,346.24,5,186.67,125,3,3,0,176.72,4.59,3.25,6
2025-09-29,SKU004,Microfone Voice,Áudio e vídeo,Aplicativo,336.24,5,192.05,111,6,7,1,241.99,4.72,3.28,7
2025-09-29,SKU004,Microfone Voice,Áudio e vídeo,Marketplace,323.19,10,187.3,171,5,5,0,348.37,5.0,4.5,11
2025-09-29,SKU005,Soundbar One,Áudio e vídeo,Site,412.48,10,234.78,239,15,17,1,371.31,4.2,3.02,17
2025-09-29,SKU005,Soundbar One,Áudio e vídeo,Aplicativo,410.76,0,238.64,225,6,6,0,468.67,3.93,3.29,9
2025-09-29,SKU005,Soundbar One,Áudio e vídeo,Marketplace,424.82,15,242.66,267,7,10,0,304.72,3.97,4.26,15
2025-09-29,SKU006,Headset Play,Áudio e vídeo,Site,379.88,10,209.4,134,4,4,0,234.74,3.57,3.24,6
2025-09-29,SKU006,Headset Play,Áudio e vídeo,Aplicativo,361.04,15,209.31,108,7,6,1,207.35,3.71,3.67,6
2025-09-29,SKU006,Headset Play,Áudio e vídeo,Marketplace,355.49,5,203.87,182,5,6,0,322.64,3.72,4.1,7
2025-09-29,SKU007,Panela Chef,Casa e cozinha,Site,257.36,10,134.4,404,21,26,1,309.62,4.55,2.67,40
2025-09-29,SKU007,Panela Chef,Casa e cozinha,Aplicativo,253.15,10,136.15,379,21,23,0,384.88,4.48,4.68,30
2025-09-29,SKU007,Panela Chef,Casa e cozinha,Marketplace,258.6,0,133.77,422,12,13,0,280.07,4.64,3.96,25
2025-09-29,SKU008,Air Fryer Easy,Casa e cozinha,Site,310.52,10,161.2,215,9,11,1,302.71,4.76,3.38,12
2025-09-29,SKU008,Air Fryer Easy,Casa e cozinha,Aplicativo,298.26,0,160.82,154,13,13,0,243.64,4.59,2.6,13
2025-09-29,SKU008,Air Fryer Easy,Casa e cozinha,Marketplace,302.77,20,153.46,227,11,12,0,391.53,4.82,3.79,21
2025-09-29,SKU009,Jogo Mesa,Casa e cozinha,Site,195.58,15,102.94,199,9,9,0,217.82,4.22,3.23,14
2025-09-29,SKU009,Jogo Mesa,Casa e cozinha,Aplicativo,201.03,30,104.29,180,12,13,0,224.29,4.03,2.98,15
2025-09-29,SKU009,Jogo Mesa,Casa e cozinha,Marketplace,192.62,10,103.51,247,12,13,0,269.24,4.12,4.38,16
2025-09-29,SKU010,Luminária Aura,Casa e cozinha,Site,194.57,20,102.07,339,13,14,1,335.44,4.69,4.04,25
2025-09-29,SKU010,Luminária Aura,Casa e cozinha,Aplicativo,185.51,5,100.09,258,7,8,1,210.89,4.3,1.38,17
2025-09-29,SKU010,Luminária Aura,Casa e cozinha,Marketplace,197.23,10,100.75,312,7,7,1,213.19,4.53,4.82,15
2025-09-29,SKU011,Organizador Box,Casa e cozinha,Site,293.81,0,161.5,516,30,35,1,166.26,4.06,2.45,35
2025-09-29,SKU011,Organizador Box,Casa e cozinha,Aplicativo,297.54,5,157.56,473,21,25,0,175.68,4.08,3.0,34
2025-09-29,SKU011,Organizador Box,Casa e cozinha,Marketplace,315.8,0,157.11,629,25,31,1,291.57,4.1,4.1,34
2025-09-29,SKU012,Mixer Prático,Casa e cozinha,Site,235.11,20,117.85,171,7,8,0,282.46,3.49,2.97,10
2025-09-29,SKU012,Mixer Prático,Casa e cozinha,Aplicativo,228.48,20,122.38,134,11,11,1,191.75,4.1,2.43,11
2025-09-29,SKU012,Mixer Prático,Casa e cozinha,Marketplace,234.46,10,124.1,217,4,5,0,394.86,3.85,3.84,12
2025-09-29,SKU013,Tênis Run,Esporte,Site,200.76,20,98.65,214,10,10,0,425.9,3.88,2.64,13
2025-09-29,SKU013,Tênis Run,Esporte,Aplicativo,193.12,10,94.43,157,7,9,0,203.09,3.93,2.73,11
2025-09-29,SKU013,Tênis Run,Esporte,Marketplace,202.92,20,96.16,277,10,11,0,291.43,3.92,4.24,13
2025-09-29,SKU014,Mochila Trail,Esporte,Site,193.54,10,95.0,332,10,11,0,170.05,4.54,3.15,20
2025-09-29,SKU014,Mochila Trail,Esporte,Aplicativo,192.11,5,92.34,235,8,8,0,193.37,4.48,2.35,9
2025-09-29,SKU014,Mochila Trail,Esporte,Marketplace,183.1,10,95.28,356,15,17,1,361.47,4.75,2.59,30
2025-09-29,SKU015,Garrafa Move,Esporte,Site,174.7,5,88.25,120,6,6,0,301.96,4.66,3.31,8
2025-09-29,SKU015,Garrafa Move,Esporte,Aplicativo,171.82,10,89.35,94,6,7,0,259.79,4.64,2.64,9
2025-09-29,SKU015,Garrafa Move,Esporte,Marketplace,178.21,15,84.73,133,4,6,0,346.4,4.56,3.27,9
2025-09-29,SKU016,Tapete Zen,Esporte,Site,180.1,15,88.53,244,12,14,2,230.37,4.09,2.34,14
2025-09-29,SKU016,Tapete Zen,Esporte,Aplicativo,183.96,0,90.24,185,7,9,0,151.41,4.15,2.7,14
2025-09-29,SKU016,Tapete Zen,Esporte,Marketplace,185.92,20,90.29,311,8,9,1,320.73,3.87,3.52,15
2025-09-29,SKU017,Kit Funcional,Esporte,Site,158.31,10,78.63,360,6,8,1,266.01,3.96,4.05,17
2025-09-29,SKU017,Kit Funcional,Esporte,Aplicativo,162.02,20,78.01,266,17,20,0,205.66,3.71,2.99,20
2025-09-29,SKU017,Kit Funcional,Esporte,Marketplace,157.85,5,77.9,371,6,8,0,201.8,3.76,3.52,21
2025-09-29,SKU018,Relógio Fit,Esporte,Site,228.52,15,112.66,217,10,12,0,318.41,4.33,3.73,17
2025-09-29,SKU018,Relógio Fit,Esporte,Aplicativo,227.11,0,113.84,227,12,15,1,404.01,4.61,3.21,19
2025-09-29,SKU018,Relógio Fit,Esporte,Marketplace,233.86,25,114.69,277,14,17,1,385.16,4.6,4.17,17
2025-09-29,SKU019,Camiseta Urban,Moda,Site,189.13,15,76.13,154,6,7,3,386.18,4.14,3.62,13
2025-09-29,SKU019,Camiseta Urban,Moda,Aplicativo,179.78,25,77.83,117,9,9,0,194.47,4.18,2.63,19
2025-09-29,SKU019,Camiseta Urban,Moda,Marketplace,184.7,5,78.41,184,7,8,2,309.8,4.34,4.28,10
2025-09-29,SKU020,Calça Flex,Moda,Site,124.31,10,53.46,232,4,5,0,301.25,3.76,3.0,17
2025-09-29,SKU020,Calça Flex,Moda,Aplicativo,127.91,0,54.35,184,7,9,1,139.77,3.74,2.39,12
2025-09-29,SKU020,Calça Flex,Moda,Marketplace,123.74,5,53.54,236,8,8,1,130.49,3.6,4.35,12
2025-09-29,SKU021,Tênis Street,Moda,Site,151.73,5,67.44,183,9,11,1,228.27,4.32,3.54,14
2025-09-29,SKU021,Tênis Street,Moda,Aplicativo,158.68,10,66.38,159,12,13,1,333.38,4.28,2.61,15
2025-09-29,SKU021,Tênis Street,Moda,Marketplace,150.31,5,65.52,245,11,12,2,372.08,4.21,3.85,15
2025-09-29,SKU022,Jaqueta City,Moda,Site,173.71,5,72.67,264,11,12,3,292.66,4.36,2.18,19
2025-09-29,SKU022,Jaqueta City,Moda,Aplicativo,171.08,0,72.49,236,17,17,1,247.41,4.33,2.75,17
2025-09-29,SKU022,Jaqueta City,Moda,Marketplace,163.6,0,74.6,327,6,8,1,359.81,4.04,3.84,16
2025-09-29,SKU023,Bolsa Mini,Moda,Site,139.2,0,59.31,457,14,14,1,251.97,3.64,3.4,17
2025-09-29,SKU023,Bolsa Mini,Moda,Aplicativo,140.2,0,58.86,406,11,13,0,265.38,3.42,2.7,26
2025-09-29,SKU023,Bolsa Mini,Moda,Marketplace,140.02,0,60.76,615,12,14,1,668.1,3.53,4.78,19
2025-09-29,SKU024,Moletom Soft,Moda,Site,136.46,15,55.46,218,10,11,4,168.89,4.07,3.56,16
2025-09-29,SKU024,Moletom Soft,Moda,Aplicativo,131.18,5,56.99,225,11,13,1,210.75,4.14,2.64,18
2025-09-29,SKU024,Moletom Soft,Moda,Marketplace,130.95,10,55.88,286,7,8,2,371.89,4.27,4.4,21
2025-09-29,SKU025,Kit Skin,Beleza,Site,107.38,10,39.81,146,9,8,0,179.59,3.66,2.95,8
2025-09-29,SKU025,Kit Skin,Beleza,Aplicativo,103.56,10,39.93,107,6,7,1,232.07,3.42,3.29,7
2025-09-29,SKU025,Kit Skin,Beleza,Marketplace,102.6,25,40.11,181,12,10,0,366.13,3.73,4.4,10
2025-09-29,SKU026,Perfume Bloom,Beleza,Site,103.47,15,41.69,380,29,31,0,286.8,4.55,3.16,31
2025-09-29,SKU026,Perfume Bloom,Beleza,Aplicativo,106.32,10,40.99,278,16,15,0,145.41,4.3,3.32,15
2025-09-29,SKU026,Perfume Bloom,Beleza,Marketplace,109.23,0,40.34,445,15,19,1,402.26,4.44,3.8,21
2025-09-29,SKU027,Secador Air,Beleza,Site,137.4,15,54.32,213,9,10,0,381.2,4.33,3.58,16
2025-09-29,SKU027,Secador Air,Beleza,Aplicativo,141.27,5,53.47,209,13,15,0,296.36,4.35,3.05,20
2025-09-29,SKU027,Secador Air,Beleza,Marketplace,142.29,0,55.23,279,10,11,1,342.99,4.27,4.8,16
2025-09-29,SKU028,Protetor Daily,Beleza,Site,139.22,0,54.27,271,11,13,1,369.7,3.58,2.63,16
2025-09-29,SKU028,Protetor Daily,Beleza,Aplicativo,141.55,15,54.9,228,11,13,0,237.44,3.71,4.25,20
2025-09-29,SKU028,Protetor Daily,Beleza,Marketplace,143.08,15,55.45,271,11,14,0,299.96,3.72,3.89,19
2025-09-29,SKU029,Escova Glow,Beleza,Site,90.87,25,36.92,231,12,12,0,245.33,4.43,2.74,31
2025-09-29,SKU029,Escova Glow,Beleza,Aplicativo,91.06,20,36.61,180,18,20,0,147.4,4.59,3.06,23
2025-09-29,SKU029,Escova Glow,Beleza,Marketplace,87.96,5,36.82,273,14,17,1,263.45,4.47,3.88,21
2025-09-29,SKU030,Sérum Vita,Beleza,Site,97.26,25,36.22,374,27,30,0,259.86,4.16,1.83,32
2025-09-29,SKU030,Sérum Vita,Beleza,Aplicativo,97.1,10,38.85,347,16,19,0,391.92,4.25,3.32,31
2025-09-29,SKU030,Sérum Vita,Beleza,Marketplace,99.98,20,38.21,411,28,32,0,226.88,4.29,3.32,33
2025-09-29,SKU031,Teclado Type,Informática,Site,597.32,20,417.82,227,9,10,0,207.92,4.11,3.33,14
2025-09-29,SKU031,Teclado Type,Informática,Aplicativo,606.3,10,394.06,206,5,6,0,217.35,3.97,2.69,10
2025-09-29,SKU031,Teclado Type,Informática,Marketplace,599.24,20,395.46,240,6,7,0,282.13,4.19,3.76,12
2025-09-29,SKU032,Mouse Click,Informática,Site,480.13,0,320.0,246,4,4,0,683.07,4.5,3.3,8
2025-09-29,SKU032,Mouse Click,Informática,Aplicativo,515.11,15,317.94,127,5,5,0,187.8,4.24,3.21,6
2025-09-29,SKU032,Mouse Click,Informática,Marketplace,493.68,5,315.18,204,4,5,0,349.2,4.27,4.41,8
2025-09-29,SKU033,Monitor View,Informática,Site,433.08,25,276.83,78,1,1,0,332.18,3.9,5.1,4
2025-09-29,SKU033,Monitor View,Informática,Aplicativo,439.18,5,276.55,59,4,3,0,170.98,3.8,2.84,3
2025-09-29,SKU033,Monitor View,Informática,Marketplace,418.66,10,277.39,95,1,1,0,318.19,3.73,3.86,5
2025-09-29,SKU034,SSD Fast,Informática,Site,670.21,5,441.3,104,2,2,0,280.67,4.25,2.97,6
2025-09-29,SKU034,SSD Fast,Informática,Aplicativo,661.03,5,435.28,94,6,6,0,157.74,4.53,2.51,6
2025-09-29,SKU034,SSD Fast,Informática,Marketplace,662.32,0,445.86,119,4,4,0,312.83,4.44,3.33,5
2025-09-29,SKU035,Hub Connect,Informática,Site,667.09,15,460.66,128,3,4,0,211.88,4.39,2.87,8
2025-09-29,SKU035,Hub Connect,Informática,Aplicativo,695.76,5,450.91,117,5,5,0,183.48,4.71,2.42,7
2025-09-29,SKU035,Hub Connect,Informática,Marketplace,686.18,30,462.42,179,8,10,0,373.96,4.57,3.5,14
2025-09-29,SKU036,Notebook Go,Informática,Site,535.26,15,346.32,252,3,4,0,180.39,3.87,3.67,11
2025-09-29,SKU036,Notebook Go,Informática,Aplicativo,534.41,0,358.44,235,4,4,0,205.23,3.88,3.39,10
2025-09-29,SKU036,Notebook Go,Informática,Marketplace,531.9,0,328.92,284,5,6,0,291.87,3.89,3.18,11
2025-09-29,SKU037,Bloco Criar,Infantil,Site,160.72,10,75.85,126,6,7,0,272.96,4.33,3.11,10
2025-09-29,SKU037,Bloco Criar,Infantil,Aplicativo,152.19,20,77.59,111,4,4,0,334.25,4.27,4.04,9
2025-09-29,SKU037,Bloco Criar,Infantil,Marketplace,158.53,5,76.35,128,5,5,0,324.42,4.03,4.25,8
2025-09-29,SKU038,Livro Descobrir,Infantil,Site,117.51,10,55.12,93,3,3,0,453.17,4.29,4.59,6
2025-09-29,SKU038,Livro Descobrir,Infantil,Aplicativo,120.01,15,53.93,63,2,3,0,155.76,4.32,3.09,5
2025-09-29,SKU038,Livro Descobrir,Infantil,Marketplace,118.2,5,55.06,112,3,5,0,501.21,4.32,4.34,5
2025-09-29,SKU039,Jogo Família,Infantil,Site,155.02,5,76.02,155,2,2,0,232.99,4.18,2.66,10
2025-09-29,SKU039,Jogo Família,Infantil,Aplicativo,150.94,10,73.01,97,9,9,0,215.44,4.56,2.7,10
2025-09-29,SKU039,Jogo Família,Infantil,Marketplace,156.54,10,73.35,208,10,11,1,605.68,4.46,2.71,12
2025-09-29,SKU040,Mochila Kids,Infantil,Site,123.93,20,59.79,160,6,7,1,502.34,4.59,3.18,14
2025-09-29,SKU040,Mochila Kids,Infantil,Aplicativo,127.38,20,59.0,120,9,12,0,231.47,4.25,3.64,12
2025-09-29,SKU040,Mochila Kids,Infantil,Marketplace,127.1,5,60.6,203,15,10,0,387.86,4.44,4.68,10
2025-09-29,SKU041,Pelúcia Nuvem,Infantil,Site,139.72,0,66.42,428,16,17,0,297.01,3.52,2.72,18
2025-09-29,SKU041,Pelúcia Nuvem,Infantil,Aplicativo,143.53,20,66.3,427,21,23,3,398.87,3.63,2.39,41
2025-09-29,SKU041,Pelúcia Nuvem,Infantil,Marketplace,135.73,10,67.17,535,19,21,0,474.37,3.73,4.63,28
2025-09-29,SKU042,Patinete Joy,Infantil,Site,98.45,5,46.33,221,22,16,1,360.0,4.07,2.78,16
2025-09-29,SKU042,Patinete Joy,Infantil,Aplicativo,98.2,10,45.84,180,11,13,1,186.16,4.23,2.47,15
2025-09-29,SKU042,Patinete Joy,Infantil,Marketplace,100.64,10,47.56,248,6,6,0,283.11,4.07,4.15,12
2025-09-29,SKU043,Cama Cozy,Pet,Site,90.37,5,38.38,372,13,15,1,292.49,3.72,2.82,22
2025-09-29,SKU043,Cama Cozy,Pet,Aplicativo,89.88,15,40.27,273,10,11,0,178.81,3.65,3.23,18
2025-09-29,SKU043,Cama Cozy,Pet,Marketplace,90.64,10,39.05,458,23,25,1,321.93,3.63,3.69,26
2025-09-29,SKU044,Fonte Fresh,Pet,Site,90.84,0,40.19,145,7,7,0,435.81,4.86,3.66,10
2025-09-29,SKU044,Fonte Fresh,Pet,Aplicativo,89.6,10,39.09,117,9,8,0,197.02,4.82,2.7,8
2025-09-29,SKU044,Fonte Fresh,Pet,Marketplace,87.2,20,39.21,168,9,10,0,310.76,4.57,4.71,12
2025-09-29,SKU045,Brinquedo Fun,Pet,Site,101.46,0,43.04,190,5,6,0,291.99,4.43,3.74,15
2025-09-29,SKU045,Brinquedo Fun,Pet,Aplicativo,100.32,5,45.42,144,7,7,1,232.06,4.3,2.81,14
2025-09-29,SKU045,Brinquedo Fun,Pet,Marketplace,98.71,10,44.3,230,8,8,0,376.47,4.31,5.03,17
2025-09-29,SKU046,Coleira Safe,Pet,Site,134.46,15,59.57,197,11,12,0,314.29,4.14,2.75,16
2025-09-29,SKU046,Coleira Safe,Pet,Aplicativo,135.82,0,60.5,200,6,7,0,449.71,4.29,2.23,17
2025-09-29,SKU046,Coleira Safe,Pet,Marketplace,138.39,0,60.56,239,8,10,0,336.01,4.08,3.73,14
2025-09-29,SKU047,Comedouro Smart,Pet,Site,88.45,5,38.17,256,11,12,1,337.29,4.13,2.94,18
2025-09-29,SKU047,Comedouro Smart,Pet,Aplicativo,84.92,0,37.06,235,10,14,0,308.69,4.22,3.45,15
2025-09-29,SKU047,Comedouro Smart,Pet,Marketplace,86.6,25,38.02,308,17,17,1,328.36,4.24,4.26,22
2025-09-29,SKU048,Kit Higiene,Pet,Site,135.12,5,61.29,496,25,29,2,225.54,4.56,2.59,38
2025-09-29,SKU048,Kit Higiene,Pet,Aplicativo,137.95,5,61.68,376,23,27,1,140.84,4.18,2.91,37
2025-09-29,SKU048,Kit Higiene,Pet,Marketplace,137.08,0,60.47,578,16,17,0,338.81,4.19,4.31,23
2025-10-06,SKU001,Fone Pulse,Áudio e vídeo,Site,350.16,20,194.25,233,7,8,0,169.65,4.65,4.28,13
2025-10-06,SKU001,Fone Pulse,Áudio e vídeo,Aplicativo,346.23,20,196.0,168,8,10,0,225.09,4.55,3.03,14
2025-10-06,SKU001,Fone Pulse,Áudio e vídeo,Marketplace,346.43,10,198.27,281,9,11,1,274.79,4.6,3.6,16
2025-10-06,SKU002,Caixa Wave,Áudio e vídeo,Site,265.62,5,155.17,312,15,16,0,206.36,4.9,2.51,24
2025-10-06,SKU002,Caixa Wave,Áudio e vídeo,Aplicativo,284.83,10,156.34,296,10,11,0,214.27,4.62,2.74,23
2025-10-06,SKU002,Caixa Wave,Áudio e vídeo,Marketplace,284.64,5,156.81,404,10,10,2,269.12,4.87,4.03,10
2025-10-06,SKU003,Webcam Focus,Áudio e vídeo,Site,422.26,20,232.1,237,17,8,0,323.11,3.66,3.34,8
2025-10-06,SKU003,Webcam Focus,Áudio e vídeo,Aplicativo,403.76,20,233.08,209,9,9,0,220.86,3.76,3.64,12
2025-10-06,SKU003,Webcam Focus,Áudio e vídeo,Marketplace,405.58,5,240.21,235,4,4,0,267.26,3.65,4.04,9
2025-10-06,SKU004,Microfone Voice,Áudio e vídeo,Site,331.56,10,192.04,149,8,9,1,232.81,4.82,3.72,11
2025-10-06,SKU004,Microfone Voice,Áudio e vídeo,Aplicativo,323.67,5,194.26,113,8,8,0,297.01,4.93,2.89,8
2025-10-06,SKU004,Microfone Voice,Áudio e vídeo,Marketplace,329.58,15,186.1,157,6,7,0,353.75,4.64,3.0,10
2025-10-06,SKU005,Soundbar One,Áudio e vídeo,Site,411.33,0,239.93,230,5,5,1,232.29,4.12,2.79,11
2025-10-06,SKU005,Soundbar One,Áudio e vídeo,Aplicativo,422.31,20,250.67,197,7,7,0,297.23,3.95,3.89,15
2025-10-06,SKU005,Soundbar One,Áudio e vídeo,Marketplace,407.74,15,234.42,294,11,10,1,256.47,3.93,4.14,10
2025-10-06,SKU006,Headset Play,Áudio e vídeo,Site,371.74,5,211.83,164,5,5,0,497.4,3.59,2.72,8
2025-10-06,SKU006,Headset Play,Áudio e vídeo,Aplicativo,355.51,0,206.63,104,3,3,0,186.41,3.52,2.37,5
2025-10-06,SKU006,Headset Play,Áudio e vídeo,Marketplace,375.33,10,207.32,164,5,5,1,479.58,3.74,4.32,8
2025-10-06,SKU007,Panela Chef,Casa e cozinha,Site,269.02,0,134.29,457,18,22,0,361.3,4.75,2.92,29
2025-10-06,SKU007,Panela Chef,Casa e cozinha,Aplicativo,256.74,15,134.0,344,11,13,0,338.91,4.62,3.75,34
2025-10-06,SKU007,Panela Chef,Casa e cozinha,Marketplace,267.24,0,137.69,518,16,17,1,402.97,4.61,3.75,23
2025-10-06,SKU008,Air Fryer Easy,Casa e cozinha,Site,309.95,15,158.32,177,9,10,0,319.11,4.69,2.44,19
2025-10-06,SKU008,Air Fryer Easy,Casa e cozinha,Aplicativo,302.3,15,159.49,145,14,15,2,268.36,4.81,2.16,20
2025-10-06,SKU008,Air Fryer Easy,Casa e cozinha,Marketplace,292.71,10,156.96,214,6,6,0,229.15,4.68,4.11,15
2025-10-06,SKU009,Jogo Mesa,Casa e cozinha,Site,196.3,0,105.97,238,10,11,0,550.75,4.01,2.93,11
2025-10-06,SKU009,Jogo Mesa,Casa e cozinha,Aplicativo,201.26,10,104.69,183,14,16,1,351.73,4.26,2.86,17
2025-10-06,SKU009,Jogo Mesa,Casa e cozinha,Marketplace,208.21,10,103.61,272,9,10,0,616.68,4.12,4.21,15
2025-10-06,SKU010,Luminária Aura,Casa e cozinha,Site,192.11,10,100.58,276,10,11,0,192.36,4.63,3.64,18
2025-10-06,SKU010,Luminária Aura,Casa e cozinha,Aplicativo,191.89,15,101.43,263,17,19,0,179.15,4.3,3.06,29
2025-10-06,SKU010,Luminária Aura,Casa e cozinha,Marketplace,190.46,20,100.35,358,15,18,0,211.96,4.57,3.44,37
2025-10-06,SKU011,Organizador Box,Casa e cozinha,Site,294.96,10,153.33,586,15,17,0,325.74,4.01,3.33,42
2025-10-06,SKU011,Organizador Box,Casa e cozinha,Aplicativo,286.91,0,156.79,481,22,23,0,277.47,4.12,4.46,29
2025-10-06,SKU011,Organizador Box,Casa e cozinha,Marketplace,301.85,10,158.34,771,23,27,0,585.32,4.07,4.69,36
2025-10-06,SKU012,Mixer Prático,Casa e cozinha,Site,233.29,10,123.46,198,18,12,1,383.15,3.89,2.76,12
2025-10-06,SKU012,Mixer Prático,Casa e cozinha,Aplicativo,236.38,15,125.21,131,4,6,0,163.79,3.87,4.05,8
2025-10-06,SKU012,Mixer Prático,Casa e cozinha,Marketplace,232.66,10,126.2,171,3,3,0,384.76,3.86,4.74,7
2025-10-06,SKU013,Tênis Run,Esporte,Site,197.99,20,94.03,218,7,8,0,292.74,3.86,3.25,13
2025-10-06,SKU013,Tênis Run,Esporte,Aplicativo,197.55,5,94.87,159,5,5,0,147.12,3.91,2.53,7
2025-10-06,SKU013,Tênis Run,Esporte,Marketplace,187.73,15,92.95,248,11,11,0,227.52,3.74,3.61,13
2025-10-06,SKU014,Mochila Trail,Esporte,Site,201.71,10,95.29,340,16,18,0,313.01,4.65,3.08,20
2025-10-06,SKU014,Mochila Trail,Esporte,Aplicativo,193.26,0,94.24,278,12,14,1,272.45,4.76,2.84,19
2025-10-06,SKU014,Mochila Trail,Esporte,Marketplace,190.71,0,93.73,357,19,19,2,284.54,4.69,3.25,19
2025-10-06,SKU015,Garrafa Move,Esporte,Site,177.86,0,86.56,121,1,2,0,278.16,4.64,3.49,6
2025-10-06,SKU015,Garrafa Move,Esporte,Aplicativo,176.12,10,86.73,108,8,9,0,193.59,4.74,2.47,11
2025-10-06,SKU015,Garrafa Move,Esporte,Marketplace,176.83,0,85.55,150,3,3,1,389.05,4.6,3.63,9
2025-10-06,SKU016,Tapete Zen,Esporte,Site,186.17,10,89.34,270,6,7,1,305.37,3.98,3.59,15
2025-10-06,SKU016,Tapete Zen,Esporte,Aplicativo,186.41,15,90.48,197,14,17,1,167.33,4.0,3.08,18
2025-10-06,SKU016,Tapete Zen,Esporte,Marketplace,178.77,10,90.0,276,7,9,2,264.45,3.7,3.51,14
2025-10-06,SKU017,Kit Funcional,Esporte,Site,156.39,10,78.12,353,7,7,3,292.58,3.96,3.36,16
2025-10-06,SKU017,Kit Funcional,Esporte,Aplicativo,164.81,15,76.29,262,12,13,1,278.83,3.74,3.87,19
2025-10-06,SKU017,Kit Funcional,Esporte,Marketplace,158.97,15,78.13,398,11,11,0,301.04,4.11,3.32,26
2025-10-06,SKU018,Relógio Fit,Esporte,Site,233.35,30,110.42,233,12,12,0,388.92,4.22,3.03,19
2025-10-06,SKU018,Relógio Fit,Esporte,Aplicativo,234.61,5,114.31,166,8,11,2,215.13,4.62,3.63,13
2025-10-06,SKU018,Relógio Fit,Esporte,Marketplace,235.91,0,115.58,257,8,10,0,395.82,4.5,3.71,10
2025-10-06,SKU019,Camiseta Urban,Moda,Site,189.08,10,77.73,146,11,11,0,349.91,4.1,2.85,11
2025-10-06,SKU019,Camiseta Urban,Moda,Aplicativo,177.48,25,77.79,114,11,11,1,224.33,4.32,2.53,18
2025-10-06,SKU019,Camiseta Urban,Moda,Marketplace,178.75,5,77.5,192,9,11,0,455.52,4.26,3.7,11
2025-10-06,SKU020,Calça Flex,Moda,Site,121.22,10,55.86,246,12,13,1,262.68,3.61,3.39,17
2025-10-06,SKU020,Calça Flex,Moda,Aplicativo,126.21,10,55.19,178,11,12,1,147.93,3.57,2.46,15
2025-10-06,SKU020,Calça Flex,Moda,Marketplace,125.15,0,55.0,258,1,1,0,490.88,3.79,5.12,12
2025-10-06,SKU021,Tênis Street,Moda,Site,151.41,5,66.63,213,6,6,1,316.61,4.28,3.25,19
2025-10-06,SKU021,Tênis Street,Moda,Aplicativo,151.25,0,66.92,160,6,6,1,212.94,4.51,3.06,14
2025-10-06,SKU021,Tênis Street,Moda,Marketplace,153.63,0,68.01,211,8,8,1,214.99,4.01,4.42,8
2025-10-06,SKU022,Jaqueta City,Moda,Site,164.53,25,75.52,288,14,15,0,311.26,4.27,2.93,36
2025-10-06,SKU022,Jaqueta City,Moda,Aplicativo,173.81,0,72.09,232,10,10,0,314.26,4.36,3.64,18
2025-10-06,SKU022,Jaqueta City,Moda,Marketplace,173.86,15,71.47,323,18,18,1,342.25,4.18,3.67,20
2025-10-06,SKU023,Bolsa Mini,Moda,Site,138.64,0,58.26,537,16,18,2,524.12,3.72,3.37,24
2025-10-06,SKU023,Bolsa Mini,Moda,Aplicativo,142.42,10,60.91,326,14,16,2,180.69,3.65,3.17,20
2025-10-06,SKU023,Bolsa Mini,Moda,Marketplace,132.67,10,59.9,565,11,12,2,539.4,3.59,5.02,32
2025-10-06,SKU024,Moletom Soft,Moda,Site,138.07,15,56.07,265,11,15,2,387.7,3.93,2.74,20
2025-10-06,SKU024,Moletom Soft,Moda,Aplicativo,137.72,20,56.6,209,11,14,1,200.21,4.05,2.96,19
2025-10-06,SKU024,Moletom Soft,Moda,Marketplace,135.85,15,56.9,295,7,7,1,387.53,4.06,5.94,13
2025-10-06,SKU025,Kit Skin,Beleza,Site,103.98,20,39.75,137,11,9,0,383.29,3.5,3.65,9
2025-10-06,SKU025,Kit Skin,Beleza,Aplicativo,103.42,0,40.89,122,7,9,0,170.33,3.73,2.71,10
2025-10-06,SKU025,Kit Skin,Beleza,Marketplace,104.78,10,39.71,177,3,4,1,369.99,3.53,4.03,7
2025-10-06,SKU026,Perfume Bloom,Beleza,Site,104.87,10,41.92,408,17,19,0,406.33,4.44,3.27,32
2025-10-06,SKU026,Perfume Bloom,Beleza,Aplicativo,105.07,5,42.19,315,19,21,0,288.52,4.39,3.44,28
2025-10-06,SKU026,Perfume Bloom,Beleza,Marketplace,109.25,5,41.85,430,26,28,0,236.3,4.45,4.61,28
2025-10-06,SKU027,Secador Air,Beleza,Site,148.24,0,55.08,209,14,12,0,179.48,4.29,3.77,12
2025-10-06,SKU027,Secador Air,Beleza,Aplicativo,141.7,10,54.46,179,7,8,0,203.36,4.37,2.87,20
2025-10-06,SKU027,Secador Air,Beleza,Marketplace,139.91,15,53.91,245,6,7,0,197.74,4.45,4.87,15
2025-10-06,SKU028,Protetor Daily,Beleza,Site,140.03,10,55.47,220,14,12,0,269.86,3.73,3.64,12
2025-10-06,SKU028,Protetor Daily,Beleza,Aplicativo,146.64,5,54.91,197,14,15,1,218.78,3.64,2.03,16
2025-10-06,SKU028,Protetor Daily,Beleza,Marketplace,140.44,10,56.16,315,14,16,1,459.49,3.61,3.05,20
2025-10-06,SKU029,Escova Glow,Beleza,Site,93.71,5,37.04,236,9,14,0,247.3,4.44,2.7,18
2025-10-06,SKU029,Escova Glow,Beleza,Aplicativo,92.57,10,37.36,210,18,17,1,260.89,4.64,3.58,17
2025-10-06,SKU029,Escova Glow,Beleza,Marketplace,92.27,0,36.76,279,11,13,0,336.06,4.92,4.6,17
2025-10-06,SKU030,Sérum Vita,Beleza,Site,94.91,10,38.27,378,17,20,1,198.83,4.25,2.93,26
2025-10-06,SKU030,Sérum Vita,Beleza,Aplicativo,99.41,10,37.32,352,22,23,1,343.32,4.29,2.48,43
2025-10-06,SKU030,Sérum Vita,Beleza,Marketplace,97.54,5,37.66,425,19,23,0,313.82,4.37,3.36,30
2025-10-06,SKU031,Teclado Type,Informática,Site,603.54,0,402.22,228,10,9,0,379.66,4.05,3.0,9
2025-10-06,SKU031,Teclado Type,Informática,Aplicativo,601.1,20,402.14,203,10,12,2,274.73,4.24,2.33,14
2025-10-06,SKU031,Teclado Type,Informática,Marketplace,637.28,0,400.2,274,7,8,0,232.37,4.13,3.33,9
2025-10-06,SKU032,Mouse Click,Informática,Site,488.07,15,314.68,185,9,11,0,329.07,4.41,3.11,12
2025-10-06,SKU032,Mouse Click,Informática,Aplicativo,502.67,5,323.31,173,2,3,0,307.8,4.51,3.24,8
2025-10-06,SKU032,Mouse Click,Informática,Marketplace,474.88,0,318.85,196,4,5,1,299.54,4.41,4.68,6
2025-10-06,SKU033,Monitor View,Informática,Site,427.58,25,272.55,64,4,4,0,224.75,3.86,3.66,5
2025-10-06,SKU033,Monitor View,Informática,Aplicativo,422.43,15,281.88,72,1,1,0,281.45,3.91,3.34,4
2025-10-06,SKU033,Monitor View,Informática,Marketplace,424.58,5,283.5,110,2,2,0,577.65,3.8,4.45,3
2025-10-06,SKU034,SSD Fast,Informática,Site,652.97,0,434.07,108,3,3,0,275.53,4.49,3.27,3
2025-10-06,SKU034,SSD Fast,Informática,Aplicativo,699.12,25,448.77,117,5,5,0,473.49,4.43,2.47,13
2025-10-06,SKU034,SSD Fast,Informática,Marketplace,700.05,5,441.32,131,6,5,0,384.11,4.36,3.35,5
2025-10-06,SKU035,Hub Connect,Informática,Site,658.08,5,454.24,175,2,3,0,443.13,4.33,3.34,8
2025-10-06,SKU035,Hub Connect,Informática,Aplicativo,707.09,0,442.58,131,2,2,0,213.91,4.62,2.63,7
2025-10-06,SKU035,Hub Connect,Informática,Marketplace,693.8,20,452.06,183,6,7,0,396.33,4.69,4.59,10
2025-10-06,SKU036,Notebook Go,Informática,Site,486.85,5,352.52,300,16,14,0,431.44,4.02,3.01,14
2025-10-06,SKU036,Notebook Go,Informática,Aplicativo,516.88,0,345.93,251,5,5,0,289.7,3.84,2.79,10
2025-10-06,SKU036,Notebook Go,Informática,Marketplace,527.73,5,350.13,311,9,10,2,268.12,3.88,3.5,11
2025-10-06,SKU037,Bloco Criar,Infantil,Site,162.52,15,75.21,111,4,4,0,285.92,4.41,3.06,10
2025-10-06,SKU037,Bloco Criar,Infantil,Aplicativo,164.01,0,76.43,94,8,5,0,160.61,4.06,2.96,5
2025-10-06,SKU037,Bloco Criar,Infantil,Marketplace,154.59,5,73.21,126,4,4,0,270.39,4.29,4.3,7
2025-10-06,SKU038,Livro Descobrir,Infantil,Site,115.38,5,55.98,76,6,5,0,409.07,4.38,4.05,5
2025-10-06,SKU038,Livro Descobrir,Infantil,Aplicativo,117.41,0,55.16,72,7,6,0,207.46,4.22,3.52,6
2025-10-06,SKU038,Livro Descobrir,Infantil,Marketplace,117.41,5,54.7,87,5,5,0,287.16,4.46,4.24,6
2025-10-06,SKU039,Jogo Família,Infantil,Site,157.84,25,71.54,153,9,9,0,260.48,4.54,3.62,14
2025-10-06,SKU039,Jogo Família,Infantil,Aplicativo,158.96,0,73.84,122,6,6,0,212.33,4.55,2.83,8
2025-10-06,SKU039,Jogo Família,Infantil,Marketplace,156.27,10,74.53,190,12,15,1,354.37,4.76,3.5,16
2025-10-06,SKU040,Mochila Kids,Infantil,Site,125.29,0,61.35,132,4,5,0,197.32,4.34,2.77,8
2025-10-06,SKU040,Mochila Kids,Infantil,Aplicativo,130.29,10,60.17,114,8,10,1,167.32,4.46,2.96,11
2025-10-06,SKU040,Mochila Kids,Infantil,Marketplace,124.48,15,58.73,172,9,7,0,311.45,4.41,3.36,7
2025-10-06,SKU041,Pelúcia Nuvem,Infantil,Site,138.49,20,66.07,466,17,19,4,336.78,3.68,3.64,29
2025-10-06,SKU041,Pelúcia Nuvem,Infantil,Aplicativo,139.74,20,64.98,409,28,32,1,407.56,3.84,3.03,39
2025-10-06,SKU041,Pelúcia Nuvem,Infantil,Marketplace,139.79,5,67.67,509,12,14,0,265.46,3.64,4.61,19
2025-10-06,SKU042,Patinete Joy,Infantil,Site,96.66,15,44.33,202,8,9,1,239.92,4.05,3.63,14
2025-10-06,SKU042,Patinete Joy,Infantil,Aplicativo,98.26,10,45.37,190,11,12,2,380.27,4.3,2.23,21
2025-10-06,SKU042,Patinete Joy,Infantil,Marketplace,95.39,15,45.09,235,8,9,0,245.85,4.16,4.15,13
2025-10-06,SKU043,Cama Cozy,Pet,Site,90.66,20,38.09,324,19,20,0,157.0,3.69,3.18,26
2025-10-06,SKU043,Cama Cozy,Pet,Aplicativo,89.21,0,38.82,260,10,11,0,151.44,3.48,3.95,15
2025-10-06,SKU043,Cama Cozy,Pet,Marketplace,89.9,0,38.21,372,6,6,2,329.03,3.6,4.08,14
2025-10-06,SKU044,Fonte Fresh,Pet,Site,95.35,10,40.61,142,7,7,0,234.91,4.86,2.8,13
2025-10-06,SKU044,Fonte Fresh,Pet,Aplicativo,89.57,5,40.31,103,8,9,0,238.29,4.83,2.91,11
2025-10-06,SKU044,Fonte Fresh,Pet,Marketplace,93.66,10,39.21,125,5,5,0,296.38,4.59,4.75,8
2025-10-06,SKU045,Brinquedo Fun,Pet,Site,94.03,10,43.45,155,7,8,1,238.05,4.59,3.89,15
2025-10-06,SKU045,Brinquedo Fun,Pet,Aplicativo,103.08,15,43.96,154,7,8,0,200.15,4.4,3.4,13
2025-10-06,SKU045,Brinquedo Fun,Pet,Marketplace,101.7,0,44.22,232,12,12,0,334.29,4.03,4.06,13
2025-10-06,SKU046,Coleira Safe,Pet,Site,137.85,25,61.34,203,11,9,0,256.6,4.23,3.46,9
2025-10-06,SKU046,Coleira Safe,Pet,Aplicativo,135.29,0,62.49,168,15,13,0,259.41,4.22,2.88,13
2025-10-06,SKU046,Coleira Safe,Pet,Marketplace,143.39,5,59.07,303,8,9,0,609.02,4.14,4.87,16
2025-10-06,SKU047,Comedouro Smart,Pet,Site,83.17,20,38.01,297,13,16,0,446.91,4.04,2.55,26
2025-10-06,SKU047,Comedouro Smart,Pet,Aplicativo,81.05,20,35.79,214,16,18,0,214.13,3.93,3.43,25
2025-10-06,SKU047,Comedouro Smart,Pet,Marketplace,83.37,20,37.25,317,7,8,0,235.09,4.29,3.72,23
2025-10-06,SKU048,Kit Higiene,Pet,Site,137.94,15,58.96,569,29,34,2,454.82,4.0,2.94,38
2025-10-06,SKU048,Kit Higiene,Pet,Aplicativo,134.13,15,60.78,401,29,33,1,235.29,4.25,2.31,52
2025-10-06,SKU048,Kit Higiene,Pet,Marketplace,134.95,15,60.63,619,25,29,1,402.59,4.37,5.28,43
2025-10-13,SKU001,Fone Pulse,Áudio e vídeo,Site,347.39,15,196.85,278,8,10,2,405.88,4.46,3.4,19
2025-10-13,SKU001,Fone Pulse,Áudio e vídeo,Aplicativo,343.62,30,201.32,226,19,24,2,204.89,4.97,3.52,30
2025-10-13,SKU001,Fone Pulse,Áudio e vídeo,Marketplace,359.6,10,196.55,271,6,7,0,316.51,4.92,4.34,11
2025-10-13,SKU002,Caixa Wave,Áudio e vídeo,Site,274.03,10,156.5,335,10,12,0,252.26,4.89,3.56,20
2025-10-13,SKU002,Caixa Wave,Áudio e vídeo,Aplicativo,271.34,25,158.16,278,11,14,0,171.03,4.72,3.96,29
2025-10-13,SKU002,Caixa Wave,Áudio e vídeo,Marketplace,270.48,0,157.87,446,11,13,0,353.93,4.74,4.49,16
2025-10-13,SKU003,Webcam Focus,Áudio e vídeo,Site,402.28,15,234.67,213,13,15,1,227.77,3.97,2.68,15
2025-10-13,SKU003,Webcam Focus,Áudio e vídeo,Aplicativo,392.29,5,233.59,173,5,6,1,270.24,3.86,3.04,12
2025-10-13,SKU003,Webcam Focus,Áudio e vídeo,Marketplace,398.77,5,237.61,279,5,6,1,326.96,3.71,4.07,11
2025-10-13,SKU004,Microfone Voice,Áudio e vídeo,Site,325.25,20,192.74,139,9,10,0,218.48,4.77,3.0,10
2025-10-13,SKU004,Microfone Voice,Áudio e vídeo,Aplicativo,332.88,5,190.08,104,7,7,0,157.44,4.74,3.41,7
2025-10-13,SKU004,Microfone Voice,Áudio e vídeo,Marketplace,331.8,10,189.44,165,7,7,0,473.24,4.73,4.05,7
2025-10-13,SKU005,Soundbar One,Áudio e vídeo,Site,403.13,0,232.74,198,3,3,0,230.55,4.15,3.61,11
2025-10-13,SKU005,Soundbar One,Áudio e vídeo,Aplicativo,422.35,20,234.17,171,5,7,0,223.82,4.06,3.24,13
2025-10-13,SKU005,Soundbar One,Áudio e vídeo,Marketplace,412.88,15,233.49,297,11,12,0,364.58,4.24,3.54,15
2025-10-13,SKU006,Headset Play,Áudio e vídeo,Site,369.05,25,212.19,128,5,6,0,370.0,3.49,2.7,9
2025-10-13,SKU006,Headset Play,Áudio e vídeo,Aplicativo,373.72,25,206.09,120,7,7,1,210.13,3.69,2.99,10
2025-10-13,SKU006,Headset Play,Áudio e vídeo,Marketplace,365.79,20,210.13,185,5,7,1,378.38,3.63,4.53,10
2025-10-13,SKU007,Panela Chef,Casa e cozinha,Site,264.76,10,131.93,429,15,16,1,356.22,4.75,4.05,28
2025-10-13,SKU007,Panela Chef,Casa e cozinha,Aplicativo,265.88,15,136.16,327,17,20,0,180.54,4.42,2.95,33
2025-10-13,SKU007,Panela Chef,Casa e cozinha,Marketplace,255.7,20,135.16,514,29,31,0,528.08,4.7,4.03,40
2025-10-13,SKU008,Air Fryer Easy,Casa e cozinha,Site,302.75,25,154.94,171,8,8,0,281.35,4.54,4.69,12
2025-10-13,SKU008,Air Fryer Easy,Casa e cozinha,Aplicativo,293.46,5,155.08,166,8,12,1,241.69,4.83,3.45,14
2025-10-13,SKU008,Air Fryer Easy,Casa e cozinha,Marketplace,307.25,10,156.33,241,16,17,1,471.44,4.83,4.7,17
2025-10-13,SKU009,Jogo Mesa,Casa e cozinha,Site,204.12,10,104.04,220,3,4,2,385.29,4.2,3.37,8
2025-10-13,SKU009,Jogo Mesa,Casa e cozinha,Aplicativo,195.99,5,104.61,160,5,6,1,241.22,4.17,3.5,7
2025-10-13,SKU009,Jogo Mesa,Casa e cozinha,Marketplace,200.1,15,106.26,233,8,8,0,230.3,4.14,3.69,12
2025-10-13,SKU010,Luminária Aura,Casa e cozinha,Site,203.09,10,101.09,332,16,18,0,300.07,4.47,3.33,24
2025-10-13,SKU010,Luminária Aura,Casa e cozinha,Aplicativo,199.83,0,103.15,285,9,9,1,261.16,4.38,3.05,19
2025-10-13,SKU010,Luminária Aura,Casa e cozinha,Marketplace,194.87,20,101.62,415,14,17,1,432.26,4.56,5.1,31
2025-10-13,SKU011,Organizador Box,Casa e cozinha,Site,294.15,5,158.48,604,18,19,1,308.54,3.94,2.88,35
2025-10-13,SKU011,Organizador Box,Casa e cozinha,Aplicativo,292.79,10,163.61,433,25,31,1,228.57,3.93,3.5,31
2025-10-13,SKU011,Organizador Box,Casa e cozinha,Marketplace,295.8,0,157.4,643,21,24,0,376.09,3.92,4.65,24
2025-10-13,SKU012,Mixer Prático,Casa e cozinha,Site,238.13,0,123.92,179,5,7,0,279.03,3.69,3.61,9
2025-10-13,SKU012,Mixer Prático,Casa e cozinha,Aplicativo,238.82,15,126.04,150,4,5,0,234.82,3.46,3.02,9
2025-10-13,SKU012,Mixer Prático,Casa e cozinha,Marketplace,239.85,5,121.43,183,5,7,0,201.71,3.86,4.09,8
2025-10-13,SKU013,Tênis Run,Esporte,Site,199.04,0,96.59,204,7,7,0,228.06,3.94,3.71,10
2025-10-13,SKU013,Tênis Run,Esporte,Aplicativo,190.24,20,96.35,180,15,13,0,377.63,3.74,3.0,13
2025-10-13,SKU013,Tênis Run,Esporte,Marketplace,195.04,0,95.54,259,5,6,0,463.09,4.08,4.22,13
2025-10-13,SKU014,Mochila Trail,Esporte,Site,188.33,5,93.08,317,20,21,0,318.62,4.73,2.0,29
2025-10-13,SKU014,Mochila Trail,Esporte,Aplicativo,205.85,10,94.54,226,11,12,1,186.28,4.57,2.58,14
2025-10-13,SKU014,Mochila Trail,Esporte,Marketplace,200.64,15,94.72,362,13,16,1,247.53,4.52,3.6,18
2025-10-13,SKU015,Garrafa Move,Esporte,Site,172.9,5,86.17,116,8,7,1,210.92,4.71,3.26,7
2025-10-13,SKU015,Garrafa Move,Esporte,Aplicativo,178.23,5,86.04,97,5,5,0,243.82,4.7,3.52,8
2025-10-13,SKU015,Garrafa Move,Esporte,Marketplace,180.99,0,86.01,151,3,3,0,390.15,4.64,5.08,7
2025-10-13,SKU016,Tapete Zen,Esporte,Site,184.78,15,92.2,234,5,5,0,180.55,3.81,3.18,13
2025-10-13,SKU016,Tapete Zen,Esporte,Aplicativo,189.56,15,92.93,250,10,12,1,302.93,4.05,3.09,17
2025-10-13,SKU016,Tapete Zen,Esporte,Marketplace,180.23,10,89.86,294,14,12,0,308.55,3.7,4.04,12
2025-10-13,SKU017,Kit Funcional,Esporte,Site,154.54,10,76.93,362,10,12,1,380.69,3.86,3.5,19
2025-10-13,SKU017,Kit Funcional,Esporte,Aplicativo,163.77,5,80.69,270,9,10,0,214.77,3.72,2.46,14
2025-10-13,SKU017,Kit Funcional,Esporte,Marketplace,156.41,30,80.97,432,10,12,1,340.37,3.93,4.23,34
2025-10-13,SKU018,Relógio Fit,Esporte,Site,235.7,5,110.98,261,11,12,1,323.48,4.4,3.17,12
2025-10-13,SKU018,Relógio Fit,Esporte,Aplicativo,226.54,10,111.77,184,5,6,1,194.37,4.41,3.17,12
2025-10-13,SKU018,Relógio Fit,Esporte,Marketplace,235.81,10,111.48,290,9,10,1,379.55,4.34,4.13,17
2025-10-13,SKU019,Camiseta Urban,Moda,Site,184.15,0,80.02,141,8,7,2,288.99,4.03,4.36,7
2025-10-13,SKU019,Camiseta Urban,Moda,Aplicativo,185.42,15,77.15,146,8,10,2,373.81,4.21,3.39,12
2025-10-13,SKU019,Camiseta Urban,Moda,Marketplace,184.74,10,78.21,196,9,10,2,524.41,4.25,3.83,12
2025-10-13,SKU020,Calça Flex,Moda,Site,123.01,0,53.56,214,6,6,2,242.24,3.63,3.14,12
2025-10-13,SKU020,Calça Flex,Moda,Aplicativo,121.0,15,53.83,188,10,11,0,295.21,3.67,2.54,23
2025-10-13,SKU020,Calça Flex,Moda,Marketplace,119.62,10,53.31,279,10,11,0,397.86,3.79,3.73,16
2025-10-13,SKU021,Tênis Street,Moda,Site,148.75,15,66.48,222,5,6,0,246.58,4.26,3.22,19
2025-10-13,SKU021,Tênis Street,Moda,Aplicativo,149.63,0,67.62,171,7,9,1,250.35,4.46,3.1,12
2025-10-13,SKU021,Tênis Street,Moda,Marketplace,148.32,10,68.09,276,14,16,2,297.28,4.29,3.87,19
2025-10-13,SKU022,Jaqueta City,Moda,Site,167.96,10,74.63,267,13,14,0,284.58,4.33,3.75,23
2025-10-13,SKU022,Jaqueta City,Moda,Aplicativo,171.78,0,72.0,184,11,11,0,175.4,4.31,3.28,14
2025-10-13,SKU022,Jaqueta City,Moda,Marketplace,170.78,15,74.12,295,15,16,3,287.71,4.26,4.05,24
2025-10-13,SKU023,Bolsa Mini,Moda,Site,138.78,15,58.46,495,19,20,0,399.73,3.74,2.92,31
2025-10-13,SKU023,Bolsa Mini,Moda,Aplicativo,143.11,25,60.52,425,35,41,1,263.61,3.5,2.87,52
2025-10-13,SKU023,Bolsa Mini,Moda,Marketplace,139.9,10,59.95,513,18,20,4,336.77,3.4,3.18,32
2025-10-13,SKU024,Moletom Soft,Moda,Site,128.32,5,57.25,249,9,9,0,346.94,4.03,3.87,17
2025-10-13,SKU024,Moletom Soft,Moda,Aplicativo,134.54,25,56.99,194,14,17,1,149.6,4.17,2.8,29
2025-10-13,SKU024,Moletom Soft,Moda,Marketplace,133.81,15,57.05,316,16,15,1,308.57,4.16,4.48,15
2025-10-13,SKU025,Kit Skin,Beleza,Site,106.05,5,40.28,133,4,4,0,167.43,3.5,3.73,4
2025-10-13,SKU025,Kit Skin,Beleza,Aplicativo,98.57,20,41.69,118,11,9,0,183.71,3.64,2.76,9
2025-10-13,SKU025,Kit Skin,Beleza,Marketplace,101.25,10,40.27,196,7,8,0,462.41,3.61,4.81,9
2025-10-13,SKU026,Perfume Bloom,Beleza,Site,106.03,0,42.48,369,18,20,1,233.98,4.42,4.03,22
2025-10-13,SKU026,Perfume Bloom,Beleza,Aplicativo,108.36,20,41.64,300,20,26,0,328.15,4.44,2.92,38
2025-10-13,SKU026,Perfume Bloom,Beleza,Marketplace,107.49,15,42.42,456,25,27,0,420.67,4.35,3.34,28
2025-10-13,SKU027,Secador Air,Beleza,Site,138.26,15,52.89,239,16,12,0,233.16,4.44,3.06,12
2025-10-13,SKU027,Secador Air,Beleza,Aplicativo,140.7,20,53.77,194,8,9,0,274.71,4.1,3.17,16
2025-10-13,SKU027,Secador Air,Beleza,Marketplace,139.85,15,54.41,273,11,13,0,419.58,4.49,4.3,20
2025-10-13,SKU028,Protetor Daily,Beleza,Site,141.64,10,55.46,253,15,15,0,358.47,3.71,3.52,15
2025-10-13,SKU028,Protetor Daily,Beleza,Aplicativo,143.05,20,54.44,215,17,19,0,283.61,3.74,2.74,21
2025-10-13,SKU028,Protetor Daily,Beleza,Marketplace,135.7,5,53.99,320,19,22,0,319.71,3.99,4.27,22
2025-10-13,SKU029,Escova Glow,Beleza,Site,94.02,15,36.99,252,11,11,1,263.8,4.49,3.33,26
2025-10-13,SKU029,Escova Glow,Beleza,Aplicativo,93.06,25,35.85,238,18,21,0,356.49,4.51,3.01,31
2025-10-13,SKU029,Escova Glow,Beleza,Marketplace,92.81,10,35.58,331,4,4,0,633.21,4.75,4.69,18
2025-10-13,SKU030,Sérum Vita,Beleza,Site,100.48,10,38.67,427,20,24,1,484.68,4.15,3.83,26
2025-10-13,SKU030,Sérum Vita,Beleza,Aplicativo,95.38,5,38.19,300,21,24,0,191.02,4.14,3.02,30
2025-10-13,SKU030,Sérum Vita,Beleza,Marketplace,98.22,0,38.49,431,22,25,2,304.24,4.15,4.9,29
2025-10-13,SKU031,Teclado Type,Informática,Site,590.86,10,402.8,236,9,11,1,272.08,4.14,2.87,11
2025-10-13,SKU031,Teclado Type,Informática,Aplicativo,597.79,5,387.84,195,8,9,1,229.24,4.25,3.27,11
2025-10-13,SKU031,Teclado Type,Informática,Marketplace,611.89,5,401.86,292,3,3,0,421.39,4.12,3.61,11
2025-10-13,SKU032,Mouse Click,Informática,Site,472.32,5,309.24,206,9,9,1,610.67,4.38,3.18,9
2025-10-13,SKU032,Mouse Click,Informática,Aplicativo,487.91,0,321.42,139,5,5,0,193.95,4.41,3.31,7
2025-10-13,SKU032,Mouse Click,Informática,Marketplace,467.31,5,324.06,213,2,2,0,358.5,4.29,4.67,7
2025-10-13,SKU033,Monitor View,Informática,Site,416.74,5,274.78,74,0,0,0,245.19,3.67,3.26,3
2025-10-13,SKU033,Monitor View,Informática,Aplicativo,429.34,10,277.35,65,2,2,0,138.22,3.85,3.03,4
2025-10-13,SKU033,Monitor View,Informática,Marketplace,426.0,0,271.98,79,4,3,0,286.87,3.66,3.6,3
2025-10-13,SKU034,SSD Fast,Informática,Site,656.82,5,441.31,121,2,2,0,379.79,4.44,2.8,6
2025-10-13,SKU034,SSD Fast,Informática,Aplicativo,666.52,20,430.93,91,4,7,0,217.81,4.4,2.74,8
2025-10-13,SKU034,SSD Fast,Informática,Marketplace,698.34,20,433.88,132,5,6,0,372.64,4.36,4.34,6
2025-10-13,SKU035,Hub Connect,Informática,Site,678.72,5,457.22,140,4,5,0,299.33,4.66,3.41,7
2025-10-13,SKU035,Hub Connect,Informática,Aplicativo,688.99,0,448.52,121,1,1,0,330.62,4.56,2.66,5
2025-10-13,SKU035,Hub Connect,Informática,Marketplace,702.78,30,451.75,196,1,1,0,204.75,4.5,4.52,12
2025-10-13,SKU036,Notebook Go,Informática,Site,549.96,10,347.26,259,11,12,0,218.39,4.13,3.53,12
2025-10-13,SKU036,Notebook Go,Informática,Aplicativo,525.16,5,336.84,222,6,8,0,203.94,3.93,3.5,8
2025-10-13,SKU036,Notebook Go,Informática,Marketplace,553.42,10,346.65,310,5,5,0,322.1,3.97,3.82,9
2025-10-13,SKU037,Bloco Criar,Infantil,Site,157.93,20,74.39,134,9,10,0,326.93,4.16,3.56,11
2025-10-13,SKU037,Bloco Criar,Infantil,Aplicativo,162.88,0,76.28,122,5,5,0,232.83,3.96,3.54,8
2025-10-13,SKU037,Bloco Criar,Infantil,Marketplace,157.17,0,74.31,139,4,4,1,317.2,4.23,3.96,9
2025-10-13,SKU038,Livro Descobrir,Infantil,Site,117.96,25,53.48,76,7,4,0,235.14,4.48,2.75,4
2025-10-13,SKU038,Livro Descobrir,Infantil,Aplicativo,118.98,15,54.82,62,7,7,0,244.25,4.34,2.38,7
2025-10-13,SKU038,Livro Descobrir,Infantil,Marketplace,117.91,0,55.52,102,3,4,0,416.37,4.48,5.15,5
2025-10-13,SKU039,Jogo Família,Infantil,Site,157.1,5,72.32,176,7,7,1,417.91,4.68,3.35,12
2025-10-13,SKU039,Jogo Família,Infantil,Aplicativo,157.14,15,73.71,120,11,12,0,256.79,4.78,1.7,13
2025-10-13,SKU039,Jogo Família,Infantil,Marketplace,155.02,0,73.61,188,6,7,0,328.9,4.47,4.11,9
2025-10-13,SKU040,Mochila Kids,Infantil,Site,135.08,10,59.49,156,7,9,0,389.9,4.47,3.05,10
2025-10-13,SKU040,Mochila Kids,Infantil,Aplicativo,128.94,15,60.54,136,9,9,0,314.49,4.29,2.94,13
2025-10-13,SKU040,Mochila Kids,Infantil,Marketplace,131.14,5,58.42,169,9,9,1,335.08,4.37,3.03,9
2025-10-13,SKU041,Pelúcia Nuvem,Infantil,Site,141.06,5,69.31,422,11,13,0,226.04,3.33,1.76,23
2025-10-13,SKU041,Pelúcia Nuvem,Infantil,Aplicativo,136.64,15,67.1,321,18,23,0,225.25,3.88,2.73,30
2025-10-13,SKU041,Pelúcia Nuvem,Infantil,Marketplace,143.78,0,67.09,515,13,15,0,406.02,3.5,3.61,23
2025-10-13,SKU042,Patinete Joy,Infantil,Site,99.45,15,47.33,243,13,14,1,402.11,4.04,3.82,18
2025-10-13,SKU042,Patinete Joy,Infantil,Aplicativo,100.11,20,45.96,206,20,19,0,301.17,4.11,3.24,19
2025-10-13,SKU042,Patinete Joy,Infantil,Marketplace,100.85,10,46.81,282,8,8,2,375.17,4.09,4.4,14
2025-10-13,SKU043,Cama Cozy,Pet,Site,89.17,15,39.22,375,18,20,0,325.18,3.67,2.09,26
2025-10-13,SKU043,Cama Cozy,Pet,Aplicativo,90.12,15,38.47,294,15,18,0,247.18,3.73,2.29,24
2025-10-13,SKU043,Cama Cozy,Pet,Marketplace,89.23,5,38.83,413,16,18,2,307.67,3.77,4.26,21
2025-10-13,SKU044,Fonte Fresh,Pet,Site,96.9,10,39.58,124,7,8,0,227.54,4.7,3.64,9
2025-10-13,SKU044,Fonte Fresh,Pet,Aplicativo,93.29,0,38.84,111,9,10,0,228.64,4.85,3.36,12
2025-10-13,SKU044,Fonte Fresh,Pet,Marketplace,89.97,20,40.39,144,7,9,0,399.95,4.78,4.66,11
2025-10-13,SKU045,Brinquedo Fun,Pet,Site,99.46,5,44.8,189,6,6,1,263.4,4.33,2.21,12
2025-10-13,SKU045,Brinquedo Fun,Pet,Aplicativo,105.41,25,44.11,141,9,11,1,153.71,4.23,2.71,18
2025-10-13,SKU045,Brinquedo Fun,Pet,Marketplace,99.09,5,44.52,241,6,7,0,342.98,4.43,3.98,18
2025-10-13,SKU046,Coleira Safe,Pet,Site,136.46,5,60.51,214,10,12,0,325.88,4.16,3.72,14
2025-10-13,SKU046,Coleira Safe,Pet,Aplicativo,138.46,10,60.55,188,10,11,0,375.48,4.3,2.91,12
2025-10-13,SKU046,Coleira Safe,Pet,Marketplace,140.3,0,61.04,262,9,11,0,344.11,3.96,3.55,12
2025-10-13,SKU047,Comedouro Smart,Pet,Site,85.44,0,36.87,304,10,10,1,332.54,4.17,4.19,16
2025-10-13,SKU047,Comedouro Smart,Pet,Aplicativo,86.56,15,38.55,226,6,7,0,236.27,4.04,2.79,17
2025-10-13,SKU047,Comedouro Smart,Pet,Marketplace,86.49,15,36.78,322,10,11,0,284.65,4.35,3.98,27
2025-10-13,SKU048,Kit Higiene,Pet,Site,136.91,5,60.04,540,21,23,0,414.73,4.14,2.71,32
2025-10-13,SKU048,Kit Higiene,Pet,Aplicativo,138.4,5,59.78,382,23,26,1,227.65,4.41,2.49,40
2025-10-13,SKU048,Kit Higiene,Pet,Marketplace,136.01,15,58.99,597,24,28,1,262.39,4.27,4.26,35
2025-10-20,SKU001,Fone Pulse,Áudio e vídeo,Site,340.11,0,194.48,256,4,4,0,349.56,4.77,4.05,14
2025-10-20,SKU001,Fone Pulse,Áudio e vídeo,Aplicativo,353.2,5,197.53,214,8,10,0,193.87,4.65,3.57,12
2025-10-20,SKU001,Fone Pulse,Áudio e vídeo,Marketplace,343.64,15,197.33,292,9,9,0,332.22,4.71,3.87,15
2025-10-20,SKU002,Caixa Wave,Áudio e vídeo,Site,281.3,0,159.65,306,10,11,1,276.17,4.96,3.34,15
2025-10-20,SKU002,Caixa Wave,Áudio e vídeo,Aplicativo,264.78,10,157.77,289,16,19,1,300.53,4.62,2.28,31
2025-10-20,SKU002,Caixa Wave,Áudio e vídeo,Marketplace,267.74,5,162.01,414,19,20,1,349.31,4.86,3.45,31
2025-10-20,SKU003,Webcam Focus,Áudio e vídeo,Site,418.78,20,237.66,212,13,13,0,291.42,3.79,1.89,13
2025-10-20,SKU003,Webcam Focus,Áudio e vídeo,Aplicativo,418.93,20,232.69,186,13,14,0,208.88,3.68,2.67,14
2025-10-20,SKU003,Webcam Focus,Áudio e vídeo,Marketplace,423.04,5,234.77,304,6,6,0,340.33,3.91,4.68,11
2025-10-20,SKU004,Microfone Voice,Áudio e vídeo,Site,323.09,10,184.25,143,4,4,0,215.93,4.83,3.12,9
2025-10-20,SKU004,Microfone Voice,Áudio e vídeo,Aplicativo,334.96,5,192.38,119,4,4,1,440.95,4.61,3.71,7
2025-10-20,SKU004,Microfone Voice,Áudio e vídeo,Marketplace,323.87,15,186.8,157,5,7,1,216.21,4.88,3.68,9
2025-10-20,SKU005,Soundbar One,Áudio e vídeo,Site,399.1,20,238.09,260,13,14,0,454.46,4.02,3.19,22
2025-10-20,SKU005,Soundbar One,Áudio e vídeo,Aplicativo,424.31,5,241.76,160,5,5,0,221.18,4.32,3.14,9
2025-10-20,SKU005,Soundbar One,Áudio e vídeo,Marketplace,410.7,20,237.29,248,5,5,0,343.88,4.03,3.94,18
2025-10-20,SKU006,Headset Play,Áudio e vídeo,Site,388.96,15,207.87,140,3,3,0,249.62,3.54,2.55,7
2025-10-20,SKU006,Headset Play,Áudio e vídeo,Aplicativo,376.51,0,214.24,116,3,4,0,231.5,3.49,3.62,6
2025-10-20,SKU006,Headset Play,Áudio e vídeo,Marketplace,364.93,10,210.25,188,7,8,0,339.77,3.71,4.3,9
2025-10-20,SKU007,Panela Chef,Casa e cozinha,Site,252.09,5,135.91,453,25,29,0,413.25,4.5,2.96,29
2025-10-20,SKU007,Panela Chef,Casa e cozinha,Aplicativo,258.13,15,131.79,346,19,22,0,314.33,4.62,2.65,28
2025-10-20,SKU007,Panela Chef,Casa e cozinha,Marketplace,256.07,15,134.78,503,20,22,1,413.08,4.48,3.62,37
2025-10-20,SKU008,Air Fryer Easy,Casa e cozinha,Site,301.47,0,157.65,195,3,3,0,296.49,4.79,3.71,9
2025-10-20,SKU008,Air Fryer Easy,Casa e cozinha,Aplicativo,314.3,0,159.82,167,6,6,1,332.55,4.78,2.27,12
2025-10-20,SKU008,Air Fryer Easy,Casa e cozinha,Marketplace,301.08,0,157.54,255,6,6,1,384.62,4.81,3.73,7
2025-10-20,SKU009,Jogo Mesa,Casa e cozinha,Site,199.26,15,107.56,195,8,9,0,157.67,4.28,3.33,12
2025-10-20,SKU009,Jogo Mesa,Casa e cozinha,Aplicativo,199.29,10,102.57,177,12,13,1,301.93,4.23,3.07,13
2025-10-20,SKU009,Jogo Mesa,Casa e cozinha,Marketplace,200.82,0,104.02,251,9,11,0,335.18,3.94,3.6,14
2025-10-20,SKU010,Luminária Aura,Casa e cozinha,Site,191.19,5,101.36,306,13,15,1,323.19,4.46,2.86,23
2025-10-20,SKU010,Luminária Aura,Casa e cozinha,Aplicativo,185.88,30,99.22,289,13,13,1,322.67,4.57,3.65,41
2025-10-20,SKU010,Luminária Aura,Casa e cozinha,Marketplace,194.75,15,101.54,463,21,23,1,542.62,4.45,4.15,31
2025-10-20,SKU011,Organizador Box,Casa e cozinha,Site,308.67,0,158.29,518,23,20,1,209.47,3.99,2.98,20
2025-10-20,SKU011,Organizador Box,Casa e cozinha,Aplicativo,300.82,0,155.1,440,10,12,0,253.61,3.88,3.55,30
2025-10-20,SKU011,Organizador Box,Casa e cozinha,Marketplace,302.32,5,156.66,776,19,20,3,467.16,3.76,3.27,32
2025-10-20,SKU012,Mixer Prático,Casa e cozinha,Site,231.75,10,122.03,163,0,0,0,247.07,3.72,2.82,10
2025-10-20,SKU012,Mixer Prático,Casa e cozinha,Aplicativo,238.12,0,124.71,145,4,4,0,298.08,3.74,3.63,9
2025-10-20,SKU012,Mixer Prático,Casa e cozinha,Marketplace,248.69,10,127.84,189,6,7,0,345.8,3.88,3.74,10
2025-10-20,SKU013,Tênis Run,Esporte,Site,188.59,0,98.57,210,7,8,1,241.24,3.75,2.98,12
2025-10-20,SKU013,Tênis Run,Esporte,Aplicativo,203.84,0,95.81,167,7,7,0,244.44,3.96,3.09,10
2025-10-20,SKU013,Tênis Run,Esporte,Marketplace,197.05,10,95.93,222,5,7,0,362.84,4.02,3.98,11
2025-10-20,SKU014,Mochila Trail,Esporte,Site,188.72,15,91.19,345,12,14,1,347.5,4.61,3.83,21
2025-10-20,SKU014,Mochila Trail,Esporte,Aplicativo,191.47,25,96.97,265,16,20,0,254.9,4.73,2.49,25
2025-10-20,SKU014,Mochila Trail,Esporte,Marketplace,189.08,15,93.41,423,18,20,1,514.99,4.67,4.35,30
2025-10-20,SKU015,Garrafa Move,Esporte,Site,182.7,20,87.09,125,8,9,0,231.88,4.65,3.6,11
2025-10-20,SKU015,Garrafa Move,Esporte,Aplicativo,177.68,10,87.72,85,5,6,0,191.67,4.55,3.17,6
2025-10-20,SKU015,Garrafa Move,Esporte,Marketplace,184.11,30,89.46,158,10,11,0,398.09,4.74,4.0,11
2025-10-20,SKU016,Tapete Zen,Esporte,Site,182.54,15,92.69,236,8,10,2,193.35,4.04,3.17,17
2025-10-20,SKU016,Tapete Zen,Esporte,Aplicativo,184.87,5,92.09,239,4,4,0,351.81,3.79,3.49,13
2025-10-20,SKU016,Tapete Zen,Esporte,Marketplace,187.48,10,91.12,267,6,7,0,292.94,4.12,4.34,13
2025-10-20,SKU017,Kit Funcional,Esporte,Site,154.47,20,75.88,333,19,22,2,233.47,3.84,2.6,22
2025-10-20,SKU017,Kit Funcional,Esporte,Aplicativo,158.28,10,80.49,265,14,14,1,191.48,3.8,2.68,19
2025-10-20,SKU017,Kit Funcional,Esporte,Marketplace,160.18,15,78.86,419,4,5,0,411.62,3.7,3.62,21
2025-10-20,SKU018,Relógio Fit,Esporte,Site,239.91,15,114.52,209,7,9,1,238.36,4.38,3.59,14
2025-10-20,SKU018,Relógio Fit,Esporte,Aplicativo,222.2,15,110.88,193,10,12,3,202.66,4.42,3.43,18
2025-10-20,SKU018,Relógio Fit,Esporte,Marketplace,232.99,0,113.05,256,3,4,0,367.18,4.58,4.79,11
2025-10-20,SKU019,Camiseta Urban,Moda,Site,178.13,0,76.6,161,12,11,0,279.87,3.98,2.93,11
2025-10-20,SKU019,Camiseta Urban,Moda,Aplicativo,183.62,5,79.36,125,3,3,1,271.86,4.09,3.32,9
2025-10-20,SKU019,Camiseta Urban,Moda,Marketplace,180.68,0,79.56,178,3,4,0,303.3,4.08,3.5,10
2025-10-20,SKU020,Calça Flex,Moda,Site,127.85,5,54.85,237,6,7,1,286.15,3.68,3.84,11
2025-10-20,SKU020,Calça Flex,Moda,Aplicativo,128.32,20,53.24,171,15,15,2,134.29,3.58,2.3,15
2025-10-20,SKU020,Calça Flex,Moda,Marketplace,125.51,15,55.07,283,11,12,0,412.6,3.86,4.6,18
2025-10-20,SKU021,Tênis Street,Moda,Site,155.69,15,66.91,225,17,12,1,578.64,4.4,2.99,12
2025-10-20,SKU021,Tênis Street,Moda,Aplicativo,149.9,10,63.91,160,9,9,3,282.77,4.3,3.7,14
2025-10-20,SKU021,Tênis Street,Moda,Marketplace,157.25,5,65.07,250,5,6,2,307.88,4.17,4.29,13
2025-10-20,SKU022,Jaqueta City,Moda,Site,167.95,0,74.28,242,12,10,2,272.01,4.2,3.91,10
2025-10-20,SKU022,Jaqueta City,Moda,Aplicativo,168.86,5,71.68,213,12,14,1,347.94,4.26,2.39,21
2025-10-20,SKU022,Jaqueta City,Moda,Marketplace,180.2,5,74.68,342,7,10,0,543.48,4.36,3.43,21
2025-10-20,SKU023,Bolsa Mini,Moda,Site,141.16,10,60.9,407,11,12,1,172.26,3.53,3.44,26
2025-10-20,SKU023,Bolsa Mini,Moda,Aplicativo,138.3,0,59.56,363,10,13,2,217.12,3.61,2.56,21
2025-10-20,SKU023,Bolsa Mini,Moda,Marketplace,137.13,20,60.71,594,25,27,8,605.09,3.64,4.01,42
2025-10-20,SKU024,Moletom Soft,Moda,Site,134.55,5,58.58,266,7,8,0,462.29,4.03,3.26,18
2025-10-20,SKU024,Moletom Soft,Moda,Aplicativo,124.13,5,57.08,195,5,5,1,168.2,4.28,3.82,15
2025-10-20,SKU024,Moletom Soft,Moda,Marketplace,133.41,0,58.18,299,6,7,1,445.06,4.15,4.63,17
2025-10-20,SKU025,Kit Skin,Beleza,Site,104.93,0,39.14,170,7,8,1,332.96,3.67,3.21,10
2025-10-20,SKU025,Kit Skin,Beleza,Aplicativo,100.04,25,38.62,115,5,5,0,347.19,3.62,4.15,11
2025-10-20,SKU025,Kit Skin,Beleza,Marketplace,106.29,5,40.14,167,5,5,0,380.29,3.71,4.6,8
2025-10-20,SKU026,Perfume Bloom,Beleza,Site,106.1,10,42.41,389,23,25,0,269.18,4.42,3.05,30
2025-10-20,SKU026,Perfume Bloom,Beleza,Aplicativo,104.46,0,41.98,335,21,23,0,238.11,4.49,4.23,23
2025-10-20,SKU026,Perfume Bloom,Beleza,Marketplace,106.65,0,40.54,469,10,10,0,399.19,4.3,4.39,31
2025-10-20,SKU027,Secador Air,Beleza,Site,138.09,20,54.5,251,13,16,1,380.07,4.46,4.07,25
2025-10-20,SKU027,Secador Air,Beleza,Aplicativo,135.25,10,53.95,199,19,22,0,197.27,4.41,2.86,23
2025-10-20,SKU027,Secador Air,Beleza,Marketplace,140.47,0,54.07,263,8,8,0,262.83,4.4,4.68,15
2025-10-20,SKU028,Protetor Daily,Beleza,Site,139.04,0,54.64,239,10,10,0,369.82,3.68,2.28,17
2025-10-20,SKU028,Protetor Daily,Beleza,Aplicativo,145.6,10,54.86,221,14,15,1,324.37,3.7,2.84,17
2025-10-20,SKU028,Protetor Daily,Beleza,Marketplace,142.69,5,53.48,312,7,7,0,460.26,3.76,3.73,20
2025-10-20,SKU029,Escova Glow,Beleza,Site,95.66,0,36.29,242,9,9,1,270.82,4.43,3.2,13
2025-10-20,SKU029,Escova Glow,Beleza,Aplicativo,96.66,0,36.47,235,12,14,0,265.42,4.51,2.76,18
2025-10-20,SKU029,Escova Glow,Beleza,Marketplace,95.23,10,36.5,281,13,13,0,412.92,4.43,4.33,17
2025-10-20,SKU030,Sérum Vita,Beleza,Site,97.69,10,38.48,354,18,20,1,310.41,4.25,3.17,33
2025-10-20,SKU030,Sérum Vita,Beleza,Aplicativo,99.71,5,38.27,312,17,18,1,262.61,4.07,2.74,25
2025-10-20,SKU030,Sérum Vita,Beleza,Marketplace,96.58,15,38.09,490,28,31,0,539.62,4.16,3.42,37
2025-10-20,SKU031,Teclado Type,Informática,Site,601.61,20,394.69,197,5,5,0,141.84,3.99,3.66,11
2025-10-20,SKU031,Teclado Type,Informática,Aplicativo,627.01,20,401.62,196,13,11,0,180.01,4.21,3.22,11
2025-10-20,SKU031,Teclado Type,Informática,Marketplace,603.69,10,418.25,282,3,4,0,383.73,4.01,4.17,9
2025-10-20,SKU032,Mouse Click,Informática,Site,488.69,5,307.51,164,3,4,0,321.62,4.18,3.02,7
2025-10-20,SKU032,Mouse Click,Informática,Aplicativo,480.3,25,323.04,148,8,10,0,211.16,4.43,2.36,15
2025-10-20,SKU032,Mouse Click,Informática,Marketplace,485.3,0,317.87,233,7,8,0,473.27,4.37,3.46,8
2025-10-20,SKU033,Monitor View,Informática,Site,414.79,0,278.02,64,0,0,0,220.61,3.56,3.59,3
2025-10-20,SKU033,Monitor View,Informática,Aplicativo,433.06,10,279.45,59,0,0,0,174.2,3.76,3.09,3
2025-10-20,SKU033,Monitor View,Informática,Marketplace,424.44,0,276.51,107,0,0,0,602.41,3.74,4.32,3
2025-10-20,SKU034,SSD Fast,Informática,Site,675.85,5,428.13,102,2,3,1,197.68,4.75,2.94,6
2025-10-20,SKU034,SSD Fast,Informática,Aplicativo,663.63,0,440.22,92,4,5,0,413.06,4.48,3.03,6
2025-10-20,SKU034,SSD Fast,Informática,Marketplace,648.84,15,435.6,141,2,2,1,357.15,4.43,3.97,7
2025-10-20,SKU035,Hub Connect,Informática,Site,686.4,20,477.91,138,7,7,1,250.01,4.84,3.4,11
2025-10-20,SKU035,Hub Connect,Informática,Aplicativo,687.74,10,451.26,103,5,6,0,158.57,4.72,2.91,6
2025-10-20,SKU035,Hub Connect,Informática,Marketplace,698.53,10,470.65,164,5,6,0,259.17,4.51,5.36,6
2025-10-20,SKU036,Notebook Go,Informática,Site,541.43,20,343.84,242,3,3,1,204.36,3.99,3.78,13
2025-10-20,SKU036,Notebook Go,Informática,Aplicativo,536.15,0,349.01,260,7,8,0,351.31,4.01,2.85,13
2025-10-20,SKU036,Notebook Go,Informática,Marketplace,527.6,25,355.33,329,11,15,1,213.18,4.01,3.18,20
2025-10-20,SKU037,Bloco Criar,Infantil,Site,166.34,30,78.04,121,7,8,0,205.77,4.26,2.11,11
2025-10-20,SKU037,Bloco Criar,Infantil,Aplicativo,159.84,20,74.98,108,6,6,0,271.03,4.15,3.28,9
2025-10-20,SKU037,Bloco Criar,Infantil,Marketplace,156.66,15,75.99,146,11,13,0,299.18,4.11,3.57,13
2025-10-20,SKU038,Livro Descobrir,Infantil,Site,115.94,0,56.17,111,3,3,0,317.06,4.54,3.03,4
2025-10-20,SKU038,Livro Descobrir,Infantil,Aplicativo,118.59,0,56.27,60,3,3,0,230.8,4.28,2.91,5
2025-10-20,SKU038,Livro Descobrir,Infantil,Marketplace,118.52,0,55.31,101,4,4,0,336.09,4.34,4.28,6
2025-10-20,SKU039,Jogo Família,Infantil,Site,156.63,0,72.51,161,7,8,0,272.7,4.79,3.65,9
2025-10-20,SKU039,Jogo Família,Infantil,Aplicativo,161.71,5,73.86,122,8,9,1,254.32,4.48,3.16,10
2025-10-20,SKU039,Jogo Família,Infantil,Marketplace,156.01,15,71.54,175,9,11,0,229.78,4.57,3.42,13
2025-10-20,SKU040,Mochila Kids,Infantil,Site,127.26,25,59.82,192,6,6,0,487.25,4.28,3.7,15
2025-10-20,SKU040,Mochila Kids,Infantil,Aplicativo,128.12,5,58.37,117,8,8,1,236.41,4.44,2.7,12
2025-10-20,SKU040,Mochila Kids,Infantil,Marketplace,124.92,15,61.09,192,11,13,0,418.98,4.39,3.83,13
2025-10-20,SKU041,Pelúcia Nuvem,Infantil,Site,143.61,0,66.2,460,14,16,0,218.64,3.75,2.66,20
2025-10-20,SKU041,Pelúcia Nuvem,Infantil,Aplicativo,144.96,15,66.8,363,16,17,0,194.8,3.7,3.4,26
2025-10-20,SKU041,Pelúcia Nuvem,Infantil,Marketplace,140.09,25,67.11,565,17,18,0,470.57,3.67,5.32,38
2025-10-20,SKU042,Patinete Joy,Infantil,Site,96.45,0,46.89,247,10,10,0,285.74,4.26,3.1,13
2025-10-20,SKU042,Patinete Joy,Infantil,Aplicativo,97.16,20,46.64,208,16,17,1,355.67,4.13,3.2,18
2025-10-20,SKU042,Patinete Joy,Infantil,Marketplace,100.3,15,44.85,287,14,15,1,349.14,4.2,4.86,15
2025-10-20,SKU043,Cama Cozy,Pet,Site,87.7,10,38.3,352,21,15,1,213.79,3.71,2.65,15
2025-10-20,SKU043,Cama Cozy,Pet,Aplicativo,89.7,5,37.72,267,13,13,0,176.9,3.8,3.75,15
2025-10-20,SKU043,Cama Cozy,Pet,Marketplace,91.95,15,38.78,433,10,12,1,374.96,3.63,3.65,20
2025-10-20,SKU044,Fonte Fresh,Pet,Site,88.28,25,40.1,138,12,12,0,385.2,4.61,2.69,12
2025-10-20,SKU044,Fonte Fresh,Pet,Aplicativo,87.2,0,40.24,90,8,10,0,217.73,4.74,2.43,10
2025-10-20,SKU044,Fonte Fresh,Pet,Marketplace,91.16,0,38.81,147,4,4,0,296.64,4.93,4.17,9
2025-10-20,SKU045,Brinquedo Fun,Pet,Site,98.52,0,44.06,196,4,4,0,285.65,4.24,2.78,12
2025-10-20,SKU045,Brinquedo Fun,Pet,Aplicativo,98.71,0,44.75,144,5,6,0,163.51,4.54,2.65,14
2025-10-20,SKU045,Brinquedo Fun,Pet,Marketplace,98.21,5,42.31,230,8,9,0,347.71,4.33,3.73,15
2025-10-20,SKU046,Coleira Safe,Pet,Site,137.4,15,58.6,209,7,7,0,222.22,4.49,3.28,17
2025-10-20,SKU046,Coleira Safe,Pet,Aplicativo,139.36,5,58.63,183,18,19,1,259.27,4.38,1.84,19
2025-10-20,SKU046,Coleira Safe,Pet,Marketplace,137.43,10,63.28,217,10,10,0,416.09,4.13,4.44,11
2025-10-20,SKU047,Comedouro Smart,Pet,Site,82.14,5,37.28,306,15,18,0,347.24,4.19,3.12,20
2025-10-20,SKU047,Comedouro Smart,Pet,Aplicativo,84.24,10,36.16,220,9,10,0,174.63,4.38,2.8,21
2025-10-20,SKU047,Comedouro Smart,Pet,Marketplace,86.9,10,37.94,326,11,11,0,446.08,4.27,3.65,21
2025-10-20,SKU048,Kit Higiene,Pet,Site,137.31,15,61.32,522,36,42,0,261.54,4.32,2.85,42
2025-10-20,SKU048,Kit Higiene,Pet,Aplicativo,136.85,15,59.56,410,28,32,1,310.31,4.24,2.54,39
2025-10-20,SKU048,Kit Higiene,Pet,Marketplace,137.11,25,60.24,608,28,32,0,336.68,4.37,4.29,46
2025-10-27,SKU001,Fone Pulse,Áudio e vídeo,Site,339.39,5,190.83,251,14,15,2,282.04,4.63,3.17,18
2025-10-27,SKU001,Fone Pulse,Áudio e vídeo,Aplicativo,340.42,15,200.25,210,13,16,1,211.67,4.44,2.93,18
2025-10-27,SKU001,Fone Pulse,Áudio e vídeo,Marketplace,349.65,10,190.15,318,9,10,0,449.71,4.64,2.81,19
2025-10-27,SKU002,Caixa Wave,Áudio e vídeo,Site,286.8,0,159.58,363,7,8,0,312.43,4.87,4.23,16
2025-10-27,SKU002,Caixa Wave,Áudio e vídeo,Aplicativo,255.08,5,153.1,282,22,20,2,425.24,4.78,2.28,20
2025-10-27,SKU002,Caixa Wave,Áudio e vídeo,Marketplace,277.6,15,156.39,412,17,19,3,280.75,4.83,4.77,28
2025-10-27,SKU003,Webcam Focus,Áudio e vídeo,Site,418.15,10,238.64,285,7,7,2,272.41,3.74,2.81,17
2025-10-27,SKU003,Webcam Focus,Áudio e vídeo,Aplicativo,415.56,15,233.81,182,11,10,1,212.65,3.81,3.27,10
2025-10-27,SKU003,Webcam Focus,Áudio e vídeo,Marketplace,395.66,5,228.19,253,8,8,0,316.71,3.64,3.7,12
2025-10-27,SKU004,Microfone Voice,Áudio e vídeo,Site,343.98,5,186.9,141,2,2,0,198.17,4.76,3.19,8
2025-10-27,SKU004,Microfone Voice,Áudio e vídeo,Aplicativo,330.27,0,187.12,101,5,6,0,205.82,4.85,2.76,7
2025-10-27,SKU004,Microfone Voice,Áudio e vídeo,Marketplace,327.32,5,186.41,160,7,7,0,395.6,4.81,3.23,8
2025-10-27,SKU005,Soundbar One,Áudio e vídeo,Site,413.27,15,235.69,267,11,8,0,411.61,4.11,2.23,8
2025-10-27,SKU005,Soundbar One,Áudio e vídeo,Aplicativo,419.77,5,241.3,186,9,9,0,207.59,4.1,3.61,11
2025-10-27,SKU005,Soundbar One,Áudio e vídeo,Marketplace,416.28,0,246.35,260,8,11,0,329.15,4.05,4.2,11
2025-10-27,SKU006,Headset Play,Áudio e vídeo,Site,369.08,0,202.56,126,6,5,0,303.77,3.55,4.18,5
2025-10-27,SKU006,Headset Play,Áudio e vídeo,Aplicativo,364.32,20,210.25,108,3,3,0,162.37,3.63,2.51,9
2025-10-27,SKU006,Headset Play,Áudio e vídeo,Marketplace,371.93,15,208.74,161,5,5,0,277.43,3.63,4.65,6
2025-10-27,SKU007,Panela Chef,Casa e cozinha,Site,259.08,10,134.77,369,14,18,2,283.9,4.63,4.56,27
2025-10-27,SKU007,Panela Chef,Casa e cozinha,Aplicativo,265.31,10,130.64,354,17,20,0,271.94,4.57,2.64,34
2025-10-27,SKU007,Panela Chef,Casa e cozinha,Marketplace,250.72,10,133.89,512,24,30,0,324.61,4.45,3.88,39
2025-10-27,SKU008,Air Fryer Easy,Casa e cozinha,Site,307.4,10,159.47,198,8,9,0,293.65,4.87,3.67,14
2025-10-27,SKU008,Air Fryer Easy,Casa e cozinha,Aplicativo,322.6,15,158.52,137,8,9,1,192.57,4.52,3.69,9
2025-10-27,SKU008,Air Fryer Easy,Casa e cozinha,Marketplace,298.4,0,159.72,225,6,7,0,249.46,4.79,4.77,8
2025-10-27,SKU009,Jogo Mesa,Casa e cozinha,Site,201.56,10,102.94,186,5,5,0,150.15,4.28,4.47,11
2025-10-27,SKU009,Jogo Mesa,Casa e cozinha,Aplicativo,213.0,0,105.47,162,5,5,0,185.64,3.96,2.51,11
2025-10-27,SKU009,Jogo Mesa,Casa e cozinha,Marketplace,204.93,10,104.52,272,8,9,1,358.25,4.24,3.68,14
2025-10-27,SKU010,Luminária Aura,Casa e cozinha,Site,199.38,15,99.48,315,13,15,0,243.89,4.47,2.33,26
2025-10-27,SKU010,Luminária Aura,Casa e cozinha,Aplicativo,197.34,15,103.02,279,21,21,2,215.23,4.37,2.76,29
2025-10-27,SKU010,Luminária Aura,Casa e cozinha,Marketplace,191.08,20,101.07,363,7,7,0,296.57,4.29,4.52,11
2025-10-27,SKU011,Organizador Box,Casa e cozinha,Site,304.03,15,161.94,640,18,21,0,501.19,3.97,3.16,21
2025-10-27,SKU011,Organizador Box,Casa e cozinha,Aplicativo,306.34,20,161.49,479,31,40,1,249.87,3.99,2.35,48
2025-10-27,SKU011,Organizador Box,Casa e cozinha,Marketplace,311.1,20,155.94,733,29,33,2,485.68,3.83,3.67,44
2025-10-27,SKU012,Mixer Prático,Casa e cozinha,Site,243.93,10,123.84,177,10,11,1,234.14,4.02,3.48,11
2025-10-27,SKU012,Mixer Prático,Casa e cozinha,Aplicativo,234.1,0,124.25,153,8,9,0,321.12,3.76,2.86,9
2025-10-27,SKU012,Mixer Prático,Casa e cozinha,Marketplace,237.37,10,125.53,203,6,6,0,242.67,3.77,4.8,8
2025-10-27,SKU013,Tênis Run,Esporte,Site,199.89,0,96.83,209,5,5,0,171.13,3.82,3.8,11
2025-10-27,SKU013,Tênis Run,Esporte,Aplicativo,203.99,10,95.49,186,8,9,0,190.89,3.64,2.9,14
2025-10-27,SKU013,Tênis Run,Esporte,Marketplace,195.45,10,97.5,285,6,6,0,635.96,3.89,3.75,16
2025-10-27,SKU014,Mochila Trail,Esporte,Site,192.37,20,96.36,308,19,21,1,124.34,4.73,3.6,24
2025-10-27,SKU014,Mochila Trail,Esporte,Aplicativo,187.7,15,93.27,263,21,24,1,286.45,4.7,3.15,31
2025-10-27,SKU014,Mochila Trail,Esporte,Marketplace,192.24,5,94.07,365,18,18,0,262.55,4.78,3.34,18
2025-10-27,SKU015,Garrafa Move,Esporte,Site,176.52,10,90.36,129,8,8,0,342.39,4.59,2.48,11
2025-10-27,SKU015,Garrafa Move,Esporte,Aplicativo,174.4,10,89.26,115,7,8,0,297.85,4.42,3.17,10
2025-10-27,SKU015,Garrafa Move,Esporte,Marketplace,174.1,30,87.36,164,11,8,0,469.11,4.63,4.52,8
2025-10-27,SKU016,Tapete Zen,Esporte,Site,180.79,0,90.64,266,8,8,0,255.03,3.89,3.56,13
2025-10-27,SKU016,Tapete Zen,Esporte,Aplicativo,189.23,10,92.91,202,7,8,0,217.64,3.96,2.79,15
2025-10-27,SKU016,Tapete Zen,Esporte,Marketplace,182.41,0,93.21,279,14,11,2,344.77,3.86,3.74,11
2025-10-27,SKU017,Kit Funcional,Esporte,Site,156.91,10,77.18,338,11,14,1,262.46,3.82,2.42,23
2025-10-27,SKU017,Kit Funcional,Esporte,Aplicativo,163.53,10,78.98,323,10,12,0,285.97,3.92,3.81,21
2025-10-27,SKU017,Kit Funcional,Esporte,Marketplace,160.27,0,78.61,441,11,14,0,439.75,3.82,4.31,14
2025-10-27,SKU018,Relógio Fit,Esporte,Site,239.72,10,111.35,271,12,13,1,380.79,4.32,3.2,15
2025-10-27,SKU018,Relógio Fit,Esporte,Aplicativo,227.48,5,111.45,186,8,10,0,237.82,4.46,3.44,15
2025-10-27,SKU018,Relógio Fit,Esporte,Marketplace,235.76,0,115.37,278,6,7,0,362.76,4.34,3.72,8
2025-10-27,SKU019,Camiseta Urban,Moda,Site,176.41,0,77.51,141,6,6,0,228.96,4.17,3.43,9
2025-10-27,SKU019,Camiseta Urban,Moda,Aplicativo,190.65,0,79.61,131,5,5,3,363.27,4.07,3.06,9
2025-10-27,SKU019,Camiseta Urban,Moda,Marketplace,185.66,5,77.79,167,3,3,0,219.84,3.92,4.41,9
2025-10-27,SKU020,Calça Flex,Moda,Site,123.93,10,52.14,213,11,14,1,351.88,3.85,2.8,15
2025-10-27,SKU020,Calça Flex,Moda,Aplicativo,124.74,0,54.2,157,6,6,0,131.1,3.82,2.77,9
2025-10-27,SKU020,Calça Flex,Moda,Marketplace,124.7,10,53.21,271,11,14,0,453.43,3.92,5.11,18
2025-10-27,SKU021,Tênis Street,Moda,Site,156.39,20,68.36,179,9,9,1,171.13,4.4,3.18,22
2025-10-27,SKU021,Tênis Street,Moda,Aplicativo,157.82,10,68.06,168,10,12,1,269.94,4.13,3.31,15
2025-10-27,SKU021,Tênis Street,Moda,Marketplace,163.74,15,66.61,248,9,8,0,292.78,4.4,4.84,8
2025-10-27,SKU022,Jaqueta City,Moda,Site,169.8,0,69.89,278,12,15,0,354.75,4.35,3.73,18
2025-10-27,SKU022,Jaqueta City,Moda,Aplicativo,168.65,0,74.22,205,11,12,1,226.98,4.24,3.12,15
2025-10-27,SKU022,Jaqueta City,Moda,Marketplace,164.91,0,71.89,312,12,14,2,307.95,4.35,3.77,21
2025-10-27,SKU023,Bolsa Mini,Moda,Site,138.09,5,59.79,445,15,17,3,280.6,3.54,2.66,25
2025-10-27,SKU023,Bolsa Mini,Moda,Aplicativo,135.17,5,61.22,354,10,10,1,166.69,3.32,2.84,19
2025-10-27,SKU023,Bolsa Mini,Moda,Marketplace,144.39,0,60.31,560,20,20,2,539.84,3.56,3.61,20
2025-10-27,SKU024,Moletom Soft,Moda,Site,126.93,30,56.6,242,18,20,2,310.52,4.0,3.95,26
2025-10-27,SKU024,Moletom Soft,Moda,Aplicativo,129.25,25,55.93,198,18,19,1,221.04,4.17,2.81,29
2025-10-27,SKU024,Moletom Soft,Moda,Marketplace,134.75,20,58.38,284,16,17,4,339.86,4.24,4.52,21
2025-10-27,SKU025,Kit Skin,Beleza,Site,100.97,15,40.77,143,7,9,0,342.86,3.57,4.22,11
2025-10-27,SKU025,Kit Skin,Beleza,Aplicativo,100.77,20,40.25,116,10,10,0,383.01,3.71,1.76,16
2025-10-27,SKU025,Kit Skin,Beleza,Marketplace,103.79,15,40.31,215,8,9,0,592.74,3.47,3.43,12
2025-10-27,SKU026,Perfume Bloom,Beleza,Site,104.51,0,41.84,345,18,20,1,188.74,4.29,2.5,21
2025-10-27,SKU026,Perfume Bloom,Beleza,Aplicativo,104.32,10,42.21,333,16,21,0,180.79,4.54,3.5,32
2025-10-27,SKU026,Perfume Bloom,Beleza,Marketplace,111.47,20,41.81,377,21,24,0,185.28,4.33,4.28,24
2025-10-27,SKU027,Secador Air,Beleza,Site,141.37,30,54.43,215,18,19,0,230.42,4.47,3.2,29
2025-10-27,SKU027,Secador Air,Beleza,Aplicativo,140.87,10,54.1,195,6,6,2,192.6,4.37,3.29,20
2025-10-27,SKU027,Secador Air,Beleza,Marketplace,140.89,0,52.7,261,12,14,2,319.18,4.37,3.38,18
2025-10-27,SKU028,Protetor Daily,Beleza,Site,143.35,10,55.76,278,11,13,2,418.26,3.68,2.55,21
2025-10-27,SKU028,Protetor Daily,Beleza,Aplicativo,140.35,15,55.55,195,8,8,0,190.52,3.87,3.03,17
2025-10-27,SKU028,Protetor Daily,Beleza,Marketplace,139.21,10,55.25,296,12,13,0,373.54,3.82,3.7,16
2025-10-27,SKU029,Escova Glow,Beleza,Site,91.11,15,36.66,221,17,19,0,270.04,4.54,2.37,24
2025-10-27,SKU029,Escova Glow,Beleza,Aplicativo,94.87,15,35.04,226,16,21,1,332.39,4.43,2.81,22
2025-10-27,SKU029,Escova Glow,Beleza,Marketplace,87.62,10,37.6,293,14,16,3,336.01,4.65,4.72,22
2025-10-27,SKU030,Sérum Vita,Beleza,Site,96.83,10,38.86,330,15,17,0,169.43,4.17,3.9,28
2025-10-27,SKU030,Sérum Vita,Beleza,Aplicativo,98.51,25,38.76,324,25,29,0,324.33,4.36,2.62,34
2025-10-27,SKU030,Sérum Vita,Beleza,Marketplace,101.17,15,39.05,426,17,22,1,362.72,4.3,4.28,27
2025-10-27,SKU031,Teclado Type,Informática,Site,597.74,15,392.51,221,7,8,1,197.1,3.83,3.7,12
2025-10-27,SKU031,Teclado Type,Informática,Aplicativo,591.5,10,405.4,166,3,3,0,175.75,4.03,3.18,9
2025-10-27,SKU031,Teclado Type,Informática,Marketplace,607.02,30,403.83,316,3,3,0,568.11,4.05,4.17,17
2025-10-27,SKU032,Mouse Click,Informática,Site,490.3,20,318.96,155,8,7,0,227.35,4.39,3.97,7
2025-10-27,SKU032,Mouse Click,Informática,Aplicativo,473.19,0,320.13,133,3,5,0,174.19,4.58,4.31,6
2025-10-27,SKU032,Mouse Click,Informática,Marketplace,482.95,10,341.84,225,4,5,0,432.98,4.52,4.28,9
2025-10-27,SKU033,Monitor View,Informática,Site,415.84,10,277.71,83,1,1,0,207.45,3.68,2.97,4
2025-10-27,SKU033,Monitor View,Informática,Aplicativo,431.75,0,284.37,58,2,2,0,205.8,3.8,3.31,2
2025-10-27,SKU033,Monitor View,Informática,Marketplace,421.74,15,279.03,86,4,4,0,419.36,3.64,4.41,4
2025-10-27,SKU034,SSD Fast,Informática,Site,701.99,10,449.11,106,5,6,0,303.89,4.56,2.63,6
2025-10-27,SKU034,SSD Fast,Informática,Aplicativo,651.32,0,445.8,119,3,4,0,305.59,4.45,2.86,5
2025-10-27,SKU034,SSD Fast,Informática,Marketplace,659.44,5,455.69,142,3,4,0,469.7,4.48,2.97,7
2025-10-27,SKU035,Hub Connect,Informática,Site,705.48,20,461.6,139,9,7,1,373.12,4.51,3.09,7
2025-10-27,SKU035,Hub Connect,Informática,Aplicativo,689.58,10,450.11,121,5,5,2,315.05,4.61,2.98,9
2025-10-27,SKU035,Hub Connect,Informática,Marketplace,674.02,5,447.5,155,6,4,0,182.56,4.72,3.89,4
2025-10-27,SKU036,Notebook Go,Informática,Site,507.74,0,352.49,297,5,7,2,381.41,3.86,3.96,11
2025-10-27,SKU036,Notebook Go,Informática,Aplicativo,535.65,10,349.02,247,9,10,1,279.65,3.73,2.86,13
2025-10-27,SKU036,Notebook Go,Informática,Marketplace,551.36,0,343.46,326,1,2,0,407.0,3.79,4.76,7
2025-10-27,SKU037,Bloco Criar,Infantil,Site,159.4,15,75.12,144,10,12,0,384.02,4.13,2.78,12
2025-10-27,SKU037,Bloco Criar,Infantil,Aplicativo,165.75,20,74.17,99,8,7,0,235.94,4.09,3.27,7
2025-10-27,SKU037,Bloco Criar,Infantil,Marketplace,161.29,20,76.5,147,8,8,1,244.19,4.25,4.37,9
2025-10-27,SKU038,Livro Descobrir,Infantil,Site,117.13,15,53.91,84,7,7,0,271.25,4.33,2.25,9
2025-10-27,SKU038,Livro Descobrir,Infantil,Aplicativo,113.37,15,54.65,62,4,5,0,270.27,4.19,3.33,5
2025-10-27,SKU038,Livro Descobrir,Infantil,Marketplace,119.0,5,55.78,86,2,2,0,189.17,4.33,3.91,6
2025-10-27,SKU039,Jogo Família,Infantil,Site,160.03,5,73.98,161,8,9,1,265.95,4.51,1.93,15
2025-10-27,SKU039,Jogo Família,Infantil,Aplicativo,160.14,10,73.9,144,11,16,0,256.8,4.86,2.2,18
2025-10-27,SKU039,Jogo Família,Infantil,Marketplace,150.81,20,76.46,168,11,11,0,277.89,4.5,5.14,15
2025-10-27,SKU040,Mochila Kids,Infantil,Site,128.31,10,58.84,159,3,3,0,298.66,4.47,3.17,12
2025-10-27,SKU040,Mochila Kids,Infantil,Aplicativo,134.24,0,57.62,118,3,5,0,307.46,4.34,3.29,9
2025-10-27,SKU040,Mochila Kids,Infantil,Marketplace,129.82,20,58.33,167,9,9,0,397.84,4.34,3.93,12
2025-10-27,SKU041,Pelúcia Nuvem,Infantil,Site,141.87,10,67.5,454,22,23,0,297.76,3.58,3.22,30
2025-10-27,SKU041,Pelúcia Nuvem,Infantil,Aplicativo,140.59,5,66.66,350,18,20,0,312.66,3.46,3.59,21
2025-10-27,SKU041,Pelúcia Nuvem,Infantil,Marketplace,143.96,5,66.64,488,20,21,1,270.52,3.76,3.73,29
2025-10-27,SKU042,Patinete Joy,Infantil,Site,104.12,10,45.17,176,6,7,0,151.17,4.22,2.97,15
2025-10-27,SKU042,Patinete Joy,Infantil,Aplicativo,102.59,0,46.42,185,9,8,0,257.08,4.22,2.16,8
2025-10-27,SKU042,Patinete Joy,Infantil,Marketplace,103.38,10,45.84,263,7,8,0,381.24,4.25,4.1,13
2025-10-27,SKU043,Cama Cozy,Pet,Site,87.04,5,38.69,344,10,11,0,307.99,3.6,3.32,21
2025-10-27,SKU043,Cama Cozy,Pet,Aplicativo,88.58,5,40.11,348,12,13,1,327.74,3.5,2.49,28
2025-10-27,SKU043,Cama Cozy,Pet,Marketplace,92.87,5,37.42,373,12,13,0,154.22,3.73,5.12,14
2025-10-27,SKU044,Fonte Fresh,Pet,Site,90.69,20,39.54,136,5,5,0,397.07,4.92,3.2,16
2025-10-27,SKU044,Fonte Fresh,Pet,Aplicativo,92.0,15,39.43,105,6,8,0,336.47,4.79,3.19,14
2025-10-27,SKU044,Fonte Fresh,Pet,Marketplace,89.1,0,40.04,146,7,7,1,365.43,4.81,3.73,11
2025-10-27,SKU045,Brinquedo Fun,Pet,Site,105.1,0,42.87,221,13,14,0,586.98,4.36,3.3,15
2025-10-27,SKU045,Brinquedo Fun,Pet,Aplicativo,100.12,10,43.05,161,11,8,0,240.96,4.34,2.07,8
2025-10-27,SKU045,Brinquedo Fun,Pet,Marketplace,100.65,10,45.29,246,15,17,0,655.38,4.47,3.04,21
2025-10-27,SKU046,Coleira Safe,Pet,Site,136.03,15,59.83,181,7,7,0,235.95,4.1,3.38,10
2025-10-27,SKU046,Coleira Safe,Pet,Aplicativo,130.79,0,61.08,165,12,13,0,257.58,4.3,2.98,13
2025-10-27,SKU046,Coleira Safe,Pet,Marketplace,141.69,10,62.64,285,9,11,1,548.24,4.31,4.3,17
2025-10-27,SKU047,Comedouro Smart,Pet,Site,83.39,20,37.11,283,17,18,0,281.54,4.11,2.93,24
2025-10-27,SKU047,Comedouro Smart,Pet,Aplicativo,83.59,0,36.66,219,10,11,0,160.49,4.02,3.09,16
2025-10-27,SKU047,Comedouro Smart,Pet,Marketplace,84.4,15,36.18,318,8,8,0,358.61,4.45,3.57,26
2025-10-27,SKU048,Kit Higiene,Pet,Site,135.41,10,59.97,492,28,31,0,304.11,4.14,3.14,39
2025-10-27,SKU048,Kit Higiene,Pet,Aplicativo,141.59,10,61.93,398,26,30,0,224.52,4.44,2.87,37
2025-10-27,SKU048,Kit Higiene,Pet,Marketplace,141.07,15,60.67,576,31,30,1,446.46,4.25,4.75,30
2025-11-03,SKU001,Fone Pulse,Áudio e vídeo,Site,319.03,25,196.35,430,20,21,0,681.3,4.7,3.82,23
2025-11-03,SKU001,Fone Pulse,Áudio e vídeo,Aplicativo,345.76,25,202.57,361,23,26,3,508.83,4.82,3.25,42
2025-11-03,SKU001,Fone Pulse,Áudio e vídeo,Marketplace,365.13,20,194.33,467,11,12,0,533.07,4.6,4.93,23
2025-11-03,SKU002,Caixa Wave,Áudio e vídeo,Site,289.51,25,161.49,622,32,39,4,881.71,4.74,3.69,42
2025-11-03,SKU002,Caixa Wave,Áudio e vídeo,Aplicativo,256.44,15,159.8,471,24,27,1,472.77,4.77,2.34,34
2025-11-03,SKU002,Caixa Wave,Áudio e vídeo,Marketplace,275.34,15,163.16,664,25,25,1,504.49,4.85,4.82,39
2025-11-03,SKU003,Webcam Focus,Áudio e vídeo,Site,401.07,15,232.29,359,11,11,0,389.92,3.63,3.27,21
2025-11-03,SKU003,Webcam Focus,Áudio e vídeo,Aplicativo,392.42,15,242.21,305,20,26,0,308.66,3.8,2.85,27
2025-11-03,SKU003,Webcam Focus,Áudio e vídeo,Marketplace,408.12,20,228.48,451,11,14,1,644.56,3.78,5.18,20
2025-11-03,SKU004,Microfone Voice,Áudio e vídeo,Site,332.66,20,184.61,236,10,11,0,548.45,5.0,2.61,19
2025-11-03,SKU004,Microfone Voice,Áudio e vídeo,Aplicativo,346.37,20,191.77,203,13,14,1,456.62,4.87,2.57,21
2025-11-03,SKU004,Microfone Voice,Áudio e vídeo,Marketplace,342.2,15,183.95,264,5,6,0,573.8,4.87,4.1,17
2025-11-03,SKU005,Soundbar One,Áudio e vídeo,Site,433.14,20,238.71,314,8,9,0,340.73,4.06,2.89,16
2025-11-03,SKU005,Soundbar One,Áudio e vídeo,Aplicativo,414.98,30,232.5,279,12,12,3,260.91,4.13,3.85,23
2025-11-03,SKU005,Soundbar One,Áudio e vídeo,Marketplace,415.89,30,235.86,413,16,17,1,420.98,4.11,4.0,36
2025-11-03,SKU006,Headset Play,Áudio e vídeo,Site,390.31,10,208.14,220,6,8,0,415.0,3.48,3.07,9
2025-11-03,SKU006,Headset Play,Áudio e vídeo,Aplicativo,363.53,10,210.81,185,4,4,0,424.89,3.51,3.63,7
2025-11-03,SKU006,Headset Play,Áudio e vídeo,Marketplace,373.17,30,206.99,289,10,11,1,855.65,3.49,3.92,13
2025-11-03,SKU007,Panela Chef,Casa e cozinha,Site,265.3,20,138.34,615,24,27,0,338.86,4.47,2.98,39
2025-11-03,SKU007,Panela Chef,Casa e cozinha,Aplicativo,246.14,25,140.1,534,36,42,0,580.3,4.55,2.52,54
2025-11-03,SKU007,Panela Chef,Casa e cozinha,Marketplace,261.68,10,134.66,741,32,39,1,482.99,4.68,3.67,48
2025-11-03,SKU008,Air Fryer Easy,Casa e cozinha,Site,300.3,25,159.19,278,16,19,0,308.06,4.7,3.29,29
2025-11-03,SKU008,Air Fryer Easy,Casa e cozinha,Aplicativo,299.61,15,158.52,230,11,14,0,381.61,4.73,3.47,25
2025-11-03,SKU008,Air Fryer Easy,Casa e cozinha,Marketplace,312.13,25,158.84,299,22,25,0,628.55,4.82,3.55,28
2025-11-03,SKU009,Jogo Mesa,Casa e cozinha,Site,203.55,5,103.4,312,20,23,0,511.67,4.29,2.26,23
2025-11-03,SKU009,Jogo Mesa,Casa e cozinha,Aplicativo,199.75,15,103.07,252,13,13,2,374.01,4.17,2.4,13
2025-11-03,SKU009,Jogo Mesa,Casa e cozinha,Marketplace,191.64,15,104.7,410,13,15,0,801.64,4.23,4.66,18
2025-11-03,SKU010,Luminária Aura,Casa e cozinha,Site,194.52,20,100.14,516,33,36,2,335.4,4.64,3.01,53
2025-11-03,SKU010,Luminária Aura,Casa e cozinha,Aplicativo,197.24,10,101.18,395,26,29,0,343.67,4.26,2.45,31
2025-11-03,SKU010,Luminária Aura,Casa e cozinha,Marketplace,195.54,10,98.2,579,25,29,2,619.27,4.42,3.96,30
2025-11-03,SKU011,Organizador Box,Casa e cozinha,Site,299.78,15,157.4,817,30,36,1,338.41,3.81,2.68,49
2025-11-03,SKU011,Organizador Box,Casa e cozinha,Aplicativo,295.58,15,156.96,754,39,40,2,453.69,4.0,2.55,54
2025-11-03,SKU011,Organizador Box,Casa e cozinha,Marketplace,299.31,10,162.08,949,33,37,0,334.01,3.95,3.18,58
2025-11-03,SKU012,Mixer Prático,Casa e cozinha,Site,247.57,15,122.72,299,4,5,0,608.05,3.71,3.33,17
2025-11-03,SKU012,Mixer Prático,Casa e cozinha,Aplicativo,236.95,30,124.96,232,26,21,1,465.4,3.71,1.65,21
2025-11-03,SKU012,Mixer Prático,Casa e cozinha,Marketplace,226.25,15,124.11,340,13,15,1,652.33,3.7,4.37,19
2025-11-03,SKU013,Tênis Run,Esporte,Site,193.9,20,95.61,326,13,13,0,438.18,3.79,2.91,19
2025-11-03,SKU013,Tênis Run,Esporte,Aplicativo,188.84,15,98.81,282,16,17,0,445.26,3.89,2.66,23
2025-11-03,SKU013,Tênis Run,Esporte,Marketplace,198.93,15,95.1,350,13,16,0,351.46,3.76,3.86,16
2025-11-03,SKU014,Mochila Trail,Esporte,Site,193.22,15,91.57,464,31,32,1,338.82,4.64,3.41,32
2025-11-03,SKU014,Mochila Trail,Esporte,Aplicativo,194.95,30,94.26,412,27,27,1,395.59,4.67,2.87,27
2025-11-03,SKU014,Mochila Trail,Esporte,Marketplace,186.35,20,92.32,566,28,27,3,528.5,4.86,4.66,27
2025-11-03,SKU015,Garrafa Move,Esporte,Site,177.29,10,88.05,194,12,13,1,451.18,4.47,3.6,15
2025-11-03,SKU015,Garrafa Move,Esporte,Aplicativo,182.5,10,89.18,138,6,7,0,410.03,4.6,2.53,10
2025-11-03,SKU015,Garrafa Move,Esporte,Marketplace,183.38,30,87.08,195,9,10,1,343.12,4.39,4.76,16
2025-11-03,SKU016,Tapete Zen,Esporte,Site,183.37,5,92.21,405,12,12,0,628.79,3.98,2.82,12
2025-11-03,SKU016,Tapete Zen,Esporte,Aplicativo,183.44,30,92.91,321,19,20,0,418.4,3.76,4.17,27
2025-11-03,SKU016,Tapete Zen,Esporte,Marketplace,188.37,30,93.28,441,8,8,0,432.96,4.0,4.65,26
2025-11-03,SKU017,Kit Funcional,Esporte,Site,158.11,0,77.94,526,13,13,1,527.87,3.83,3.59,27
2025-11-03,SKU017,Kit Funcional,Esporte,Aplicativo,157.62,30,76.6,446,23,25,1,368.57,3.93,2.42,45
2025-11-03,SKU017,Kit Funcional,Esporte,Marketplace,160.08,30,77.83,653,35,39,3,604.85,3.91,3.8,39
2025-11-03,SKU018,Relógio Fit,Esporte,Site,236.48,25,113.42,370,17,18,0,364.29,4.59,3.33,18
2025-11-03,SKU018,Relógio Fit,Esporte,Aplicativo,232.06,20,110.8,302,14,16,0,295.71,4.15,4.15,18
2025-11-03,SKU018,Relógio Fit,Esporte,Marketplace,231.44,15,110.27,418,13,14,0,397.44,4.3,3.77,23
2025-11-03,SKU019,Camiseta Urban,Moda,Site,173.73,30,76.06,281,19,17,0,666.63,4.15,4.33,17
2025-11-03,SKU019,Camiseta Urban,Moda,Aplicativo,169.61,15,78.59,184,6,6,1,263.4,4.24,4.08,15
2025-11-03,SKU019,Camiseta Urban,Moda,Marketplace,177.73,0,78.78,290,9,10,0,609.39,3.89,5.76,15
2025-11-03,SKU020,Calça Flex,Moda,Site,128.35,25,53.39,369,28,30,2,463.98,3.82,2.78,35
2025-11-03,SKU020,Calça Flex,Moda,Aplicativo,132.26,25,53.33,347,26,30,4,458.03,3.76,2.71,47
2025-11-03,SKU020,Calça Flex,Moda,Marketplace,129.72,25,55.4,426,17,19,3,395.66,3.64,4.35,34
2025-11-03,SKU021,Tênis Street,Moda,Site,149.6,10,66.69,316,10,10,0,466.03,4.38,3.63,24
2025-11-03,SKU021,Tênis Street,Moda,Aplicativo,150.79,20,66.21,277,17,20,0,525.14,4.27,2.91,39
2025-11-03,SKU021,Tênis Street,Moda,Marketplace,157.32,15,69.19,367,15,18,3,587.97,4.2,4.09,28
2025-11-03,SKU022,Jaqueta City,Moda,Site,169.97,30,74.65,447,28,32,5,515.6,4.23,3.69,51
2025-11-03,SKU022,Jaqueta City,Moda,Aplicativo,170.23,30,72.81,358,32,35,1,484.88,4.19,3.38,35
2025-11-03,SKU022,Jaqueta City,Moda,Marketplace,162.68,15,71.41,486,17,18,3,325.85,4.38,3.68,32
2025-11-03,SKU023,Bolsa Mini,Moda,Site,134.38,10,59.54,784,28,31,4,621.73,3.6,2.84,63
2025-11-03,SKU023,Bolsa Mini,Moda,Aplicativo,140.46,15,62.56,654,33,38,3,404.27,3.73,3.25,49
2025-11-03,SKU023,Bolsa Mini,Moda,Marketplace,142.41,15,59.97,905,35,37,10,534.76,3.64,4.87,37
2025-11-03,SKU024,Moletom Soft,Moda,Site,128.96,30,56.45,364,40,47,9,282.83,4.22,2.63,57
2025-11-03,SKU024,Moletom Soft,Moda,Aplicativo,133.15,20,58.35,324,30,30,0,356.84,3.96,3.39,30
2025-11-03,SKU024,Moletom Soft,Moda,Marketplace,128.11,15,57.4,472,18,22,2,356.74,4.01,4.17,25
2025-11-03,SKU025,Kit Skin,Beleza,Site,106.32,15,40.47,215,10,6,0,359.27,3.36,3.82,6
2025-11-03,SKU025,Kit Skin,Beleza,Aplicativo,99.11,15,39.68,177,15,16,0,314.71,3.75,2.99,16
2025-11-03,SKU025,Kit Skin,Beleza,Marketplace,103.7,20,41.01,295,12,15,1,435.69,3.51,3.8,20
2025-11-03,SKU026,Perfume Bloom,Beleza,Site,105.8,15,42.5,697,47,52,2,836.21,4.38,3.32,79
2025-11-03,SKU026,Perfume Bloom,Beleza,Aplicativo,108.63,5,41.5,523,24,27,0,427.05,4.3,2.88,35
2025-11-03,SKU026,Perfume Bloom,Beleza,Marketplace,106.46,10,42.71,697,24,28,0,479.71,4.48,5.0,47
2025-11-03,SKU027,Secador Air,Beleza,Site,142.57,20,55.39,352,26,28,2,370.09,4.28,2.61,28
2025-11-03,SKU027,Secador Air,Beleza,Aplicativo,140.48,25,54.23,287,21,22,0,386.44,4.52,2.28,35
2025-11-03,SKU027,Secador Air,Beleza,Marketplace,141.67,15,53.24,407,16,18,0,548.8,4.39,4.15,30
2025-11-03,SKU028,Protetor Daily,Beleza,Site,140.94,25,55.91,445,28,33,0,750.98,3.74,2.68,46
2025-11-03,SKU028,Protetor Daily,Beleza,Aplicativo,142.64,20,54.53,271,15,17,0,260.47,3.98,2.73,24
2025-11-03,SKU028,Protetor Daily,Beleza,Marketplace,148.88,10,56.21,517,11,13,0,697.26,3.81,4.73,23
2025-11-03,SKU029,Escova Glow,Beleza,Site,91.07,30,36.53,382,36,38,0,498.2,4.59,3.12,48
2025-11-03,SKU029,Escova Glow,Beleza,Aplicativo,94.13,25,37.3,351,28,28,0,543.06,4.67,3.08,50
2025-11-03,SKU029,Escova Glow,Beleza,Marketplace,92.05,30,35.19,476,34,38,4,684.32,4.56,4.79,42
2025-11-03,SKU030,Sérum Vita,Beleza,Site,97.66,15,37.2,544,34,38,1,251.84,4.24,2.11,49
2025-11-03,SKU030,Sérum Vita,Beleza,Aplicativo,99.93,15,36.63,454,25,26,1,355.35,4.24,2.8,47
2025-11-03,SKU030,Sérum Vita,Beleza,Marketplace,103.16,20,37.79,711,40,45,0,429.46,4.21,4.42,50
2025-11-03,SKU031,Teclado Type,Informática,Site,614.5,30,402.81,386,14,16,1,433.67,4.12,3.39,28
2025-11-03,SKU031,Teclado Type,Informática,Aplicativo,626.72,25,388.83,290,9,11,0,272.31,3.98,3.53,20
2025-11-03,SKU031,Teclado Type,Informática,Marketplace,601.98,20,412.76,437,6,7,0,491.31,4.22,5.15,18
2025-11-03,SKU032,Mouse Click,Informática,Site,522.7,15,322.57,317,9,9,0,412.79,4.26,2.86,17
2025-11-03,SKU032,Mouse Click,Informática,Aplicativo,489.58,20,316.85,241,12,13,0,408.53,4.42,3.59,15
2025-11-03,SKU032,Mouse Click,Informática,Marketplace,494.32,20,321.59,355,17,18,0,799.41,4.47,4.16,18
2025-11-03,SKU033,Monitor View,Informática,Site,419.36,30,276.31,124,6,7,0,618.6,3.54,3.53,8
2025-11-03,SKU033,Monitor View,Informática,Aplicativo,407.2,15,279.08,107,1,1,0,337.28,3.77,2.54,8
2025-11-03,SKU033,Monitor View,Informática,Marketplace,429.28,10,266.28,173,2,2,0,733.46,3.48,4.62,6
2025-11-03,SKU034,SSD Fast,Informática,Site,664.89,20,450.41,153,4,5,1,332.92,4.44,3.63,11
2025-11-03,SKU034,SSD Fast,Informática,Aplicativo,662.79,5,426.86,167,5,5,0,638.5,4.55,2.83,11
2025-11-03,SKU034,SSD Fast,Informática,Marketplace,677.66,20,423.7,198,4,4,0,614.84,4.48,3.92,13
2025-11-03,SKU035,Hub Connect,Informática,Site,688.05,10,439.82,266,5,5,1,689.61,4.68,3.38,15
2025-11-03,SKU035,Hub Connect,Informática,Aplicativo,676.91,20,458.4,204,8,12,0,356.46,4.56,4.03,16
2025-11-03,SKU035,Hub Connect,Informática,Marketplace,674.69,20,462.6,270,8,10,0,761.63,4.35,3.2,14
2025-11-03,SKU036,Notebook Go,Informática,Site,519.77,20,347.48,458,16,20,1,426.75,3.82,3.21,28
2025-11-03,SKU036,Notebook Go,Informática,Aplicativo,509.72,15,351.46,361,15,15,0,445.87,3.87,2.04,15
2025-11-03,SKU036,Notebook Go,Informática,Marketplace,507.77,15,354.21,450,10,13,1,548.88,4.08,4.62,23
2025-11-03,SKU037,Bloco Criar,Infantil,Site,161.51,0,76.17,196,7,8,0,601.08,4.01,4.05,10
2025-11-03,SKU037,Bloco Criar,Infantil,Aplicativo,166.09,20,73.69,176,9,9,1,514.96,4.13,3.75,16
2025-11-03,SKU037,Bloco Criar,Infantil,Marketplace,157.71,15,75.98,239,7,8,0,590.32,4.18,4.0,18
2025-11-03,SKU038,Livro Descobrir,Infantil,Site,117.75,15,54.9,160,12,13,0,566.41,4.22,2.97,16
2025-11-03,SKU038,Livro Descobrir,Infantil,Aplicativo,117.33,20,56.15,103,6,7,0,322.07,4.3,3.09,9
2025-11-03,SKU038,Livro Descobrir,Infantil,Marketplace,117.1,25,54.84,163,10,7,2,542.3,4.51,4.03,7
2025-11-03,SKU039,Jogo Família,Infantil,Site,157.73,25,72.84,230,18,18,1,394.28,4.5,3.96,26
2025-11-03,SKU039,Jogo Família,Infantil,Aplicativo,157.99,0,73.12,219,9,10,0,659.92,4.6,3.03,16
2025-11-03,SKU039,Jogo Família,Infantil,Marketplace,161.54,25,73.21,272,15,15,2,687.44,4.5,4.08,25
2025-11-03,SKU040,Mochila Kids,Infantil,Site,126.51,5,58.9,224,9,10,0,409.86,4.33,3.34,15
2025-11-03,SKU040,Mochila Kids,Infantil,Aplicativo,127.68,15,60.09,201,14,18,1,521.94,4.48,3.06,21
2025-11-03,SKU040,Mochila Kids,Infantil,Marketplace,124.88,15,59.98,288,6,6,1,570.57,4.5,4.42,18
2025-11-03,SKU041,Pelúcia Nuvem,Infantil,Site,139.47,25,65.45,681,34,43,0,419.29,3.63,3.51,53
2025-11-03,SKU041,Pelúcia Nuvem,Infantil,Aplicativo,140.21,15,65.23,600,34,37,3,348.19,3.67,1.98,44
2025-11-03,SKU041,Pelúcia Nuvem,Infantil,Marketplace,145.88,10,67.75,849,25,25,2,637.5,3.54,3.88,29
2025-11-03,SKU042,Patinete Joy,Infantil,Site,95.23,15,47.12,307,13,15,0,343.5,4.24,3.48,24
2025-11-03,SKU042,Patinete Joy,Infantil,Aplicativo,95.97,10,45.86,285,14,14,1,367.72,4.34,2.68,27
2025-11-03,SKU042,Patinete Joy,Infantil,Marketplace,98.83,20,46.66,421,17,18,0,347.66,4.22,4.06,29
2025-11-03,SKU043,Cama Cozy,Pet,Site,88.74,15,39.34,586,38,38,0,570.51,3.71,2.51,38
2025-11-03,SKU043,Cama Cozy,Pet,Aplicativo,88.24,5,39.78,512,28,28,2,565.13,3.79,3.33,28
2025-11-03,SKU043,Cama Cozy,Pet,Marketplace,84.34,20,38.79,655,35,39,0,543.38,3.87,4.19,43
2025-11-03,SKU044,Fonte Fresh,Pet,Site,90.04,30,39.57,202,15,17,1,427.02,4.94,2.82,25
2025-11-03,SKU044,Fonte Fresh,Pet,Aplicativo,89.44,25,39.78,178,14,15,0,405.21,4.61,3.84,17
2025-11-03,SKU044,Fonte Fresh,Pet,Marketplace,92.65,20,40.66,213,5,7,0,474.42,4.66,4.47,18
2025-11-03,SKU045,Brinquedo Fun,Pet,Site,102.18,20,43.98,301,13,17,0,517.06,4.4,3.06,33
2025-11-03,SKU045,Brinquedo Fun,Pet,Aplicativo,101.9,5,43.19,220,18,19,0,353.36,4.33,3.34,19
2025-11-03,SKU045,Brinquedo Fun,Pet,Marketplace,103.59,25,45.07,332,18,22,0,424.53,4.34,3.39,25
2025-11-03,SKU046,Coleira Safe,Pet,Site,142.84,10,61.0,334,14,14,0,351.11,4.23,2.91,24
2025-11-03,SKU046,Coleira Safe,Pet,Aplicativo,135.93,20,61.23,290,15,16,0,550.9,4.09,3.19,29
2025-11-03,SKU046,Coleira Safe,Pet,Marketplace,139.79,20,59.98,378,19,24,0,634.79,4.08,4.05,26
2025-11-03,SKU047,Comedouro Smart,Pet,Site,83.77,30,37.81,446,33,36,3,498.55,4.19,3.29,50
2025-11-03,SKU047,Comedouro Smart,Pet,Aplicativo,84.17,30,36.54,355,32,36,0,337.36,4.31,3.73,38
2025-11-03,SKU047,Comedouro Smart,Pet,Marketplace,80.84,20,37.28,509,24,29,1,332.65,4.4,3.66,52
2025-11-03,SKU048,Kit Higiene,Pet,Site,137.32,30,63.0,850,56,65,3,589.3,4.54,2.85,103
2025-11-03,SKU048,Kit Higiene,Pet,Aplicativo,136.18,10,59.77,623,36,39,0,232.85,4.3,3.47,55
2025-11-03,SKU048,Kit Higiene,Pet,Marketplace,133.05,15,59.49,899,34,37,0,513.45,4.24,4.63,54
2025-11-10,SKU001,Fone Pulse,Áudio e vídeo,Site,362.79,5,196.68,401,7,7,0,412.65,4.51,2.95,21
2025-11-10,SKU001,Fone Pulse,Áudio e vídeo,Aplicativo,328.46,30,195.64,344,24,28,1,555.79,4.74,3.44,40
2025-11-10,SKU001,Fone Pulse,Áudio e vídeo,Marketplace,351.45,0,196.28,416,15,15,1,468.82,4.7,4.26,15
2025-11-10,SKU002,Caixa Wave,Áudio e vídeo,Site,276.34,10,155.93,563,26,28,1,536.71,5.0,3.44,43
2025-11-10,SKU002,Caixa Wave,Áudio e vídeo,Aplicativo,298.63,20,155.12,444,23,23,2,384.98,4.94,3.13,23
2025-11-10,SKU002,Caixa Wave,Áudio e vídeo,Marketplace,268.78,15,159.24,616,23,27,2,432.37,4.97,4.28,40
2025-11-10,SKU003,Webcam Focus,Áudio e vídeo,Site,423.84,15,235.55,384,10,11,0,666.2,3.72,2.81,20
2025-11-10,SKU003,Webcam Focus,Áudio e vídeo,Aplicativo,416.38,30,234.11,286,17,18,2,335.06,3.82,2.43,27
2025-11-10,SKU003,Webcam Focus,Áudio e vídeo,Marketplace,439.51,5,235.96,416,5,6,0,584.7,3.67,4.59,13
2025-11-10,SKU004,Microfone Voice,Áudio e vídeo,Site,322.62,0,194.49,223,8,8,0,498.3,4.74,3.84,13
2025-11-10,SKU004,Microfone Voice,Áudio e vídeo,Aplicativo,328.54,0,187.28,190,5,7,0,411.05,4.65,3.89,12
2025-11-10,SKU004,Microfone Voice,Áudio e vídeo,Marketplace,338.52,30,186.63,275,15,19,1,836.38,4.79,3.04,26
2025-11-10,SKU005,Soundbar One,Áudio e vídeo,Site,412.06,10,237.26,379,21,11,2,478.64,4.28,3.42,11
2025-11-10,SKU005,Soundbar One,Áudio e vídeo,Aplicativo,437.88,25,236.01,297,26,23,4,411.99,4.04,2.67,23
2025-11-10,SKU005,Soundbar One,Áudio e vídeo,Marketplace,416.18,0,244.21,399,11,12,1,493.2,4.04,3.98,13
2025-11-10,SKU006,Headset Play,Áudio e vídeo,Site,361.13,20,205.74,229,5,7,1,610.61,3.64,2.9,16
2025-11-10,SKU006,Headset Play,Áudio e vídeo,Aplicativo,360.39,20,213.38,175,2,2,0,528.94,3.58,3.51,7
2025-11-10,SKU006,Headset Play,Áudio e vídeo,Marketplace,358.33,10,217.08,272,9,6,0,880.12,3.55,4.79,6
2025-11-10,SKU007,Panela Chef,Casa e cozinha,Site,263.44,25,133.86,640,51,58,0,587.06,4.83,2.21,84
2025-11-10,SKU007,Panela Chef,Casa e cozinha,Aplicativo,257.34,10,135.58,456,22,27,2,232.92,4.39,3.37,32
2025-11-10,SKU007,Panela Chef,Casa e cozinha,Marketplace,265.69,25,137.49,717,37,44,0,458.96,4.74,4.7,53
2025-11-10,SKU008,Air Fryer Easy,Casa e cozinha,Site,301.25,10,159.84,258,10,13,0,385.2,4.53,2.26,23
2025-11-10,SKU008,Air Fryer Easy,Casa e cozinha,Aplicativo,300.27,20,157.6,245,16,18,0,659.21,4.85,3.26,26
2025-11-10,SKU008,Air Fryer Easy,Casa e cozinha,Marketplace,309.1,20,158.87,356,17,15,0,706.05,4.75,5.21,15
2025-11-10,SKU009,Jogo Mesa,Casa e cozinha,Site,199.66,15,107.2,324,10,10,0,407.48,4.0,3.83,16
2025-11-10,SKU009,Jogo Mesa,Casa e cozinha,Aplicativo,195.63,10,103.19,277,16,18,1,424.71,4.33,2.96,21
2025-11-10,SKU009,Jogo Mesa,Casa e cozinha,Marketplace,201.31,10,104.53,400,9,10,0,628.54,3.98,3.45,15
2025-11-10,SKU010,Luminária Aura,Casa e cozinha,Site,197.16,20,102.16,494,34,35,3,321.18,4.4,3.32,35
2025-11-10,SKU010,Luminária Aura,Casa e cozinha,Aplicativo,190.78,30,98.71,473,33,39,1,544.58,4.58,3.59,61
2025-11-10,SKU010,Luminária Aura,Casa e cozinha,Marketplace,188.38,25,98.72,581,29,35,1,452.9,4.54,3.57,41
2025-11-10,SKU011,Organizador Box,Casa e cozinha,Site,309.45,30,156.76,864,29,32,0,334.09,3.83,2.86,56
2025-11-10,SKU011,Organizador Box,Casa e cozinha,Aplicativo,295.79,30,159.62,700,45,55,2,242.34,4.03,1.85,79
2025-11-10,SKU011,Organizador Box,Casa e cozinha,Marketplace,291.07,10,159.26,999,37,42,1,450.09,3.95,2.94,52
2025-11-10,SKU012,Mixer Prático,Casa e cozinha,Site,230.39,15,121.02,280,12,13,0,410.13,3.87,3.53,19
2025-11-10,SKU012,Mixer Prático,Casa e cozinha,Aplicativo,239.3,15,122.43,186,8,9,0,277.18,3.92,3.21,13
2025-11-10,SKU012,Mixer Prático,Casa e cozinha,Marketplace,242.02,10,127.0,335,11,11,1,418.47,4.05,4.3,18
2025-11-10,SKU013,Tênis Run,Esporte,Site,200.01,30,96.54,351,19,20,2,314.41,3.94,2.51,28
2025-11-10,SKU013,Tênis Run,Esporte,Aplicativo,196.96,20,96.61,276,13,14,1,494.93,3.82,3.18,17
2025-11-10,SKU013,Tênis Run,Esporte,Marketplace,199.38,5,96.13,390,14,17,1,489.39,3.96,3.29,17
2025-11-10,SKU014,Mochila Trail,Esporte,Site,195.51,20,93.88,492,22,26,2,462.64,4.62,2.72,38
2025-11-10,SKU014,Mochila Trail,Esporte,Aplicativo,187.69,20,95.95,388,24,25,1,267.77,4.83,2.97,38
2025-11-10,SKU014,Mochila Trail,Esporte,Marketplace,188.5,15,93.92,600,29,33,3,565.08,4.66,4.43,37
2025-11-10,SKU015,Garrafa Move,Esporte,Site,180.12,30,90.83,219,18,19,1,706.63,4.6,1.93,30
2025-11-10,SKU015,Garrafa Move,Esporte,Aplicativo,177.85,15,86.72,169,8,9,2,588.5,4.62,2.54,16
2025-11-10,SKU015,Garrafa Move,Esporte,Marketplace,180.14,25,88.48,252,10,10,0,708.05,4.54,4.24,18
2025-11-10,SKU016,Tapete Zen,Esporte,Site,179.62,20,89.66,409,14,15,0,409.15,3.94,3.76,23
2025-11-10,SKU016,Tapete Zen,Esporte,Aplicativo,184.85,10,92.16,303,7,7,1,208.21,4.03,2.22,18
2025-11-10,SKU016,Tapete Zen,Esporte,Marketplace,182.59,20,89.49,440,16,19,3,629.06,3.93,4.64,26
2025-11-10,SKU017,Kit Funcional,Esporte,Site,155.99,15,76.56,570,22,24,1,409.16,3.78,3.52,31
2025-11-10,SKU017,Kit Funcional,Esporte,Aplicativo,163.41,5,76.22,438,19,22,1,337.18,3.96,2.61,23
2025-11-10,SKU017,Kit Funcional,Esporte,Marketplace,159.34,10,77.11,803,23,25,0,1052.9,3.83,3.76,32
2025-11-10,SKU018,Relógio Fit,Esporte,Site,226.22,25,111.58,374,23,24,0,436.56,4.49,3.52,34
2025-11-10,SKU018,Relógio Fit,Esporte,Aplicativo,236.08,30,109.59,278,13,13,0,318.04,4.39,2.57,16
2025-11-10,SKU018,Relógio Fit,Esporte,Marketplace,228.72,25,112.32,429,17,21,1,643.3,4.45,2.96,34
2025-11-10,SKU019,Camiseta Urban,Moda,Site,181.27,30,78.3,266,11,13,2,665.77,4.24,3.92,28
2025-11-10,SKU019,Camiseta Urban,Moda,Aplicativo,183.63,25,80.25,181,8,8,0,378.63,4.16,2.73,28
2025-11-10,SKU019,Camiseta Urban,Moda,Marketplace,185.29,30,78.39,264,13,16,2,534.0,4.22,4.33,27
2025-11-10,SKU020,Calça Flex,Moda,Site,129.45,30,54.28,358,29,36,2,584.37,3.69,2.95,44
2025-11-10,SKU020,Calça Flex,Moda,Aplicativo,125.04,20,54.4,300,17,17,1,353.6,3.63,2.15,17
2025-11-10,SKU020,Calça Flex,Moda,Marketplace,123.3,20,54.94,391,15,18,2,321.06,3.8,4.01,32
2025-11-10,SKU021,Tênis Street,Moda,Site,155.34,25,65.13,325,12,13,0,341.01,4.23,4.16,15
2025-11-10,SKU021,Tênis Street,Moda,Aplicativo,158.3,20,68.91,276,28,17,2,478.39,4.36,3.22,17
2025-11-10,SKU021,Tênis Street,Moda,Marketplace,159.98,20,67.67,368,21,22,1,392.68,4.29,3.21,30
2025-11-10,SKU022,Jaqueta City,Moda,Site,171.84,15,75.67,471,24,27,3,637.64,4.38,3.45,32
2025-11-10,SKU022,Jaqueta City,Moda,Aplicativo,171.48,5,71.36,352,15,18,1,405.29,4.11,4.05,24
2025-11-10,SKU022,Jaqueta City,Moda,Marketplace,163.51,15,72.66,458,23,26,3,527.58,4.33,3.8,39
2025-11-10,SKU023,Bolsa Mini,Moda,Site,144.43,15,60.46,666,28,30,5,352.87,3.62,3.17,47
2025-11-10,SKU023,Bolsa Mini,Moda,Aplicativo,133.62,5,58.66,606,28,35,4,459.04,3.52,2.69,44
2025-11-10,SKU023,Bolsa Mini,Moda,Marketplace,139.61,20,60.99,782,29,30,7,241.73,3.47,4.33,47
2025-11-10,SKU024,Moletom Soft,Moda,Site,130.45,20,57.23,352,6,8,3,389.57,4.09,3.3,31
2025-11-10,SKU024,Moletom Soft,Moda,Aplicativo,130.58,25,57.91,319,22,26,0,245.07,4.04,3.8,40
2025-11-10,SKU024,Moletom Soft,Moda,Marketplace,136.33,15,58.18,438,17,19,2,471.19,4.12,3.47,33
2025-11-10,SKU025,Kit Skin,Beleza,Site,103.17,10,39.26,191,11,10,0,501.66,3.62,3.23,10
2025-11-10,SKU025,Kit Skin,Beleza,Aplicativo,102.04,20,40.14,196,13,15,0,438.34,3.47,3.43,19
2025-11-10,SKU025,Kit Skin,Beleza,Marketplace,105.53,30,39.59,312,12,13,1,706.46,3.71,2.82,21
2025-11-10,SKU026,Perfume Bloom,Beleza,Site,104.84,25,41.32,662,38,42,0,723.03,4.31,3.29,61
2025-11-10,SKU026,Perfume Bloom,Beleza,Aplicativo,108.9,30,42.3,432,38,45,3,300.67,4.48,3.52,51
2025-11-10,SKU026,Perfume Bloom,Beleza,Marketplace,106.18,0,41.48,744,32,36,1,577.75,4.39,3.08,61
2025-11-10,SKU027,Secador Air,Beleza,Site,137.38,30,54.84,329,27,24,1,292.27,4.43,3.22,24
2025-11-10,SKU027,Secador Air,Beleza,Aplicativo,141.63,25,52.88,311,30,33,0,377.38,4.37,2.79,49
2025-11-10,SKU027,Secador Air,Beleza,Marketplace,135.8,15,53.89,413,23,28,0,375.89,4.38,4.4,33
2025-11-10,SKU028,Protetor Daily,Beleza,Site,144.14,25,53.74,387,21,23,0,415.45,3.72,2.4,36
2025-11-10,SKU028,Protetor Daily,Beleza,Aplicativo,139.89,20,55.94,299,24,30,0,257.26,3.73,2.94,30
2025-11-10,SKU028,Protetor Daily,Beleza,Marketplace,142.17,25,55.11,476,16,20,1,739.22,3.71,5.4,26
2025-11-10,SKU029,Escova Glow,Beleza,Site,94.42,30,35.81,333,24,30,0,407.59,4.66,2.91,38
2025-11-10,SKU029,Escova Glow,Beleza,Aplicativo,94.19,25,36.35,283,22,25,0,220.36,4.49,3.29,30
2025-11-10,SKU029,Escova Glow,Beleza,Marketplace,91.46,0,36.18,402,19,22,1,487.55,4.48,4.34,27
2025-11-10,SKU030,Sérum Vita,Beleza,Site,94.37,0,37.9,581,21,24,0,331.67,4.28,2.64,35
2025-11-10,SKU030,Sérum Vita,Beleza,Aplicativo,97.91,15,37.85,469,41,46,0,348.91,4.19,3.05,59
2025-11-10,SKU030,Sérum Vita,Beleza,Marketplace,100.57,5,38.24,692,20,24,2,475.24,4.17,3.78,51
2025-11-10,SKU031,Teclado Type,Informática,Site,583.95,25,404.81,416,16,20,0,532.53,4.14,3.55,33
2025-11-10,SKU031,Teclado Type,Informática,Aplicativo,615.67,5,400.6,352,12,15,1,330.64,4.15,2.95,15
2025-11-10,SKU031,Teclado Type,Informática,Marketplace,611.65,25,408.86,460,17,18,1,480.88,4.08,5.22,24
2025-11-10,SKU032,Mouse Click,Informática,Site,496.95,20,318.23,267,9,9,1,342.73,4.47,3.37,14
2025-11-10,SKU032,Mouse Click,Informática,Aplicativo,501.2,20,316.57,218,7,8,0,323.79,4.32,2.45,16
2025-11-10,SKU032,Mouse Click,Informática,Marketplace,472.76,15,311.78,359,14,14,0,778.47,4.4,3.67,19
2025-11-10,SKU033,Monitor View,Informática,Site,410.94,20,280.41,104,3,3,0,226.78,3.66,3.03,7
2025-11-10,SKU033,Monitor View,Informática,Aplicativo,424.59,0,278.35,129,4,4,0,622.54,3.43,3.01,4
2025-11-10,SKU033,Monitor View,Informática,Marketplace,429.78,15,269.08,149,4,4,0,593.85,3.57,3.63,7
2025-11-10,SKU034,SSD Fast,Informática,Site,666.58,20,432.66,149,4,6,0,258.91,4.43,2.37,10
2025-11-10,SKU034,SSD Fast,Informática,Aplicativo,669.37,15,444.38,124,5,5,1,399.25,4.52,3.23,7
2025-11-10,SKU034,SSD Fast,Informática,Marketplace,654.66,25,441.92,238,14,12,2,766.97,4.38,4.45,12
2025-11-10,SKU035,Hub Connect,Informática,Site,718.04,30,453.13,245,13,17,2,628.21,4.62,2.72,21
2025-11-10,SKU035,Hub Connect,Informática,Aplicativo,708.55,30,459.36,174,13,10,0,266.82,4.48,3.24,10
2025-11-10,SKU035,Hub Connect,Informática,Marketplace,638.53,15,457.72,324,8,9,1,652.49,4.45,3.54,15
2025-11-10,SKU036,Notebook Go,Informática,Site,534.37,0,348.0,436,10,12,0,516.17,4.1,3.99,12
2025-11-10,SKU036,Notebook Go,Informática,Aplicativo,550.32,25,340.13,326,4,4,0,420.48,3.82,3.61,20
2025-11-10,SKU036,Notebook Go,Informática,Marketplace,525.84,20,334.6,539,11,12,0,691.47,3.96,4.55,27
2025-11-10,SKU037,Bloco Criar,Infantil,Site,161.88,25,74.0,205,8,8,1,425.75,4.06,2.62,20
2025-11-10,SKU037,Bloco Criar,Infantil,Aplicativo,161.67,15,76.02,155,5,7,0,462.15,4.06,2.4,16
2025-11-10,SKU037,Bloco Criar,Infantil,Marketplace,158.14,25,75.62,222,13,18,0,362.04,4.22,3.13,23
2025-11-10,SKU038,Livro Descobrir,Infantil,Site,119.83,25,55.47,159,13,16,0,585.17,4.32,1.84,18
2025-11-10,SKU038,Livro Descobrir,Infantil,Aplicativo,118.17,30,54.27,106,5,5,1,258.38,4.33,2.97,16
2025-11-10,SKU038,Livro Descobrir,Infantil,Marketplace,115.7,15,55.91,139,5,6,0,396.7,4.26,4.5,9
2025-11-10,SKU039,Jogo Família,Infantil,Site,154.4,15,72.75,271,11,12,1,785.81,4.35,2.89,20
2025-11-10,SKU039,Jogo Família,Infantil,Aplicativo,163.51,15,72.93,189,12,14,0,386.27,4.65,2.32,18
2025-11-10,SKU039,Jogo Família,Infantil,Marketplace,161.4,20,73.11,315,13,16,0,608.54,4.66,4.4,21
2025-11-10,SKU040,Mochila Kids,Infantil,Site,123.55,10,60.23,254,12,12,0,587.54,4.37,3.45,24
2025-11-10,SKU040,Mochila Kids,Infantil,Aplicativo,126.45,20,59.62,203,16,18,0,393.0,4.26,2.56,21
2025-11-10,SKU040,Mochila Kids,Infantil,Marketplace,122.65,25,57.34,277,18,23,1,407.96,4.3,4.25,26
2025-11-10,SKU041,Pelúcia Nuvem,Infantil,Site,135.19,15,67.66,737,25,28,1,494.36,3.5,4.4,44
2025-11-10,SKU041,Pelúcia Nuvem,Infantil,Aplicativo,143.21,10,66.21,704,23,28,2,627.08,3.68,2.72,41
2025-11-10,SKU041,Pelúcia Nuvem,Infantil,Marketplace,144.17,25,67.31,788,27,27,1,441.48,3.6,4.58,46
2025-11-10,SKU042,Patinete Joy,Infantil,Site,93.14,20,45.76,367,20,23,1,474.57,4.26,2.15,33
2025-11-10,SKU042,Patinete Joy,Infantil,Aplicativo,101.29,20,46.75,318,20,23,1,470.71,4.43,3.23,32
2025-11-10,SKU042,Patinete Joy,Infantil,Marketplace,96.71,30,44.16,446,27,30,1,696.85,4.22,4.18,42
2025-11-10,SKU043,Cama Cozy,Pet,Site,89.07,30,37.69,635,44,49,0,873.65,3.67,3.35,62
2025-11-10,SKU043,Cama Cozy,Pet,Aplicativo,87.5,15,39.57,456,18,20,0,408.45,3.49,3.12,31
2025-11-10,SKU043,Cama Cozy,Pet,Marketplace,88.84,15,38.7,703,32,40,0,507.55,3.48,3.52,45
2025-11-10,SKU044,Fonte Fresh,Pet,Site,86.49,25,39.47,209,13,14,1,408.37,4.93,3.12,20
2025-11-10,SKU044,Fonte Fresh,Pet,Aplicativo,91.68,15,38.96,160,12,12,0,252.05,4.78,3.03,12
2025-11-10,SKU044,Fonte Fresh,Pet,Marketplace,91.82,30,38.62,229,21,25,0,689.24,4.91,3.99,25
2025-11-10,SKU045,Brinquedo Fun,Pet,Site,100.34,10,44.04,297,20,23,0,682.81,4.15,3.63,26
2025-11-10,SKU045,Brinquedo Fun,Pet,Aplicativo,100.23,20,44.06,284,29,19,1,502.93,4.52,2.51,19
2025-11-10,SKU045,Brinquedo Fun,Pet,Marketplace,101.99,20,44.03,335,9,11,0,461.07,4.23,3.21,27
2025-11-10,SKU046,Coleira Safe,Pet,Site,142.79,10,61.4,308,17,17,0,347.12,4.16,3.4,17
2025-11-10,SKU046,Coleira Safe,Pet,Aplicativo,140.63,20,59.65,305,14,15,1,574.22,4.12,3.38,24
2025-11-10,SKU046,Coleira Safe,Pet,Marketplace,143.83,25,60.2,382,22,21,0,570.85,4.05,3.65,21
2025-11-10,SKU047,Comedouro Smart,Pet,Site,84.79,30,36.52,494,38,25,0,539.12,4.23,2.62,25
2025-11-10,SKU047,Comedouro Smart,Pet,Aplicativo,82.36,5,36.16,413,17,17,0,647.29,4.35,4.5,17
2025-11-10,SKU047,Comedouro Smart,Pet,Marketplace,84.39,15,36.34,571,19,21,0,807.61,4.06,4.76,30
2025-11-10,SKU048,Kit Higiene,Pet,Site,138.92,25,60.66,819,43,47,1,466.88,4.28,4.23,74
2025-11-10,SKU048,Kit Higiene,Pet,Aplicativo,130.61,20,60.97,751,41,45,1,654.57,4.34,4.39,68
2025-11-10,SKU048,Kit Higiene,Pet,Marketplace,134.23,20,61.12,1136,38,43,0,964.16,4.34,4.32,49
2025-11-17,SKU001,Fone Pulse,Áudio e vídeo,Site,347.87,20,196.99,501,25,28,0,935.89,4.86,2.86,35
2025-11-17,SKU001,Fone Pulse,Áudio e vídeo,Aplicativo,357.04,20,198.25,346,15,14,1,416.61,4.56,2.95,14
2025-11-17,SKU001,Fone Pulse,Áudio e vídeo,Marketplace,341.44,15,196.15,517,17,18,0,570.72,4.72,4.03,33
2025-11-17,SKU002,Caixa Wave,Áudio e vídeo,Site,280.39,25,163.87,588,41,45,2,542.88,4.82,3.08,52
2025-11-17,SKU002,Caixa Wave,Áudio e vídeo,Aplicativo,285.88,30,161.01,524,41,48,5,582.87,4.9,2.83,67
2025-11-17,SKU002,Caixa Wave,Áudio e vídeo,Marketplace,281.17,5,158.21,672,23,24,2,587.27,4.72,3.63,41
2025-11-17,SKU003,Webcam Focus,Áudio e vídeo,Site,414.94,30,237.96,381,12,14,0,487.54,3.7,3.41,35
2025-11-17,SKU003,Webcam Focus,Áudio e vídeo,Aplicativo,401.48,20,233.18,322,18,20,2,587.56,3.73,2.88,27
2025-11-17,SKU003,Webcam Focus,Áudio e vídeo,Marketplace,410.97,30,234.21,485,22,26,0,727.02,3.51,3.81,30
2025-11-17,SKU004,Microfone Voice,Áudio e vídeo,Site,327.53,15,190.32,237,13,8,1,554.6,4.77,3.22,8
2025-11-17,SKU004,Microfone Voice,Áudio e vídeo,Aplicativo,327.13,15,188.26,188,13,14,2,411.49,4.83,3.16,14
2025-11-17,SKU004,Microfone Voice,Áudio e vídeo,Marketplace,320.41,20,195.71,216,10,12,0,372.05,4.65,3.42,18
2025-11-17,SKU005,Soundbar One,Áudio e vídeo,Site,413.93,15,241.79,381,20,21,0,425.85,4.28,2.89,21
2025-11-17,SKU005,Soundbar One,Áudio e vídeo,Aplicativo,411.75,15,239.73,327,16,16,0,590.12,4.3,2.28,26
2025-11-17,SKU005,Soundbar One,Áudio e vídeo,Marketplace,416.61,15,238.09,418,22,19,1,536.9,4.05,3.16,19
2025-11-17,SKU006,Headset Play,Áudio e vídeo,Site,366.89,0,209.57,202,2,2,0,457.1,3.71,3.77,6
2025-11-17,SKU006,Headset Play,Áudio e vídeo,Aplicativo,369.41,30,215.12,191,8,11,1,333.78,3.62,4.39,13
2025-11-17,SKU006,Headset Play,Áudio e vídeo,Marketplace,353.82,25,214.25,236,9,10,0,402.05,3.6,4.2,14
2025-11-17,SKU007,Panela Chef,Casa e cozinha,Site,270.64,10,134.58,706,28,26,0,632.71,4.48,3.09,26
2025-11-17,SKU007,Panela Chef,Casa e cozinha,Aplicativo,249.35,15,135.39,556,21,24,1,545.23,4.23,3.81,47
2025-11-17,SKU007,Panela Chef,Casa e cozinha,Marketplace,264.49,20,136.8,797,38,40,1,484.98,4.57,3.28,63
2025-11-17,SKU008,Air Fryer Easy,Casa e cozinha,Site,309.22,25,158.64,305,30,30,0,574.1,4.73,2.89,30
2025-11-17,SKU008,Air Fryer Easy,Casa e cozinha,Aplicativo,298.65,5,156.33,241,12,14,0,548.57,4.67,2.88,20
2025-11-17,SKU008,Air Fryer Easy,Casa e cozinha,Marketplace,318.41,10,156.1,371,12,16,1,901.77,4.55,3.84,19
2025-11-17,SKU009,Jogo Mesa,Casa e cozinha,Site,205.06,30,103.18,306,10,12,0,441.15,4.17,3.2,32
2025-11-17,SKU009,Jogo Mesa,Casa e cozinha,Aplicativo,199.2,10,101.95,230,9,10,0,248.11,4.38,2.87,16
2025-11-17,SKU009,Jogo Mesa,Casa e cozinha,Marketplace,197.62,25,105.16,360,21,27,0,350.86,4.3,3.49,31
2025-11-17,SKU010,Luminária Aura,Casa e cozinha,Site,194.73,10,102.11,480,14,15,0,351.3,4.52,3.62,26
2025-11-17,SKU010,Luminária Aura,Casa e cozinha,Aplicativo,192.52,10,103.29,386,23,21,2,396.59,4.43,2.7,21
2025-11-17,SKU010,Luminária Aura,Casa e cozinha,Marketplace,195.28,10,99.36,614,37,24,1,634.61,4.58,3.98,24
2025-11-17,SKU011,Organizador Box,Casa e cozinha,Site,292.21,20,159.87,816,44,51,2,367.85,4.08,2.5,74
2025-11-17,SKU011,Organizador Box,Casa e cozinha,Aplicativo,298.22,15,159.94,704,38,44,2,400.38,3.98,2.85,65
2025-11-17,SKU011,Organizador Box,Casa e cozinha,Marketplace,315.77,10,163.17,1030,33,36,2,415.95,4.05,3.65,49
2025-11-17,SKU012,Mixer Prático,Casa e cozinha,Site,240.52,20,122.51,236,10,13,1,444.8,3.83,3.15,21
2025-11-17,SKU012,Mixer Prático,Casa e cozinha,Aplicativo,235.01,15,128.18,222,8,9,0,412.18,3.67,2.75,16
2025-11-17,SKU012,Mixer Prático,Casa e cozinha,Marketplace,243.75,20,124.92,348,9,10,0,598.85,3.9,4.22,23
2025-11-17,SKU013,Tênis Run,Esporte,Site,205.39,15,95.15,395,10,10,0,653.81,3.74,2.66,22
2025-11-17,SKU013,Tênis Run,Esporte,Aplicativo,199.84,30,93.41,276,16,20,1,318.04,3.87,3.15,27
2025-11-17,SKU013,Tênis Run,Esporte,Marketplace,189.87,20,93.69,407,11,13,1,481.48,3.77,4.39,27
2025-11-17,SKU014,Mochila Trail,Esporte,Site,190.37,30,94.98,499,29,32,1,490.33,4.51,3.25,49
2025-11-17,SKU014,Mochila Trail,Esporte,Aplicativo,198.03,25,97.81,443,30,31,2,486.78,4.64,3.14,39
2025-11-17,SKU014,Mochila Trail,Esporte,Marketplace,196.1,30,93.67,610,25,28,2,376.59,4.54,4.62,52
2025-11-17,SKU015,Garrafa Move,Esporte,Site,178.61,10,91.0,203,14,14,1,492.66,4.71,2.39,14
2025-11-17,SKU015,Garrafa Move,Esporte,Aplicativo,179.13,20,87.23,154,10,12,0,375.55,4.5,2.25,18
2025-11-17,SKU015,Garrafa Move,Esporte,Marketplace,179.99,25,88.73,229,11,12,1,400.38,4.68,4.92,16
2025-11-17,SKU016,Tapete Zen,Esporte,Site,190.08,5,88.64,407,7,8,1,376.65,3.99,3.03,23
2025-11-17,SKU016,Tapete Zen,Esporte,Aplicativo,191.1,10,93.39,367,12,15,0,677.77,4.07,3.59,26
2025-11-17,SKU016,Tapete Zen,Esporte,Marketplace,177.84,10,91.88,472,17,15,1,678.91,3.87,4.33,15
2025-11-17,SKU017,Kit Funcional,Esporte,Site,152.75,10,77.09,603,23,28,1,372.9,3.72,3.09,28
2025-11-17,SKU017,Kit Funcional,Esporte,Aplicativo,156.73,15,78.76,484,21,23,1,336.61,3.69,2.86,36
2025-11-17,SKU017,Kit Funcional,Esporte,Marketplace,155.28,20,79.22,635,14,17,0,495.37,3.79,4.82,31
2025-11-17,SKU018,Relógio Fit,Esporte,Site,235.85,30,110.51,417,36,41,3,814.58,4.39,3.21,49
2025-11-17,SKU018,Relógio Fit,Esporte,Aplicativo,224.9,25,114.82,321,17,18,0,465.31,4.47,2.85,24
2025-11-17,SKU018,Relógio Fit,Esporte,Marketplace,230.01,20,112.75,461,23,25,0,884.74,4.57,3.5,37
2025-11-17,SKU019,Camiseta Urban,Moda,Site,176.28,25,75.93,223,19,16,0,453.64,4.13,3.61,16
2025-11-17,SKU019,Camiseta Urban,Moda,Aplicativo,181.36,10,80.06,192,9,8,1,288.74,4.15,3.75,8
2025-11-17,SKU019,Camiseta Urban,Moda,Marketplace,186.32,10,75.77,316,17,20,2,852.75,4.21,4.43,20
2025-11-17,SKU020,Calça Flex,Moda,Site,131.59,25,53.76,381,28,21,1,517.2,3.66,3.65,21
2025-11-17,SKU020,Calça Flex,Moda,Aplicativo,122.37,30,56.09,315,27,28,8,369.31,3.53,4.1,36
2025-11-17,SKU020,Calça Flex,Moda,Marketplace,126.1,30,54.57,393,16,19,2,420.99,3.55,4.69,30
2025-11-17,SKU021,Tênis Street,Moda,Site,160.27,25,65.16,359,20,24,1,453.96,4.39,3.01,25
2025-11-17,SKU021,Tênis Street,Moda,Aplicativo,149.87,0,66.2,246,10,10,1,320.77,4.29,2.9,17
2025-11-17,SKU021,Tênis Street,Moda,Marketplace,151.0,10,68.11,367,17,19,2,429.42,4.15,3.14,23
2025-11-17,SKU022,Jaqueta City,Moda,Site,168.13,15,74.06,388,13,14,1,236.0,4.25,3.28,30
2025-11-17,SKU022,Jaqueta City,Moda,Aplicativo,166.51,30,71.59,325,33,39,7,260.07,4.32,3.37,40
2025-11-17,SKU022,Jaqueta City,Moda,Marketplace,169.02,0,69.5,452,18,20,3,403.95,4.3,4.66,23
2025-11-17,SKU023,Bolsa Mini,Moda,Site,133.03,15,58.15,730,33,35,6,557.6,3.61,3.98,47
2025-11-17,SKU023,Bolsa Mini,Moda,Aplicativo,142.64,10,58.39,566,20,22,0,278.62,3.65,3.39,41
2025-11-17,SKU023,Bolsa Mini,Moda,Marketplace,139.71,20,61.8,937,36,41,6,999.27,3.4,3.7,49
2025-11-17,SKU024,Moletom Soft,Moda,Site,134.53,5,56.15,398,14,18,1,294.88,4.19,3.5,26
2025-11-17,SKU024,Moletom Soft,Moda,Aplicativo,128.87,25,56.16,375,21,24,3,674.61,4.03,1.77,40
2025-11-17,SKU024,Moletom Soft,Moda,Marketplace,137.41,15,56.08,438,15,17,2,603.73,4.05,3.55,27
2025-11-17,SKU025,Kit Skin,Beleza,Site,100.32,20,39.29,234,11,13,0,442.63,3.8,3.09,21
2025-11-17,SKU025,Kit Skin,Beleza,Aplicativo,107.89,20,39.68,187,10,10,0,240.14,3.59,2.49,17
2025-11-17,SKU025,Kit Skin,Beleza,Marketplace,103.53,25,40.39,269,13,13,1,601.84,3.61,4.76,14
2025-11-17,SKU026,Perfume Bloom,Beleza,Site,104.96,10,42.41,606,35,38,0,490.76,4.45,4.18,50
2025-11-17,SKU026,Perfume Bloom,Beleza,Aplicativo,105.68,30,40.65,523,47,53,1,751.49,4.45,3.13,85
2025-11-17,SKU026,Perfume Bloom,Beleza,Marketplace,106.35,15,42.59,713,47,51,0,478.15,4.3,3.44,51
2025-11-17,SKU027,Secador Air,Beleza,Site,140.15,20,54.64,353,18,15,0,458.62,4.26,3.06,15
2025-11-17,SKU027,Secador Air,Beleza,Aplicativo,140.92,15,53.64,265,10,14,0,251.95,4.52,3.4,29
2025-11-17,SKU027,Secador Air,Beleza,Marketplace,142.01,20,54.91,409,32,26,1,506.62,4.33,3.4,26
2025-11-17,SKU028,Protetor Daily,Beleza,Site,141.86,0,56.17,417,16,18,0,509.88,3.61,2.55,26
2025-11-17,SKU028,Protetor Daily,Beleza,Aplicativo,147.51,25,54.85,321,13,14,0,348.27,3.98,4.04,33
2025-11-17,SKU028,Protetor Daily,Beleza,Marketplace,144.16,25,56.39,477,14,16,0,688.11,3.72,4.61,35
2025-11-17,SKU029,Escova Glow,Beleza,Site,96.04,25,36.18,379,23,25,0,312.11,4.46,3.81,44
2025-11-17,SKU029,Escova Glow,Beleza,Aplicativo,94.6,25,37.13,296,24,25,1,274.12,4.51,2.3,27
2025-11-17,SKU029,Escova Glow,Beleza,Marketplace,94.39,10,35.99,429,25,16,1,365.89,4.73,3.7,16
2025-11-17,SKU030,Sérum Vita,Beleza,Site,93.7,5,39.9,578,22,22,1,421.6,4.24,3.23,32
2025-11-17,SKU030,Sérum Vita,Beleza,Aplicativo,97.04,25,37.86,439,33,38,0,297.76,4.17,3.74,41
2025-11-17,SKU030,Sérum Vita,Beleza,Marketplace,99.35,25,38.33,729,36,42,0,599.69,4.3,4.45,61
2025-11-17,SKU031,Teclado Type,Informática,Site,585.83,20,392.44,366,12,16,2,375.0,4.01,3.48,18
2025-11-17,SKU031,Teclado Type,Informática,Aplicativo,626.65,20,392.87,308,8,10,0,432.26,4.12,2.45,14
2025-11-17,SKU031,Teclado Type,Informática,Marketplace,601.65,20,405.14,434,13,17,1,524.37,4.2,3.43,23
2025-11-17,SKU032,Mouse Click,Informática,Site,498.28,20,326.05,253,9,10,0,399.03,4.42,3.72,13
2025-11-17,SKU032,Mouse Click,Informática,Aplicativo,485.21,15,316.88,273,9,10,0,516.53,4.35,2.53,19
2025-11-17,SKU032,Mouse Click,Informática,Marketplace,492.79,15,317.91,314,6,6,1,371.0,4.42,4.68,14
2025-11-17,SKU033,Monitor View,Informática,Site,416.98,15,271.83,125,1,1,0,333.1,3.73,3.56,6
2025-11-17,SKU033,Monitor View,Informática,Aplicativo,416.38,5,280.73,103,4,5,0,471.51,3.64,2.36,5
2025-11-17,SKU033,Monitor View,Informática,Marketplace,425.15,20,272.78,165,4,4,0,663.83,3.74,3.66,8
2025-11-17,SKU034,SSD Fast,Informática,Site,651.6,20,435.62,180,9,12,0,559.32,4.61,2.78,16
2025-11-17,SKU034,SSD Fast,Informática,Aplicativo,649.09,15,445.35,165,5,5,1,487.93,4.42,2.4,16
2025-11-17,SKU034,SSD Fast,Informática,Marketplace,659.8,10,443.66,215,8,9,0,405.42,4.5,3.86,14
2025-11-17,SKU035,Hub Connect,Informática,Site,686.93,10,444.82,227,6,6,0,454.82,4.5,3.04,14
2025-11-17,SKU035,Hub Connect,Informática,Aplicativo,647.86,0,453.26,192,2,2,0,316.89,4.56,2.89,12
2025-11-17,SKU035,Hub Connect,Informática,Marketplace,678.6,20,456.89,268,9,7,0,384.09,4.49,4.71,7
2025-11-17,SKU036,Notebook Go,Informática,Site,515.7,15,353.82,387,16,19,1,378.0,4.03,2.73,19
2025-11-17,SKU036,Notebook Go,Informática,Aplicativo,538.1,10,353.12,362,7,8,0,391.76,3.95,2.47,16
2025-11-17,SKU036,Notebook Go,Informática,Marketplace,521.04,20,353.81,465,17,17,2,561.41,3.82,3.71,23
2025-11-17,SKU037,Bloco Criar,Infantil,Site,158.12,15,73.76,242,11,12,0,736.25,4.07,2.56,18
2025-11-17,SKU037,Bloco Criar,Infantil,Aplicativo,160.73,15,74.93,157,7,8,1,291.34,4.14,3.58,12
2025-11-17,SKU037,Bloco Criar,Infantil,Marketplace,159.0,30,77.08,238,5,5,0,450.3,4.11,3.91,21
2025-11-17,SKU038,Livro Descobrir,Infantil,Site,114.86,25,54.25,137,5,6,0,387.36,4.5,3.13,8
2025-11-17,SKU038,Livro Descobrir,Infantil,Aplicativo,124.81,30,56.64,106,10,12,0,397.59,4.21,2.24,13
2025-11-17,SKU038,Livro Descobrir,Infantil,Marketplace,116.44,15,54.49,163,9,9,0,878.26,4.34,4.87,9
2025-11-17,SKU039,Jogo Família,Infantil,Site,160.2,20,72.42,226,15,16,1,344.3,4.62,3.65,16
2025-11-17,SKU039,Jogo Família,Infantil,Aplicativo,160.39,15,73.57,155,7,7,0,234.75,4.75,2.29,17
2025-11-17,SKU039,Jogo Família,Infantil,Marketplace,157.45,15,75.14,263,13,17,0,330.35,4.52,4.11,18
2025-11-17,SKU040,Mochila Kids,Infantil,Site,123.98,10,58.42,246,12,13,0,238.82,4.44,3.39,15
2025-11-17,SKU040,Mochila Kids,Infantil,Aplicativo,128.14,20,60.13,184,14,16,1,414.03,4.66,3.33,16
2025-11-17,SKU040,Mochila Kids,Infantil,Marketplace,126.98,25,59.89,260,6,7,0,412.49,4.49,3.83,21
2025-11-17,SKU041,Pelúcia Nuvem,Infantil,Site,138.19,25,67.48,716,21,22,1,529.79,3.59,3.52,31
2025-11-17,SKU041,Pelúcia Nuvem,Infantil,Aplicativo,139.27,25,66.3,581,36,39,1,385.09,3.6,3.49,50
2025-11-17,SKU041,Pelúcia Nuvem,Infantil,Marketplace,146.37,15,65.64,871,27,30,1,580.07,3.87,5.54,38
2025-11-17,SKU042,Patinete Joy,Infantil,Site,98.81,15,45.41,346,11,13,1,455.29,4.3,2.97,24
2025-11-17,SKU042,Patinete Joy,Infantil,Aplicativo,97.91,5,47.67,330,14,17,1,417.91,4.31,3.05,29
2025-11-17,SKU042,Patinete Joy,Infantil,Marketplace,100.74,5,45.61,434,8,11,0,675.75,4.16,4.61,12
2025-11-17,SKU043,Cama Cozy,Pet,Site,87.07,10,38.83,512,19,21,0,274.65,3.73,3.81,31
2025-11-17,SKU043,Cama Cozy,Pet,Aplicativo,86.55,30,38.66,450,39,47,0,310.03,3.64,2.95,47
2025-11-17,SKU043,Cama Cozy,Pet,Marketplace,87.39,25,39.22,678,28,26,0,569.23,3.82,4.1,26
2025-11-17,SKU044,Fonte Fresh,Pet,Site,90.1,20,39.28,186,8,9,2,480.43,4.82,3.77,17
2025-11-17,SKU044,Fonte Fresh,Pet,Aplicativo,95.13,15,39.72,151,11,11,1,320.85,4.89,3.85,12
2025-11-17,SKU044,Fonte Fresh,Pet,Marketplace,93.34,30,39.6,250,15,17,0,521.71,4.72,4.46,27
2025-11-17,SKU045,Brinquedo Fun,Pet,Site,101.19,15,43.94,304,16,17,2,343.61,4.31,3.43,30
2025-11-17,SKU045,Brinquedo Fun,Pet,Aplicativo,103.23,25,44.58,254,13,15,0,432.02,4.28,3.22,26
2025-11-17,SKU045,Brinquedo Fun,Pet,Marketplace,98.67,25,44.39,435,20,24,0,1256.59,4.2,4.48,24
2025-11-17,SKU046,Coleira Safe,Pet,Site,136.66,25,62.46,334,23,26,1,396.62,4.08,2.36,30
2025-11-17,SKU046,Coleira Safe,Pet,Aplicativo,130.72,25,59.78,298,32,34,0,353.75,4.37,1.57,52
2025-11-17,SKU046,Coleira Safe,Pet,Marketplace,144.46,10,60.66,393,12,15,0,342.58,4.35,3.43,25
2025-11-17,SKU047,Comedouro Smart,Pet,Site,84.57,25,37.48,420,25,30,0,545.65,4.14,3.63,41
2025-11-17,SKU047,Comedouro Smart,Pet,Aplicativo,84.62,30,37.94,373,38,43,1,391.71,4.23,2.13,56
2025-11-17,SKU047,Comedouro Smart,Pet,Marketplace,81.81,10,36.92,503,21,16,0,298.49,4.31,3.94,16
2025-11-17,SKU048,Kit Higiene,Pet,Site,138.35,15,60.88,926,35,43,0,911.39,4.48,3.96,70
2025-11-17,SKU048,Kit Higiene,Pet,Aplicativo,143.67,20,60.01,604,47,51,1,333.91,4.47,2.77,75
2025-11-17,SKU048,Kit Higiene,Pet,Marketplace,136.66,15,60.67,946,33,38,0,557.2,4.2,4.47,64
2025-11-24,SKU001,Fone Pulse,Áudio e vídeo,Site,346.35,25,200.72,395,20,23,3,392.06,4.84,3.03,37
2025-11-24,SKU001,Fone Pulse,Áudio e vídeo,Aplicativo,330.71,15,195.61,289,17,21,2,305.76,4.61,3.4,22
2025-11-24,SKU001,Fone Pulse,Áudio e vídeo,Marketplace,354.82,5,196.6,506,20,22,1,611.63,4.63,3.94,23
2025-11-24,SKU002,Caixa Wave,Áudio e vídeo,Site,278.76,15,155.85,584,29,32,3,467.04,5.0,3.35,47
2025-11-24,SKU002,Caixa Wave,Áudio e vídeo,Aplicativo,271.69,5,157.9,432,18,23,1,243.0,4.82,3.97,28
2025-11-24,SKU002,Caixa Wave,Áudio e vídeo,Marketplace,275.53,10,160.54,642,14,15,2,500.05,4.96,4.97,26
2025-11-24,SKU003,Webcam Focus,Áudio e vídeo,Site,415.41,20,228.98,381,18,21,1,801.25,3.73,3.16,21
2025-11-24,SKU003,Webcam Focus,Áudio e vídeo,Aplicativo,425.66,15,234.75,340,10,10,0,570.42,3.53,4.01,17
2025-11-24,SKU003,Webcam Focus,Áudio e vídeo,Marketplace,415.26,15,238.64,425,12,14,0,463.97,3.84,4.04,19
2025-11-24,SKU004,Microfone Voice,Áudio e vídeo,Site,327.84,25,192.03,223,16,17,1,501.13,4.94,2.43,27
2025-11-24,SKU004,Microfone Voice,Áudio e vídeo,Aplicativo,327.14,20,188.17,153,12,15,3,218.76,4.83,2.69,18
2025-11-24,SKU004,Microfone Voice,Áudio e vídeo,Marketplace,338.57,15,194.09,236,2,2,0,448.47,4.65,4.36,9
2025-11-24,SKU005,Soundbar One,Áudio e vídeo,Site,444.54,25,239.66,350,28,28,0,340.0,4.17,2.69,28
2025-11-24,SKU005,Soundbar One,Áudio e vídeo,Aplicativo,404.37,20,238.29,336,15,16,1,565.63,3.95,3.43,33
2025-11-24,SKU005,Soundbar One,Áudio e vídeo,Marketplace,427.35,30,238.4,418,29,31,4,534.03,4.22,4.03,32
2025-11-24,SKU006,Headset Play,Áudio e vídeo,Site,354.35,10,213.67,177,7,9,2,408.31,3.48,2.9,10
2025-11-24,SKU006,Headset Play,Áudio e vídeo,Aplicativo,359.44,20,218.82,207,12,13,1,497.1,3.66,2.47,18
2025-11-24,SKU006,Headset Play,Áudio e vídeo,Marketplace,367.09,0,208.82,251,2,2,0,299.0,3.75,4.67,8
2025-11-24,SKU007,Panela Chef,Casa e cozinha,Site,262.36,15,135.38,647,31,35,1,451.69,4.57,3.55,43
2025-11-24,SKU007,Panela Chef,Casa e cozinha,Aplicativo,255.79,15,134.85,513,14,14,0,312.04,4.42,4.71,35
2025-11-24,SKU007,Panela Chef,Casa e cozinha,Marketplace,261.1,10,138.9,719,21,26,2,466.98,4.65,4.29,37
2025-11-24,SKU008,Air Fryer Easy,Casa e cozinha,Site,311.35,25,158.34,302,16,19,1,427.67,4.58,2.74,30
2025-11-24,SKU008,Air Fryer Easy,Casa e cozinha,Aplicativo,306.86,25,153.86,220,12,14,0,385.76,4.96,3.15,33
2025-11-24,SKU008,Air Fryer Easy,Casa e cozinha,Marketplace,295.77,20,161.33,370,13,16,1,724.58,4.71,4.21,21
2025-11-24,SKU009,Jogo Mesa,Casa e cozinha,Site,202.97,25,106.85,315,23,24,1,379.78,4.07,2.64,24
2025-11-24,SKU009,Jogo Mesa,Casa e cozinha,Aplicativo,193.06,15,105.48,284,22,24,0,377.72,4.15,3.05,24
2025-11-24,SKU009,Jogo Mesa,Casa e cozinha,Marketplace,203.97,15,103.36,417,12,13,0,685.86,4.16,4.29,25
2025-11-24,SKU010,Luminária Aura,Casa e cozinha,Site,198.21,20,100.65,467,32,39,0,300.76,4.39,2.4,40
2025-11-24,SKU010,Luminária Aura,Casa e cozinha,Aplicativo,182.66,25,101.96,440,25,30,1,440.27,4.42,3.49,43
2025-11-24,SKU010,Luminária Aura,Casa e cozinha,Marketplace,192.96,20,98.92,620,32,32,2,623.02,4.49,4.14,40
2025-11-24,SKU011,Organizador Box,Casa e cozinha,Site,296.72,10,153.79,917,28,33,4,394.66,3.93,4.14,49
2025-11-24,SKU011,Organizador Box,Casa e cozinha,Aplicativo,305.32,0,156.49,728,35,46,2,370.5,4.02,3.21,47
2025-11-24,SKU011,Organizador Box,Casa e cozinha,Marketplace,302.51,25,163.23,1126,61,69,3,614.56,3.94,3.51,74
2025-11-24,SKU012,Mixer Prático,Casa e cozinha,Site,229.16,15,124.3,249,7,7,0,338.06,3.7,3.29,14
2025-11-24,SKU012,Mixer Prático,Casa e cozinha,Aplicativo,246.1,15,120.73,206,11,13,1,279.64,3.65,2.85,17
2025-11-24,SKU012,Mixer Prático,Casa e cozinha,Marketplace,243.31,20,122.74,343,15,16,0,575.6,3.95,3.45,26
2025-11-24,SKU013,Tênis Run,Esporte,Site,201.2,10,96.29,323,9,9,0,340.42,3.92,3.73,16
2025-11-24,SKU013,Tênis Run,Esporte,Aplicativo,194.85,30,99.02,260,15,16,1,225.29,3.72,2.42,25
2025-11-24,SKU013,Tênis Run,Esporte,Marketplace,209.38,20,96.86,433,11,11,0,811.96,3.85,4.78,18
2025-11-24,SKU014,Mochila Trail,Esporte,Site,201.33,25,94.26,444,36,41,2,363.45,4.71,3.05,41
2025-11-24,SKU014,Mochila Trail,Esporte,Aplicativo,193.07,5,92.13,422,13,13,0,412.32,4.54,2.86,25
2025-11-24,SKU014,Mochila Trail,Esporte,Marketplace,192.24,25,97.65,527,32,23,2,302.51,4.64,3.86,23
2025-11-24,SKU015,Garrafa Move,Esporte,Site,177.89,20,86.88,171,5,5,1,383.54,4.72,2.77,15
2025-11-24,SKU015,Garrafa Move,Esporte,Aplicativo,177.21,15,87.67,148,4,5,1,349.79,4.58,3.31,11
2025-11-24,SKU015,Garrafa Move,Esporte,Marketplace,175.82,20,87.68,237,7,8,1,847.43,4.53,3.94,14
2025-11-24,SKU016,Tapete Zen,Esporte,Site,184.0,25,94.28,414,15,17,0,379.28,3.92,2.53,23
2025-11-24,SKU016,Tapete Zen,Esporte,Aplicativo,185.91,30,93.95,356,24,28,0,517.44,4.08,2.73,41
2025-11-24,SKU016,Tapete Zen,Esporte,Marketplace,183.17,20,90.05,449,12,14,0,495.21,3.83,4.17,21
2025-11-24,SKU017,Kit Funcional,Esporte,Site,154.86,15,77.01,563,16,18,0,394.59,3.54,2.74,35
2025-11-24,SKU017,Kit Funcional,Esporte,Aplicativo,156.99,15,79.49,415,22,25,1,176.18,3.82,2.88,34
2025-11-24,SKU017,Kit Funcional,Esporte,Marketplace,160.4,20,76.15,807,26,29,1,1087.38,3.64,4.78,34
2025-11-24,SKU018,Relógio Fit,Esporte,Site,232.05,15,115.33,358,17,22,0,468.99,4.09,2.84,30
2025-11-24,SKU018,Relógio Fit,Esporte,Aplicativo,228.76,10,110.41,251,12,13,1,259.85,4.31,3.53,19
2025-11-24,SKU018,Relógio Fit,Esporte,Marketplace,226.01,20,111.2,427,10,13,1,437.78,4.4,4.61,29
2025-11-24,SKU019,Camiseta Urban,Moda,Site,188.31,15,77.01,250,6,9,0,602.61,4.25,2.8,21
2025-11-24,SKU019,Camiseta Urban,Moda,Aplicativo,184.11,30,77.57,214,18,22,1,456.04,4.19,4.18,31
2025-11-24,SKU019,Camiseta Urban,Moda,Marketplace,183.53,20,76.8,272,17,18,1,359.69,4.22,3.63,18
2025-11-24,SKU020,Calça Flex,Moda,Site,132.08,15,53.62,406,16,19,2,754.29,3.62,2.54,30
2025-11-24,SKU020,Calça Flex,Moda,Aplicativo,121.33,15,54.39,312,21,22,2,479.37,3.54,2.94,22
2025-11-24,SKU020,Calça Flex,Moda,Marketplace,121.74,15,55.31,393,15,19,4,442.61,3.71,4.06,28
2025-11-24,SKU021,Tênis Street,Moda,Site,154.97,20,65.96,301,14,16,1,368.84,4.27,3.28,29
2025-11-24,SKU021,Tênis Street,Moda,Aplicativo,158.36,15,65.56,241,15,17,1,217.17,4.46,2.85,25
2025-11-24,SKU021,Tênis Street,Moda,Marketplace,157.31,25,68.05,380,16,18,3,723.31,4.13,4.45,31
2025-11-24,SKU022,Jaqueta City,Moda,Site,166.26,20,73.13,406,25,31,2,517.36,4.16,3.13,38
2025-11-24,SKU022,Jaqueta City,Moda,Aplicativo,170.69,10,73.35,357,15,19,4,427.85,4.28,3.87,27
2025-11-24,SKU022,Jaqueta City,Moda,Marketplace,175.92,20,73.7,526,22,25,2,713.34,4.4,4.16,37
2025-11-24,SKU023,Bolsa Mini,Moda,Site,139.05,15,60.66,708,35,41,3,303.24,3.47,3.56,46
2025-11-24,SKU023,Bolsa Mini,Moda,Aplicativo,140.13,20,61.45,572,40,47,4,372.14,3.67,2.88,65
2025-11-24,SKU023,Bolsa Mini,Moda,Marketplace,145.03,5,61.15,888,34,31,1,722.56,3.79,4.81,31
2025-11-24,SKU024,Moletom Soft,Moda,Site,129.68,15,56.31,392,24,32,5,490.6,4.2,2.64,42
2025-11-24,SKU024,Moletom Soft,Moda,Aplicativo,133.56,10,55.48,365,20,18,1,440.32,4.06,3.3,18
2025-11-24,SKU024,Moletom Soft,Moda,Marketplace,130.71,5,58.56,510,21,25,2,697.22,4.31,3.66,25
2025-11-24,SKU025,Kit Skin,Beleza,Site,104.03,10,40.46,247,7,8,0,478.52,3.61,2.63,17
2025-11-24,SKU025,Kit Skin,Beleza,Aplicativo,99.93,25,40.97,191,15,21,0,413.27,3.54,3.27,21
2025-11-24,SKU025,Kit Skin,Beleza,Marketplace,103.87,10,38.14,271,5,5,0,394.12,3.85,4.11,16
2025-11-24,SKU026,Perfume Bloom,Beleza,Site,106.7,20,41.31,600,39,32,2,581.52,4.43,3.69,32
2025-11-24,SKU026,Perfume Bloom,Beleza,Aplicativo,107.17,25,42.48,561,42,44,2,389.07,4.6,2.87,70
2025-11-24,SKU026,Perfume Bloom,Beleza,Marketplace,105.49,25,43.31,762,45,48,3,696.63,4.34,4.31,62
2025-11-24,SKU027,Secador Air,Beleza,Site,138.53,25,54.26,389,29,33,2,627.31,4.27,3.72,40
2025-11-24,SKU027,Secador Air,Beleza,Aplicativo,143.14,25,55.33,263,25,22,1,282.75,4.29,2.79,22
2025-11-24,SKU027,Secador Air,Beleza,Marketplace,135.12,10,53.63,468,24,30,4,744.36,4.59,4.11,30
2025-11-24,SKU028,Protetor Daily,Beleza,Site,137.84,20,54.87,372,19,25,1,357.58,3.76,2.56,35
2025-11-24,SKU028,Protetor Daily,Beleza,Aplicativo,138.01,20,55.14,342,16,19,0,432.48,3.75,3.1,32
2025-11-24,SKU028,Protetor Daily,Beleza,Marketplace,142.36,20,55.33,430,16,20,1,462.44,3.86,4.81,28
2025-11-24,SKU029,Escova Glow,Beleza,Site,95.67,10,37.03,353,15,15,0,379.45,4.54,3.66,23
2025-11-24,SKU029,Escova Glow,Beleza,Aplicativo,92.87,20,36.23,299,25,28,0,276.85,4.52,3.7,34
2025-11-24,SKU029,Escova Glow,Beleza,Marketplace,97.12,25,37.57,476,21,22,1,582.61,4.55,4.09,42
2025-11-24,SKU030,Sérum Vita,Beleza,Site,98.52,10,37.58,634,28,31,0,655.57,4.01,3.23,31
2025-11-24,SKU030,Sérum Vita,Beleza,Aplicativo,94.42,20,40.51,418,25,30,0,185.54,4.36,2.44,55
2025-11-24,SKU030,Sérum Vita,Beleza,Marketplace,101.1,20,37.77,727,21,25,0,710.91,4.21,4.08,50
2025-11-24,SKU031,Teclado Type,Informática,Site,594.04,15,388.12,395,17,18,0,528.51,4.26,3.47,18
2025-11-24,SKU031,Teclado Type,Informática,Aplicativo,603.46,20,395.22,315,11,14,1,243.8,4.29,4.03,16
2025-11-24,SKU031,Teclado Type,Informática,Marketplace,611.54,20,387.4,434,12,11,0,391.88,4.08,4.87,11
2025-11-24,SKU032,Mouse Click,Informática,Site,483.44,25,315.74,284,8,9,0,405.48,4.5,3.44,22
2025-11-24,SKU032,Mouse Click,Informática,Aplicativo,477.01,5,327.33,211,7,7,0,328.21,4.57,2.78,13
2025-11-24,SKU032,Mouse Click,Informática,Marketplace,494.69,25,322.36,352,14,14,0,442.85,4.37,5.26,14
2025-11-24,SKU033,Monitor View,Informática,Site,413.48,10,281.03,133,3,3,0,517.8,3.72,3.17,6
2025-11-24,SKU033,Monitor View,Informática,Aplicativo,428.72,20,277.33,104,3,3,0,456.59,3.78,2.95,6
2025-11-24,SKU033,Monitor View,Informática,Marketplace,416.21,30,278.84,123,4,4,0,475.25,3.65,3.3,4
2025-11-24,SKU034,SSD Fast,Informática,Site,670.28,20,440.76,173,9,11,0,458.64,4.59,3.09,11
2025-11-24,SKU034,SSD Fast,Informática,Aplicativo,678.38,30,444.57,149,6,6,0,362.67,4.48,3.63,13
2025-11-24,SKU034,SSD Fast,Informática,Marketplace,656.51,10,449.47,175,6,6,1,492.66,4.46,4.05,9
2025-11-24,SKU035,Hub Connect,Informática,Site,706.34,15,451.31,222,8,8,0,414.34,4.47,4.05,9
2025-11-24,SKU035,Hub Connect,Informática,Aplicativo,685.42,30,454.7,207,14,17,0,436.9,4.71,2.89,21
2025-11-24,SKU035,Hub Connect,Informática,Marketplace,697.28,15,453.38,294,5,5,0,531.99,4.64,5.55,9
2025-11-24,SKU036,Notebook Go,Informática,Site,532.9,0,351.69,467,19,16,0,514.06,3.77,2.81,16
2025-11-24,SKU036,Notebook Go,Informática,Aplicativo,503.03,15,344.24,323,14,18,1,323.25,3.9,2.87,24
2025-11-24,SKU036,Notebook Go,Informática,Marketplace,558.42,20,345.55,504,13,16,0,534.79,4.0,4.05,23
2025-11-24,SKU037,Bloco Criar,Infantil,Site,158.62,15,73.98,198,10,11,1,523.97,3.99,3.79,14
2025-11-24,SKU037,Bloco Criar,Infantil,Aplicativo,163.22,20,74.51,159,12,13,0,236.3,4.14,2.82,13
2025-11-24,SKU037,Bloco Criar,Infantil,Marketplace,162.29,20,74.6,220,8,10,0,472.55,4.05,3.4,14
2025-11-24,SKU038,Livro Descobrir,Infantil,Site,115.26,25,56.24,144,14,10,0,617.73,4.34,2.6,10
2025-11-24,SKU038,Livro Descobrir,Infantil,Aplicativo,115.81,15,58.22,108,9,9,0,559.62,4.31,1.85,11
2025-11-24,SKU038,Livro Descobrir,Infantil,Marketplace,119.49,10,55.56,156,6,7,0,690.18,4.24,3.93,8
2025-11-24,SKU039,Jogo Família,Infantil,Site,157.03,0,74.07,198,10,12,2,231.08,4.53,3.62,13
2025-11-24,SKU039,Jogo Família,Infantil,Aplicativo,159.56,25,75.83,224,18,24,1,329.18,4.53,3.84,24
2025-11-24,SKU039,Jogo Família,Infantil,Marketplace,152.34,30,74.8,298,15,17,0,664.05,4.51,4.2,30
2025-11-24,SKU040,Mochila Kids,Infantil,Site,127.18,15,58.92,226,9,11,0,298.56,4.46,2.86,22
2025-11-24,SKU040,Mochila Kids,Infantil,Aplicativo,129.84,20,60.77,232,10,13,0,441.0,4.31,2.66,25
2025-11-24,SKU040,Mochila Kids,Infantil,Marketplace,126.29,15,60.07,300,9,9,0,544.58,4.51,3.56,11
2025-11-24,SKU041,Pelúcia Nuvem,Infantil,Site,138.92,15,65.15,706,32,42,2,374.65,3.66,2.64,58
2025-11-24,SKU041,Pelúcia Nuvem,Infantil,Aplicativo,142.35,5,65.15,539,24,28,0,322.26,3.74,2.45,40
2025-11-24,SKU041,Pelúcia Nuvem,Infantil,Marketplace,148.41,15,64.83,882,21,22,1,620.05,3.88,4.65,48
2025-11-24,SKU042,Patinete Joy,Infantil,Site,100.85,20,46.99,380,26,31,0,511.57,4.23,2.85,36
2025-11-24,SKU042,Patinete Joy,Infantil,Aplicativo,100.27,20,46.82,279,13,18,0,358.35,4.2,3.37,25
2025-11-24,SKU042,Patinete Joy,Infantil,Marketplace,97.96,20,47.02,406,19,22,2,432.82,4.35,3.83,29
2025-11-24,SKU043,Cama Cozy,Pet,Site,88.62,25,39.01,646,37,47,0,740.3,3.72,2.47,49
2025-11-24,SKU043,Cama Cozy,Pet,Aplicativo,89.34,20,37.23,471,23,27,1,349.41,3.68,2.94,41
2025-11-24,SKU043,Cama Cozy,Pet,Marketplace,91.43,0,39.72,649,19,20,1,501.39,3.79,4.18,32
2025-11-24,SKU044,Fonte Fresh,Pet,Site,89.77,20,40.52,266,12,12,0,1056.56,4.68,2.88,24
2025-11-24,SKU044,Fonte Fresh,Pet,Aplicativo,88.94,0,39.23,173,7,7,0,442.42,4.93,3.18,15
2025-11-24,SKU044,Fonte Fresh,Pet,Marketplace,91.25,30,40.19,232,19,12,0,293.23,4.9,4.11,12
2025-11-24,SKU045,Brinquedo Fun,Pet,Site,101.28,20,44.58,306,19,22,0,461.08,4.47,3.24,35
2025-11-24,SKU045,Brinquedo Fun,Pet,Aplicativo,105.62,25,45.47,275,19,22,0,484.6,4.38,2.43,34
2025-11-24,SKU045,Brinquedo Fun,Pet,Marketplace,98.83,20,43.23,365,16,19,0,1038.08,4.27,3.14,22
2025-11-24,SKU046,Coleira Safe,Pet,Site,142.65,5,60.81,351,18,17,0,533.55,4.3,3.12,17
2025-11-24,SKU046,Coleira Safe,Pet,Aplicativo,132.89,15,60.88,279,23,25,0,362.25,4.15,2.36,30
2025-11-24,SKU046,Coleira Safe,Pet,Marketplace,141.1,30,61.68,406,21,24,1,479.75,4.16,4.08,37
2025-11-24,SKU047,Comedouro Smart,Pet,Site,84.18,5,37.58,425,26,28,1,520.31,4.25,3.18,28
2025-11-24,SKU047,Comedouro Smart,Pet,Aplicativo,84.64,20,37.57,338,20,23,0,289.07,4.09,3.72,29
2025-11-24,SKU047,Comedouro Smart,Pet,Marketplace,82.24,20,38.16,517,19,20,0,498.78,4.03,3.39,46
2025-11-24,SKU048,Kit Higiene,Pet,Site,139.15,5,60.6,838,36,40,0,576.02,4.17,3.31,45
2025-11-24,SKU048,Kit Higiene,Pet,Aplicativo,133.29,25,60.02,684,38,47,0,293.11,4.32,2.81,64
2025-11-24,SKU048,Kit Higiene,Pet,Marketplace,135.75,15,60.18,962,42,48,1,622.78,4.31,4.44,50
2025-12-01,SKU001,Fone Pulse,Áudio e vídeo,Site,341.42,0,193.9,347,17,17,1,408.7,4.5,3.29,22
2025-12-01,SKU001,Fone Pulse,Áudio e vídeo,Aplicativo,339.07,5,197.02,242,10,10,0,218.61,4.67,2.88,16
2025-12-01,SKU001,Fone Pulse,Áudio e vídeo,Marketplace,330.83,10,193.99,321,17,15,2,227.02,4.72,4.14,15
2025-12-01,SKU002,Caixa Wave,Áudio e vídeo,Site,274.87,20,160.6,446,19,21,1,307.53,4.9,3.32,29
2025-12-01,SKU002,Caixa Wave,Áudio e vídeo,Aplicativo,271.17,10,160.88,362,16,21,3,331.84,5.0,2.48,29
2025-12-01,SKU002,Caixa Wave,Áudio e vídeo,Marketplace,282.83,15,160.28,587,25,32,4,565.81,5.0,4.21,34
2025-12-01,SKU003,Webcam Focus,Áudio e vídeo,Site,437.59,10,232.08,280,7,8,0,399.77,3.46,2.52,10
2025-12-01,SKU003,Webcam Focus,Áudio e vídeo,Aplicativo,423.99,0,228.15,237,14,11,0,509.83,3.65,2.27,11
2025-12-01,SKU003,Webcam Focus,Áudio e vídeo,Marketplace,429.26,10,238.08,364,3,4,0,455.48,3.78,4.12,12
2025-12-01,SKU004,Microfone Voice,Áudio e vídeo,Site,341.06,10,182.73,164,3,4,1,319.89,4.7,3.8,10
2025-12-01,SKU004,Microfone Voice,Áudio e vídeo,Aplicativo,330.99,10,189.48,145,7,7,0,307.92,4.81,2.35,9
2025-12-01,SKU004,Microfone Voice,Áudio e vídeo,Marketplace,325.6,10,197.04,217,9,9,0,821.09,4.69,3.4,18
2025-12-01,SKU005,Soundbar One,Áudio e vídeo,Site,430.17,5,236.0,264,8,9,1,266.37,4.07,3.68,10
2025-12-01,SKU005,Soundbar One,Áudio e vídeo,Aplicativo,424.86,10,232.45,235,6,6,0,268.48,3.91,2.96,12
2025-12-01,SKU005,Soundbar One,Áudio e vídeo,Marketplace,427.68,5,234.5,301,4,4,0,370.23,4.09,5.3,12
2025-12-01,SKU006,Headset Play,Áudio e vídeo,Site,362.24,10,216.64,155,6,7,0,447.58,3.71,2.82,7
2025-12-01,SKU006,Headset Play,Áudio e vídeo,Aplicativo,347.9,0,212.27,127,4,4,0,176.0,3.68,2.57,4
2025-12-01,SKU006,Headset Play,Áudio e vídeo,Marketplace,367.57,10,212.41,184,5,5,0,271.21,3.59,3.53,7
2025-12-01,SKU007,Panela Chef,Casa e cozinha,Site,259.69,30,131.99,547,36,40,3,433.76,4.45,2.74,68
2025-12-01,SKU007,Panela Chef,Casa e cozinha,Aplicativo,260.2,15,135.2,435,15,18,0,336.88,4.57,3.07,31
2025-12-01,SKU007,Panela Chef,Casa e cozinha,Marketplace,243.37,10,138.47,598,24,31,5,350.69,4.59,4.1,49
2025-12-01,SKU008,Air Fryer Easy,Casa e cozinha,Site,308.69,5,161.42,233,9,10,1,410.11,4.97,3.88,10
2025-12-01,SKU008,Air Fryer Easy,Casa e cozinha,Aplicativo,299.28,15,160.83,206,12,15,1,405.81,4.69,2.3,18
2025-12-01,SKU008,Air Fryer Easy,Casa e cozinha,Marketplace,304.46,20,152.28,277,12,11,2,358.86,4.51,3.64,11
2025-12-01,SKU009,Jogo Mesa,Casa e cozinha,Site,198.99,10,105.85,267,7,7,0,462.08,4.09,3.9,18
2025-12-01,SKU009,Jogo Mesa,Casa e cozinha,Aplicativo,201.48,0,100.28,204,12,14,0,380.02,4.31,2.36,18
2025-12-01,SKU009,Jogo Mesa,Casa e cozinha,Marketplace,201.14,0,103.59,341,6,7,0,391.22,4.3,3.75,17
2025-12-01,SKU010,Luminária Aura,Casa e cozinha,Site,194.15,15,103.66,376,17,23,1,381.82,4.77,3.23,29
2025-12-01,SKU010,Luminária Aura,Casa e cozinha,Aplicativo,194.35,0,102.0,354,10,11,0,287.66,4.54,2.87,25
2025-12-01,SKU010,Luminária Aura,Casa e cozinha,Marketplace,201.19,5,99.53,420,10,13,1,315.82,4.5,4.98,21
2025-12-01,SKU011,Organizador Box,Casa e cozinha,Site,302.2,10,152.67,712,33,38,1,439.84,4.02,2.53,55
2025-12-01,SKU011,Organizador Box,Casa e cozinha,Aplicativo,304.55,20,156.28,602,33,36,3,291.9,3.9,3.07,36
2025-12-01,SKU011,Organizador Box,Casa e cozinha,Marketplace,298.38,5,155.14,855,25,29,0,362.47,4.05,3.24,45
2025-12-01,SKU012,Mixer Prático,Casa e cozinha,Site,241.27,0,121.04,214,9,10,0,307.57,3.86,3.57,11
2025-12-01,SKU012,Mixer Prático,Casa e cozinha,Aplicativo,242.53,10,123.66,163,5,7,0,251.12,3.6,3.92,7
2025-12-01,SKU012,Mixer Prático,Casa e cozinha,Marketplace,233.49,15,126.55,200,7,8,0,448.46,3.72,3.4,13
2025-12-01,SKU013,Tênis Run,Esporte,Site,189.85,5,95.36,280,7,8,0,227.26,3.82,3.94,17
2025-12-01,SKU013,Tênis Run,Esporte,Aplicativo,196.4,20,95.75,242,9,11,1,423.04,3.98,3.46,20
2025-12-01,SKU013,Tênis Run,Esporte,Marketplace,203.66,15,97.12,291,12,13,0,495.05,3.85,3.98,13
2025-12-01,SKU014,Mochila Trail,Esporte,Site,191.39,0,97.6,435,19,14,1,448.71,4.66,2.31,14
2025-12-01,SKU014,Mochila Trail,Esporte,Aplicativo,189.7,5,92.66,378,12,12,0,408.77,4.71,3.06,24
2025-12-01,SKU014,Mochila Trail,Esporte,Marketplace,188.58,15,91.61,466,18,20,0,493.76,4.7,3.7,20
2025-12-01,SKU015,Garrafa Move,Esporte,Site,172.07,0,90.63,135,3,3,0,245.53,4.69,2.72,9
2025-12-01,SKU015,Garrafa Move,Esporte,Aplicativo,180.31,10,87.11,124,7,7,0,403.84,4.67,2.97,11
2025-12-01,SKU015,Garrafa Move,Esporte,Marketplace,174.98,10,87.9,169,3,4,0,589.25,4.42,5.09,9
2025-12-01,SKU016,Tapete Zen,Esporte,Site,188.35,10,92.59,360,13,16,4,492.4,3.79,3.7,21
2025-12-01,SKU016,Tapete Zen,Esporte,Aplicativo,192.37,0,90.86,273,4,4,1,313.61,3.88,3.27,10
2025-12-01,SKU016,Tapete Zen,Esporte,Marketplace,188.6,0,90.3,360,9,9,1,384.27,3.93,4.89,11
2025-12-01,SKU017,Kit Funcional,Esporte,Site,165.35,20,79.91,483,23,28,2,452.32,4.04,3.08,35
2025-12-01,SKU017,Kit Funcional,Esporte,Aplicativo,163.36,10,79.62,373,7,8,0,272.18,3.73,3.53,19
2025-12-01,SKU017,Kit Funcional,Esporte,Marketplace,161.18,0,77.91,545,9,9,0,448.42,3.52,4.54,20
2025-12-01,SKU018,Relógio Fit,Esporte,Site,232.31,0,115.95,297,11,12,1,386.45,4.36,3.47,13
2025-12-01,SKU018,Relógio Fit,Esporte,Aplicativo,233.58,0,113.42,247,11,11,0,331.0,4.49,2.48,16
2025-12-01,SKU018,Relógio Fit,Esporte,Marketplace,224.93,20,109.71,373,10,10,1,651.94,4.34,3.94,27
2025-12-01,SKU019,Camiseta Urban,Moda,Site,182.98,5,78.77,172,7,7,0,271.16,4.13,3.29,9
2025-12-01,SKU019,Camiseta Urban,Moda,Aplicativo,183.74,15,80.42,177,10,12,0,382.67,4.12,2.28,18
2025-12-01,SKU019,Camiseta Urban,Moda,Marketplace,178.54,0,78.45,210,12,14,1,246.62,4.45,2.88,18
2025-12-01,SKU020,Calça Flex,Moda,Site,128.61,20,54.86,271,12,14,1,270.33,3.62,3.48,18
2025-12-01,SKU020,Calça Flex,Moda,Aplicativo,127.46,15,56.14,270,11,12,1,422.59,3.78,3.63,25
2025-12-01,SKU020,Calça Flex,Moda,Marketplace,128.96,5,54.11,362,9,10,0,625.94,3.9,4.74,18
2025-12-01,SKU021,Tênis Street,Moda,Site,156.76,25,65.27,251,18,22,3,353.91,4.34,2.99,22
2025-12-01,SKU021,Tênis Street,Moda,Aplicativo,153.04,15,64.84,183,9,11,1,244.9,4.35,2.6,14
2025-12-01,SKU021,Tênis Street,Moda,Marketplace,157.71,5,64.83,311,12,13,2,509.98,4.3,4.37,19
2025-12-01,SKU022,Jaqueta City,Moda,Site,167.3,10,72.89,325,13,14,1,329.92,4.28,3.07,28
2025-12-01,SKU022,Jaqueta City,Moda,Aplicativo,172.07,30,72.63,269,26,28,6,349.79,4.3,2.36,36
2025-12-01,SKU022,Jaqueta City,Moda,Marketplace,167.38,0,75.68,460,25,26,4,645.5,4.26,4.81,26
2025-12-01,SKU023,Bolsa Mini,Moda,Site,145.34,5,60.92,627,24,26,4,408.29,3.57,3.78,26
2025-12-01,SKU023,Bolsa Mini,Moda,Aplicativo,133.45,5,61.1,478,20,22,2,223.33,3.64,3.07,34
2025-12-01,SKU023,Bolsa Mini,Moda,Marketplace,140.36,5,60.79,663,13,15,2,367.12,3.41,4.63,23
2025-12-01,SKU024,Moletom Soft,Moda,Site,132.96,30,56.07,349,26,29,5,482.37,4.12,3.31,36
2025-12-01,SKU024,Moletom Soft,Moda,Aplicativo,131.26,5,56.7,317,20,22,0,494.87,4.46,3.14,27
2025-12-01,SKU024,Moletom Soft,Moda,Marketplace,133.99,0,57.49,363,8,10,2,336.63,4.14,4.38,18
2025-12-01,SKU025,Kit Skin,Beleza,Site,104.93,5,40.15,188,10,11,0,149.42,3.55,3.18,13
2025-12-01,SKU025,Kit Skin,Beleza,Aplicativo,104.06,0,39.34,179,9,10,1,598.34,3.55,2.39,14
2025-12-01,SKU025,Kit Skin,Beleza,Marketplace,104.75,0,37.71,255,4,4,0,492.37,3.84,3.16,14
2025-12-01,SKU026,Perfume Bloom,Beleza,Site,109.8,10,41.63,450,29,31,3,469.14,4.42,2.68,40
2025-12-01,SKU026,Perfume Bloom,Beleza,Aplicativo,102.45,10,41.91,502,38,42,2,614.52,4.56,2.18,70
2025-12-01,SKU026,Perfume Bloom,Beleza,Marketplace,105.87,5,40.54,523,15,18,1,312.49,4.61,5.04,25
2025-12-01,SKU027,Secador Air,Beleza,Site,139.21,15,55.92,310,20,21,1,478.71,4.4,3.35,26
2025-12-01,SKU027,Secador Air,Beleza,Aplicativo,140.56,5,55.2,254,14,15,2,373.49,4.29,3.56,21
2025-12-01,SKU027,Secador Air,Beleza,Marketplace,138.05,10,55.34,345,7,9,0,414.47,4.59,4.2,23
2025-12-01,SKU028,Protetor Daily,Beleza,Site,143.74,0,55.82,306,7,8,0,311.48,3.7,3.35,17
2025-12-01,SKU028,Protetor Daily,Beleza,Aplicativo,145.53,5,57.24,300,12,13,0,432.38,3.86,3.57,19
2025-12-01,SKU028,Protetor Daily,Beleza,Marketplace,141.7,20,56.18,372,14,15,0,476.94,3.94,3.58,29
2025-12-01,SKU029,Escova Glow,Beleza,Site,93.75,20,36.27,323,25,27,1,460.29,4.43,2.74,43
2025-12-01,SKU029,Escova Glow,Beleza,Aplicativo,94.07,15,35.55,213,19,15,0,198.22,4.65,1.79,15
2025-12-01,SKU029,Escova Glow,Beleza,Marketplace,91.93,0,37.29,381,13,18,1,445.15,4.58,5.06,25
2025-12-01,SKU030,Sérum Vita,Beleza,Site,99.48,5,37.98,549,26,25,1,499.16,4.02,3.46,25
2025-12-01,SKU030,Sérum Vita,Beleza,Aplicativo,93.22,0,38.55,376,10,10,0,229.95,4.2,3.35,32
2025-12-01,SKU030,Sérum Vita,Beleza,Marketplace,99.25,5,37.85,600,23,27,1,477.46,4.26,4.18,36
2025-12-01,SKU031,Teclado Type,Informática,Site,615.36,0,391.44,293,9,9,0,370.25,4.19,3.15,10
2025-12-01,SKU031,Teclado Type,Informática,Aplicativo,595.46,15,399.07,277,7,7,1,370.07,3.97,2.5,16
2025-12-01,SKU031,Teclado Type,Informática,Marketplace,604.48,5,410.52,348,4,4,0,306.71,4.08,4.48,11
2025-12-01,SKU032,Mouse Click,Informática,Site,474.57,5,324.92,229,4,4,0,331.7,4.33,3.06,9
2025-12-01,SKU032,Mouse Click,Informática,Aplicativo,505.77,15,323.03,209,8,7,0,476.18,4.3,3.28,7
2025-12-01,SKU032,Mouse Click,Informática,Marketplace,488.36,25,322.97,249,10,10,0,505.4,4.35,3.98,16
2025-12-01,SKU033,Monitor View,Informática,Site,395.93,20,282.54,106,1,1,0,528.08,3.75,2.62,8
2025-12-01,SKU033,Monitor View,Informática,Aplicativo,434.11,5,281.33,66,0,0,0,238.44,3.7,2.1,3
2025-12-01,SKU033,Monitor View,Informática,Marketplace,437.01,5,277.87,116,1,1,0,340.12,3.84,4.29,4
2025-12-01,SKU034,SSD Fast,Informática,Site,667.93,0,441.64,149,5,6,0,465.89,4.45,3.27,7
2025-12-01,SKU034,SSD Fast,Informática,Aplicativo,639.29,20,443.06,117,4,4,0,446.39,4.58,2.21,11
2025-12-01,SKU034,SSD Fast,Informática,Marketplace,672.58,5,442.87,168,8,7,0,363.22,4.64,4.77,7
2025-12-01,SKU035,Hub Connect,Informática,Site,691.35,10,451.09,189,3,3,0,273.93,4.76,3.83,12
2025-12-01,SKU035,Hub Connect,Informática,Aplicativo,678.3,5,446.69,141,4,4,0,254.77,4.71,2.52,9
2025-12-01,SKU035,Hub Connect,Informática,Marketplace,680.99,15,450.81,253,9,9,0,461.47,4.37,4.93,9
2025-12-01,SKU036,Notebook Go,Informática,Site,509.38,5,351.79,339,11,12,0,321.84,4.05,2.99,14
2025-12-01,SKU036,Notebook Go,Informática,Aplicativo,520.1,25,352.62,283,13,16,1,247.65,4.02,2.79,26
2025-12-01,SKU036,Notebook Go,Informática,Marketplace,543.01,20,357.7,420,11,10,0,412.7,3.89,4.84,10
2025-12-01,SKU037,Bloco Criar,Infantil,Site,156.04,20,76.25,146,3,3,0,348.79,4.21,4.72,11
2025-12-01,SKU037,Bloco Criar,Infantil,Aplicativo,156.32,10,75.78,117,7,7,0,369.62,4.22,2.62,12
2025-12-01,SKU037,Bloco Criar,Infantil,Marketplace,155.73,10,74.88,217,10,10,0,532.42,4.0,4.07,14
2025-12-01,SKU038,Livro Descobrir,Infantil,Site,118.17,5,55.01,108,10,8,1,410.63,4.36,2.93,8
2025-12-01,SKU038,Livro Descobrir,Infantil,Aplicativo,117.65,15,54.86,99,4,6,0,278.55,4.35,3.71,10
2025-12-01,SKU038,Livro Descobrir,Infantil,Marketplace,120.2,5,53.43,124,8,9,1,347.86,4.45,3.43,9
2025-12-01,SKU039,Jogo Família,Infantil,Site,155.43,25,73.03,184,15,16,1,256.4,4.36,3.52,16
2025-12-01,SKU039,Jogo Família,Infantil,Aplicativo,154.54,10,74.81,138,12,13,0,231.99,4.7,2.23,15
2025-12-01,SKU039,Jogo Família,Infantil,Marketplace,155.56,25,74.24,225,7,7,0,331.76,4.56,4.43,19
2025-12-01,SKU040,Mochila Kids,Infantil,Site,122.52,15,60.2,189,14,17,2,270.5,4.31,2.61,19
2025-12-01,SKU040,Mochila Kids,Infantil,Aplicativo,129.34,5,59.77,169,8,9,1,317.43,4.31,1.91,16
2025-12-01,SKU040,Mochila Kids,Infantil,Marketplace,126.93,15,58.57,230,12,14,0,386.62,4.3,3.02,17
2025-12-01,SKU041,Pelúcia Nuvem,Infantil,Site,137.98,20,67.24,595,30,36,2,434.97,3.92,2.83,45
2025-12-01,SKU041,Pelúcia Nuvem,Infantil,Aplicativo,142.44,15,67.08,468,24,27,0,247.51,3.65,3.57,35
2025-12-01,SKU041,Pelúcia Nuvem,Infantil,Marketplace,145.77,15,69.7,700,37,43,1,583.05,3.82,4.2,45
2025-12-01,SKU042,Patinete Joy,Infantil,Site,94.54,0,45.96,283,9,9,0,325.34,4.18,3.73,15
2025-12-01,SKU042,Patinete Joy,Infantil,Aplicativo,97.94,0,46.24,245,12,15,0,179.08,4.32,2.86,19
2025-12-01,SKU042,Patinete Joy,Infantil,Marketplace,100.23,15,46.71,368,14,15,0,677.49,4.21,5.09,16
2025-12-01,SKU043,Cama Cozy,Pet,Site,85.86,5,38.38,457,11,15,0,384.6,3.79,3.72,23
2025-12-01,SKU043,Cama Cozy,Pet,Aplicativo,87.04,15,40.03,400,25,31,0,364.47,3.66,2.42,39
2025-12-01,SKU043,Cama Cozy,Pet,Marketplace,89.76,0,39.23,589,14,16,0,500.57,3.82,4.4,26
2025-12-01,SKU044,Fonte Fresh,Pet,Site,90.88,10,40.6,182,7,8,0,425.75,4.65,2.95,18
2025-12-01,SKU044,Fonte Fresh,Pet,Aplicativo,91.22,5,40.15,114,11,10,0,201.34,4.87,2.97,10
2025-12-01,SKU044,Fonte Fresh,Pet,Marketplace,90.79,0,39.97,152,8,7,0,372.19,4.78,4.45,7
2025-12-01,SKU045,Brinquedo Fun,Pet,Site,100.85,0,44.74,235,9,9,0,262.84,4.49,3.21,14
2025-12-01,SKU045,Brinquedo Fun,Pet,Aplicativo,104.28,0,44.58,203,10,12,1,430.7,4.28,2.42,14
2025-12-01,SKU045,Brinquedo Fun,Pet,Marketplace,99.51,0,43.23,279,12,13,1,448.28,4.33,3.68,16
2025-12-01,SKU046,Coleira Safe,Pet,Site,141.76,0,60.95,268,8,8,0,278.96,4.22,3.86,13
2025-12-01,SKU046,Coleira Safe,Pet,Aplicativo,141.52,0,62.33,234,8,9,0,355.94,4.09,3.16,17
2025-12-01,SKU046,Coleira Safe,Pet,Marketplace,135.53,10,60.52,301,17,18,0,396.75,4.32,4.28,20
2025-12-01,SKU047,Comedouro Smart,Pet,Site,85.23,20,37.56,354,18,15,0,348.54,4.16,3.04,15
2025-12-01,SKU047,Comedouro Smart,Pet,Aplicativo,88.57,0,37.88,282,13,15,0,159.82,4.21,3.1,23
2025-12-01,SKU047,Comedouro Smart,Pet,Marketplace,86.49,0,38.04,397,17,18,1,303.89,4.46,4.5,21
2025-12-01,SKU048,Kit Higiene,Pet,Site,139.32,10,59.57,710,23,24,2,390.55,4.36,3.22,34
2025-12-01,SKU048,Kit Higiene,Pet,Aplicativo,132.17,25,60.08,654,40,48,0,502.6,4.37,3.78,61
2025-12-01,SKU048,Kit Higiene,Pet,Marketplace,137.82,0,60.9,739,31,35,0,315.08,4.25,4.28,39
2025-12-08,SKU001,Fone Pulse,Áudio e vídeo,Site,356.65,0,200.22,350,17,17,1,456.93,4.88,2.72,19
2025-12-08,SKU001,Fone Pulse,Áudio e vídeo,Aplicativo,347.16,25,201.88,291,15,18,1,455.52,4.62,3.74,23
2025-12-08,SKU001,Fone Pulse,Áudio e vídeo,Marketplace,330.26,0,198.44,370,14,18,2,518.87,4.58,3.92,20
2025-12-08,SKU002,Caixa Wave,Áudio e vídeo,Site,278.64,25,159.86,442,15,16,1,319.14,4.96,3.98,46
2025-12-08,SKU002,Caixa Wave,Áudio e vídeo,Aplicativo,285.74,15,158.12,354,23,27,1,273.73,4.91,3.21,27
2025-12-08,SKU002,Caixa Wave,Áudio e vídeo,Marketplace,294.12,0,158.89,535,18,20,1,449.74,4.68,3.51,20
2025-12-08,SKU003,Webcam Focus,Áudio e vídeo,Site,409.89,10,232.04,287,6,7,2,186.48,3.85,3.97,13
2025-12-08,SKU003,Webcam Focus,Áudio e vídeo,Aplicativo,426.6,20,236.01,247,7,9,0,459.95,3.67,2.68,20
2025-12-08,SKU003,Webcam Focus,Áudio e vídeo,Marketplace,432.58,0,241.85,360,9,9,0,403.88,3.88,3.63,12
2025-12-08,SKU004,Microfone Voice,Áudio e vídeo,Site,329.2,20,188.29,195,10,12,2,402.44,4.98,3.23,17
2025-12-08,SKU004,Microfone Voice,Áudio e vídeo,Aplicativo,331.98,20,182.43,148,13,13,1,311.04,4.78,2.09,13
2025-12-08,SKU004,Microfone Voice,Áudio e vídeo,Marketplace,328.16,10,186.61,230,5,5,0,556.67,4.78,4.41,14
2025-12-08,SKU005,Soundbar One,Áudio e vídeo,Site,408.53,10,245.02,290,13,14,2,345.28,4.12,3.22,17
2025-12-08,SKU005,Soundbar One,Áudio e vídeo,Aplicativo,415.42,20,238.24,196,10,12,1,228.65,4.37,3.92,16
2025-12-08,SKU005,Soundbar One,Áudio e vídeo,Marketplace,415.28,5,239.83,330,14,15,0,219.23,4.0,4.8,15
2025-12-08,SKU006,Headset Play,Áudio e vídeo,Site,374.48,25,206.63,142,7,7,0,193.81,3.61,4.02,7
2025-12-08,SKU006,Headset Play,Áudio e vídeo,Aplicativo,347.58,5,211.34,138,5,5,0,252.01,3.63,3.13,8
2025-12-08,SKU006,Headset Play,Áudio e vídeo,Marketplace,365.13,5,213.21,203,2,3,0,374.59,3.79,3.34,9
2025-12-08,SKU007,Panela Chef,Casa e cozinha,Site,249.43,5,135.34,553,16,16,1,545.93,4.54,3.13,43
2025-12-08,SKU007,Panela Chef,Casa e cozinha,Aplicativo,259.13,10,129.1,407,23,25,3,248.37,4.42,2.46,44
2025-12-08,SKU007,Panela Chef,Casa e cozinha,Marketplace,256.11,10,135.47,572,21,24,0,383.77,4.65,4.3,40
2025-12-08,SKU008,Air Fryer Easy,Casa e cozinha,Site,309.76,10,156.31,226,11,13,1,290.58,4.84,2.55,17
2025-12-08,SKU008,Air Fryer Easy,Casa e cozinha,Aplicativo,301.3,20,159.03,192,11,12,1,313.1,4.78,2.65,20
2025-12-08,SKU008,Air Fryer Easy,Casa e cozinha,Marketplace,315.28,5,153.53,295,14,13,0,723.5,4.73,4.14,13
2025-12-08,SKU009,Jogo Mesa,Casa e cozinha,Site,193.73,5,104.55,269,16,14,2,244.71,4.14,3.69,14
2025-12-08,SKU009,Jogo Mesa,Casa e cozinha,Aplicativo,200.44,10,107.07,223,13,15,0,319.85,4.17,3.38,16
2025-12-08,SKU009,Jogo Mesa,Casa e cozinha,Marketplace,209.96,10,104.66,330,6,8,0,543.5,4.16,4.46,17
2025-12-08,SKU010,Luminária Aura,Casa e cozinha,Site,201.44,10,102.01,428,16,17,0,204.31,4.53,2.99,23
2025-12-08,SKU010,Luminária Aura,Casa e cozinha,Aplicativo,187.93,20,102.53,354,20,23,1,410.25,4.57,2.83,37
2025-12-08,SKU010,Luminária Aura,Casa e cozinha,Marketplace,198.56,25,104.46,518,25,30,1,752.35,4.62,4.18,44
2025-12-08,SKU011,Organizador Box,Casa e cozinha,Site,312.05,10,160.12,666,32,39,1,264.69,3.96,2.72,39
2025-12-08,SKU011,Organizador Box,Casa e cozinha,Aplicativo,305.65,5,160.13,696,30,36,2,434.06,3.88,2.04,48
2025-12-08,SKU011,Organizador Box,Casa e cozinha,Marketplace,307.88,5,157.9,865,17,20,2,451.69,3.84,4.81,36
2025-12-08,SKU012,Mixer Prático,Casa e cozinha,Site,238.42,0,123.2,226,7,7,0,384.3,3.75,3.39,11
2025-12-08,SKU012,Mixer Prático,Casa e cozinha,Aplicativo,235.59,0,126.77,162,6,5,0,349.64,3.83,3.78,5
2025-12-08,SKU012,Mixer Prático,Casa e cozinha,Marketplace,247.52,5,124.37,238,8,8,0,368.19,3.74,3.86,8
2025-12-08,SKU013,Tênis Run,Esporte,Site,198.41,10,97.46,300,15,16,1,508.06,3.82,3.14,16
2025-12-08,SKU013,Tênis Run,Esporte,Aplicativo,192.69,25,98.97,244,15,17,1,399.19,3.89,3.33,18
2025-12-08,SKU013,Tênis Run,Esporte,Marketplace,201.28,10,99.51,368,13,15,0,603.1,3.99,4.01,15
2025-12-08,SKU014,Mochila Trail,Esporte,Site,201.82,15,95.47,398,24,27,3,434.97,4.72,2.76,35
2025-12-08,SKU014,Mochila Trail,Esporte,Aplicativo,189.62,5,96.12,308,20,24,1,238.71,4.61,3.44,24
2025-12-08,SKU014,Mochila Trail,Esporte,Marketplace,199.01,20,95.15,486,19,23,0,384.3,4.64,4.95,26
2025-12-08,SKU015,Garrafa Move,Esporte,Site,171.01,5,89.53,152,8,9,0,368.39,4.8,2.38,15
2025-12-08,SKU015,Garrafa Move,Esporte,Aplicativo,177.23,5,90.02,155,9,9,0,520.36,4.69,1.47,12
2025-12-08,SKU015,Garrafa Move,Esporte,Marketplace,174.53,5,85.29,177,9,11,1,318.91,4.59,2.8,11
2025-12-08,SKU016,Tapete Zen,Esporte,Site,184.47,0,90.93,332,6,8,0,362.38,3.99,3.86,17
2025-12-08,SKU016,Tapete Zen,Esporte,Aplicativo,181.64,5,88.85,231,7,7,0,239.05,3.89,2.88,12
2025-12-08,SKU016,Tapete Zen,Esporte,Marketplace,191.54,5,89.57,419,9,9,1,623.46,3.71,3.87,16
2025-12-08,SKU017,Kit Funcional,Esporte,Site,164.58,25,78.35,455,28,30,1,354.24,3.8,3.13,30
2025-12-08,SKU017,Kit Funcional,Esporte,Aplicativo,148.1,5,76.21,353,20,21,0,228.13,3.59,3.43,23
2025-12-08,SKU017,Kit Funcional,Esporte,Marketplace,155.21,10,80.06,528,21,25,2,446.59,3.89,3.38,26
2025-12-08,SKU018,Relógio Fit,Esporte,Site,231.72,5,111.07,284,13,16,1,344.11,4.47,2.62,17
2025-12-08,SKU018,Relógio Fit,Esporte,Aplicativo,236.61,5,112.04,261,4,4,0,422.14,4.42,3.19,19
2025-12-08,SKU018,Relógio Fit,Esporte,Marketplace,219.55,15,110.78,386,19,19,1,660.13,4.47,4.31,19
2025-12-08,SKU019,Camiseta Urban,Moda,Site,177.38,10,79.91,208,13,16,1,567.24,4.35,2.74,16
2025-12-08,SKU019,Camiseta Urban,Moda,Aplicativo,185.28,20,78.72,144,12,12,1,395.08,4.5,2.64,15
2025-12-08,SKU019,Camiseta Urban,Moda,Marketplace,183.09,15,78.15,232,10,14,4,373.0,4.06,4.11,15
2025-12-08,SKU020,Calça Flex,Moda,Site,126.97,30,53.76,278,19,23,4,374.48,3.74,2.99,35
2025-12-08,SKU020,Calça Flex,Moda,Aplicativo,125.39,5,53.52,238,7,8,1,339.16,3.73,3.27,19
2025-12-08,SKU020,Calça Flex,Moda,Marketplace,128.41,10,52.83,309,10,10,0,350.32,3.71,4.22,13
2025-12-08,SKU021,Tênis Street,Moda,Site,151.3,0,66.74,247,3,4,0,399.86,4.32,3.16,15
2025-12-08,SKU021,Tênis Street,Moda,Aplicativo,148.74,0,64.55,228,6,6,0,486.99,4.37,2.97,19
2025-12-08,SKU021,Tênis Street,Moda,Marketplace,159.21,20,67.68,313,9,11,1,419.83,4.33,4.5,19
2025-12-08,SKU022,Jaqueta City,Moda,Site,168.27,15,68.99,367,17,21,4,330.6,4.14,2.92,35
2025-12-08,SKU022,Jaqueta City,Moda,Aplicativo,168.35,0,73.29,280,17,20,2,429.1,4.18,3.12,22
2025-12-08,SKU022,Jaqueta City,Moda,Marketplace,174.65,10,72.35,403,12,15,1,484.01,4.43,4.81,24
2025-12-08,SKU023,Bolsa Mini,Moda,Site,137.45,5,60.21,588,24,28,2,344.81,3.37,2.62,35
2025-12-08,SKU023,Bolsa Mini,Moda,Aplicativo,140.82,25,61.11,471,31,30,1,286.44,3.5,2.71,30
2025-12-08,SKU023,Bolsa Mini,Moda,Marketplace,132.41,5,60.87,631,16,20,2,290.75,3.48,3.65,28
2025-12-08,SKU024,Moletom Soft,Moda,Site,133.19,20,55.94,309,13,14,1,400.56,4.04,3.03,31
2025-12-08,SKU024,Moletom Soft,Moda,Aplicativo,133.73,10,57.37,260,10,11,2,354.19,4.08,3.39,20
2025-12-08,SKU024,Moletom Soft,Moda,Marketplace,136.23,0,56.04,402,15,17,1,552.04,3.98,4.16,21
2025-12-08,SKU025,Kit Skin,Beleza,Site,105.78,15,39.22,179,13,13,0,236.83,3.7,4.05,14
2025-12-08,SKU025,Kit Skin,Beleza,Aplicativo,101.89,0,40.06,189,10,9,0,367.66,3.64,3.51,9
2025-12-08,SKU025,Kit Skin,Beleza,Marketplace,102.58,25,39.55,208,3,4,0,467.88,3.69,4.51,14
2025-12-08,SKU026,Perfume Bloom,Beleza,Site,104.05,0,42.19,469,29,31,0,270.6,4.45,2.73,41
2025-12-08,SKU026,Perfume Bloom,Beleza,Aplicativo,105.85,5,42.29,406,17,17,0,460.38,4.45,2.65,43
2025-12-08,SKU026,Perfume Bloom,Beleza,Marketplace,107.06,30,41.97,658,31,33,1,863.8,4.44,4.7,41
2025-12-08,SKU027,Secador Air,Beleza,Site,140.49,30,54.99,313,16,19,0,466.57,4.41,3.56,40
2025-12-08,SKU027,Secador Air,Beleza,Aplicativo,139.66,0,55.38,223,10,12,0,239.89,4.31,3.19,18
2025-12-08,SKU027,Secador Air,Beleza,Marketplace,139.06,10,52.92,373,16,16,0,687.94,4.41,3.7,16
2025-12-08,SKU028,Protetor Daily,Beleza,Site,142.06,20,55.24,312,17,20,0,340.26,3.82,2.94,26
2025-12-08,SKU028,Protetor Daily,Beleza,Aplicativo,143.12,10,56.94,244,17,20,0,199.61,3.79,3.46,24
2025-12-08,SKU028,Protetor Daily,Beleza,Marketplace,142.19,0,55.94,417,9,9,0,572.44,3.67,3.77,12
2025-12-08,SKU029,Escova Glow,Beleza,Site,89.64,0,33.92,306,12,12,1,361.04,4.43,2.45,24
2025-12-08,SKU029,Escova Glow,Beleza,Aplicativo,94.34,10,35.62,241,11,11,1,237.0,4.71,2.55,26
2025-12-08,SKU029,Escova Glow,Beleza,Marketplace,94.06,5,36.9,357,8,9,0,394.14,4.49,4.18,27
2025-12-08,SKU030,Sérum Vita,Beleza,Site,97.96,15,37.84,445,24,26,0,325.83,4.33,4.06,33
2025-12-08,SKU030,Sérum Vita,Beleza,Aplicativo,97.56,15,37.43,405,25,29,3,493.45,4.16,3.77,32
2025-12-08,SKU030,Sérum Vita,Beleza,Marketplace,102.83,15,38.4,547,30,35,0,425.04,4.18,4.21,44
2025-12-08,SKU031,Teclado Type,Informática,Site,618.64,5,400.89,293,11,13,2,316.16,4.22,2.95,13
2025-12-08,SKU031,Teclado Type,Informática,Aplicativo,590.25,15,398.16,259,10,12,0,346.48,4.23,2.52,16
2025-12-08,SKU031,Teclado Type,Informática,Marketplace,621.81,0,383.51,371,10,11,1,394.6,4.08,2.93,11
2025-12-08,SKU032,Mouse Click,Informática,Site,501.17,5,320.56,224,1,1,0,340.4,4.35,3.92,8
2025-12-08,SKU032,Mouse Click,Informática,Aplicativo,482.91,0,322.1,185,4,5,0,335.47,4.31,3.29,8
2025-12-08,SKU032,Mouse Click,Informática,Marketplace,471.01,15,327.65,263,6,7,0,553.66,4.33,4.19,13
2025-12-08,SKU033,Monitor View,Informática,Site,414.49,5,282.51,102,1,1,0,361.84,3.79,4.26,4
2025-12-08,SKU033,Monitor View,Informática,Aplicativo,421.92,5,279.97,86,0,0,0,376.62,3.89,2.78,4
2025-12-08,SKU033,Monitor View,Informática,Marketplace,402.44,0,276.6,115,1,1,0,345.3,3.72,4.71,5
2025-12-08,SKU034,SSD Fast,Informática,Site,634.75,10,428.8,124,3,3,0,266.3,4.45,2.29,9
2025-12-08,SKU034,SSD Fast,Informática,Aplicativo,699.69,15,454.19,118,2,3,0,376.38,4.33,2.75,9
2025-12-08,SKU034,SSD Fast,Informática,Marketplace,682.97,10,429.43,160,10,7,0,295.81,4.36,3.91,7
2025-12-08,SKU035,Hub Connect,Informática,Site,671.41,15,451.98,195,6,7,0,273.33,4.62,2.84,13
2025-12-08,SKU035,Hub Connect,Informática,Aplicativo,676.64,5,454.88,167,9,6,0,298.26,4.74,3.27,6
2025-12-08,SKU035,Hub Connect,Informática,Marketplace,699.96,0,455.57,249,5,5,0,557.14,4.6,3.48,11
2025-12-08,SKU036,Notebook Go,Informática,Site,535.21,0,347.53,293,12,11,0,210.23,3.99,3.25,11
2025-12-08,SKU036,Notebook Go,Informática,Aplicativo,551.44,0,342.1,272,5,5,0,285.75,4.06,3.72,8
2025-12-08,SKU036,Notebook Go,Informática,Marketplace,535.01,5,349.39,454,7,8,0,439.34,3.89,4.13,15
2025-12-08,SKU037,Bloco Criar,Infantil,Site,160.03,5,74.29,175,7,8,0,398.05,3.94,3.55,8
2025-12-08,SKU037,Bloco Criar,Infantil,Aplicativo,157.6,0,77.43,137,3,3,0,376.92,4.17,2.76,6
2025-12-08,SKU037,Bloco Criar,Infantil,Marketplace,158.76,15,74.29,181,5,5,0,440.15,3.99,3.53,11
2025-12-08,SKU038,Livro Descobrir,Infantil,Site,114.95,20,54.64,102,8,9,0,393.93,3.97,3.18,10
2025-12-08,SKU038,Livro Descobrir,Infantil,Aplicativo,119.76,20,56.47,87,0,0,0,221.07,4.41,3.92,8
2025-12-08,SKU038,Livro Descobrir,Infantil,Marketplace,114.51,10,55.63,125,5,5,0,427.27,4.4,4.67,7
2025-12-08,SKU039,Jogo Família,Infantil,Site,152.44,15,72.31,181,9,9,0,257.51,4.52,3.2,19
2025-12-08,SKU039,Jogo Família,Infantil,Aplicativo,158.35,0,73.59,155,6,7,0,246.23,4.5,3.73,13
2025-12-08,SKU039,Jogo Família,Infantil,Marketplace,157.04,10,75.36,246,14,16,0,435.29,4.46,2.99,19
2025-12-08,SKU040,Mochila Kids,Infantil,Site,125.89,0,60.36,212,8,10,0,380.73,4.27,2.43,16
2025-12-08,SKU040,Mochila Kids,Infantil,Aplicativo,124.85,15,57.34,169,12,13,0,375.17,4.29,2.35,14
2025-12-08,SKU040,Mochila Kids,Infantil,Marketplace,121.23,10,58.5,229,11,12,0,461.09,4.47,4.41,15
2025-12-08,SKU041,Pelúcia Nuvem,Infantil,Site,141.46,10,64.91,619,22,24,4,442.7,3.45,3.38,38
2025-12-08,SKU041,Pelúcia Nuvem,Infantil,Aplicativo,132.25,0,63.01,447,20,24,2,184.48,3.73,2.81,33
2025-12-08,SKU041,Pelúcia Nuvem,Infantil,Marketplace,139.71,10,67.53,681,21,25,0,479.83,3.74,4.42,32
2025-12-08,SKU042,Patinete Joy,Infantil,Site,98.69,10,46.01,265,9,9,0,311.39,4.04,3.0,19
2025-12-08,SKU042,Patinete Joy,Infantil,Aplicativo,95.54,25,46.31,234,12,15,0,287.57,4.34,2.77,25
2025-12-08,SKU042,Patinete Joy,Infantil,Marketplace,97.14,15,45.51,372,18,12,0,727.12,4.24,3.44,12
2025-12-08,SKU043,Cama Cozy,Pet,Site,87.15,0,39.17,479,19,22,0,384.14,3.6,3.56,22
2025-12-08,SKU043,Cama Cozy,Pet,Aplicativo,91.07,10,39.15,356,16,18,0,245.58,3.63,2.97,30
2025-12-08,SKU043,Cama Cozy,Pet,Marketplace,85.91,10,38.38,549,13,16,1,454.75,3.59,4.9,24
2025-12-08,SKU044,Fonte Fresh,Pet,Site,88.32,10,40.12,172,6,6,0,414.74,4.71,3.14,12
2025-12-08,SKU044,Fonte Fresh,Pet,Aplicativo,93.58,15,38.6,139,13,15,0,282.59,4.81,3.17,17
2025-12-08,SKU044,Fonte Fresh,Pet,Marketplace,89.09,5,40.84,169,2,2,0,296.7,4.51,3.48,9
2025-12-08,SKU045,Brinquedo Fun,Pet,Site,103.97,10,44.27,256,21,10,0,521.74,4.16,2.71,10
2025-12-08,SKU045,Brinquedo Fun,Pet,Aplicativo,100.46,5,43.27,196,9,10,1,268.53,4.29,3.71,15
2025-12-08,SKU045,Brinquedo Fun,Pet,Marketplace,96.6,15,44.73,304,12,14,0,478.53,4.26,5.5,19
2025-12-08,SKU046,Coleira Safe,Pet,Site,144.17,5,60.52,272,9,11,0,318.4,4.1,2.42,11
2025-12-08,SKU046,Coleira Safe,Pet,Aplicativo,134.16,5,60.85,186,11,12,0,247.83,4.23,3.51,12
2025-12-08,SKU046,Coleira Safe,Pet,Marketplace,133.37,15,60.05,316,12,13,0,490.58,4.35,3.64,22
2025-12-08,SKU047,Comedouro Smart,Pet,Site,84.27,0,36.3,318,19,21,1,225.56,4.33,2.23,25
2025-12-08,SKU047,Comedouro Smart,Pet,Aplicativo,86.3,5,37.49,292,14,16,0,351.45,4.27,2.6,28
2025-12-08,SKU047,Comedouro Smart,Pet,Marketplace,84.33,0,37.11,421,14,14,0,357.06,4.12,3.37,24
2025-12-08,SKU048,Kit Higiene,Pet,Site,137.9,20,60.65,642,26,31,2,377.28,4.16,2.76,48
2025-12-08,SKU048,Kit Higiene,Pet,Aplicativo,135.13,20,62.68,543,38,44,0,254.45,4.28,2.92,46
2025-12-08,SKU048,Kit Higiene,Pet,Marketplace,137.17,5,59.48,786,32,37,0,381.48,4.25,3.48,45
2025-12-15,SKU001,Fone Pulse,Áudio e vídeo,Site,350.58,15,196.18,333,20,19,0,419.81,4.5,3.42,19
2025-12-15,SKU001,Fone Pulse,Áudio e vídeo,Aplicativo,363.68,25,188.47,271,25,27,5,366.86,4.95,3.53,27
2025-12-15,SKU001,Fone Pulse,Áudio e vídeo,Marketplace,348.93,10,196.64,389,18,20,3,550.64,4.57,4.01,22
2025-12-15,SKU002,Caixa Wave,Áudio e vídeo,Site,277.95,15,160.16,445,21,23,2,376.51,4.9,3.54,36
2025-12-15,SKU002,Caixa Wave,Áudio e vídeo,Aplicativo,265.99,10,156.45,352,20,26,4,241.2,5.0,2.92,38
2025-12-15,SKU002,Caixa Wave,Áudio e vídeo,Marketplace,272.31,15,157.9,497,21,23,2,342.69,4.69,4.17,26
2025-12-15,SKU003,Webcam Focus,Áudio e vídeo,Site,396.11,5,238.94,278,6,7,0,460.31,3.69,2.3,13
2025-12-15,SKU003,Webcam Focus,Áudio e vídeo,Aplicativo,417.61,15,233.3,208,7,8,0,193.74,3.72,2.48,17
2025-12-15,SKU003,Webcam Focus,Áudio e vídeo,Marketplace,403.61,20,238.74,349,12,15,1,557.01,3.67,3.69,18
2025-12-15,SKU004,Microfone Voice,Áudio e vídeo,Site,326.98,0,191.12,135,4,4,0,174.23,4.73,3.49,8
2025-12-15,SKU004,Microfone Voice,Áudio e vídeo,Aplicativo,332.94,10,187.37,135,7,8,0,207.45,4.87,3.33,11
2025-12-15,SKU004,Microfone Voice,Áudio e vídeo,Marketplace,336.79,10,188.12,189,3,3,0,304.48,4.8,3.31,11
2025-12-15,SKU005,Soundbar One,Áudio e vídeo,Site,422.97,10,235.07,299,15,16,1,586.24,4.05,2.66,16
2025-12-15,SKU005,Soundbar One,Áudio e vídeo,Aplicativo,432.96,5,240.22,235,9,10,1,229.69,4.0,3.55,13
2025-12-15,SKU005,Soundbar One,Áudio e vídeo,Marketplace,420.63,10,240.18,346,8,11,0,475.92,3.96,3.76,16
2025-12-15,SKU006,Headset Play,Áudio e vídeo,Site,375.26,10,214.24,177,5,6,1,333.43,3.66,2.83,8
2025-12-15,SKU006,Headset Play,Áudio e vídeo,Aplicativo,352.3,20,204.95,142,9,10,1,514.7,3.65,2.97,10
2025-12-15,SKU006,Headset Play,Áudio e vídeo,Marketplace,361.46,10,204.81,209,5,6,0,329.98,3.49,3.81,7
2025-12-15,SKU007,Panela Chef,Casa e cozinha,Site,251.34,0,139.29,574,37,40,2,379.34,4.44,1.77,47
2025-12-15,SKU007,Panela Chef,Casa e cozinha,Aplicativo,259.56,25,134.98,441,36,43,1,303.42,4.39,2.64,48
2025-12-15,SKU007,Panela Chef,Casa e cozinha,Marketplace,255.12,5,135.45,591,18,19,1,334.43,4.56,3.65,30
2025-12-15,SKU008,Air Fryer Easy,Casa e cozinha,Site,306.47,15,160.52,243,9,10,0,340.9,4.84,3.16,20
2025-12-15,SKU008,Air Fryer Easy,Casa e cozinha,Aplicativo,307.35,0,158.8,196,9,9,2,335.5,4.92,3.45,17
2025-12-15,SKU008,Air Fryer Easy,Casa e cozinha,Marketplace,305.5,0,161.21,261,9,10,0,374.53,4.74,4.63,13
2025-12-15,SKU009,Jogo Mesa,Casa e cozinha,Site,191.67,5,106.97,282,12,12,0,436.87,4.06,3.28,19
2025-12-15,SKU009,Jogo Mesa,Casa e cozinha,Aplicativo,198.72,0,105.29,245,12,12,0,388.12,4.14,3.01,17
2025-12-15,SKU009,Jogo Mesa,Casa e cozinha,Marketplace,196.6,20,105.72,311,15,15,0,482.53,4.24,4.63,15
2025-12-15,SKU010,Luminária Aura,Casa e cozinha,Site,196.92,5,101.87,405,15,17,1,287.76,4.5,2.75,32
2025-12-15,SKU010,Luminária Aura,Casa e cozinha,Aplicativo,196.26,10,101.77,347,23,22,2,341.76,4.29,3.38,22
2025-12-15,SKU010,Luminária Aura,Casa e cozinha,Marketplace,193.4,15,101.82,477,17,17,0,433.81,4.55,3.0,17
2025-12-15,SKU011,Organizador Box,Casa e cozinha,Site,305.58,10,157.79,876,27,29,2,649.36,4.09,3.19,64
2025-12-15,SKU011,Organizador Box,Casa e cozinha,Aplicativo,292.75,20,152.22,612,31,34,3,291.53,4.08,3.72,50
2025-12-15,SKU011,Organizador Box,Casa e cozinha,Marketplace,304.09,10,157.13,866,31,37,2,463.33,3.88,4.27,52
2025-12-15,SKU012,Mixer Prático,Casa e cozinha,Site,232.2,15,123.44,206,7,7,0,341.55,3.83,3.57,13
2025-12-15,SKU012,Mixer Prático,Casa e cozinha,Aplicativo,233.72,0,123.97,170,7,9,1,291.56,3.75,3.69,12
2025-12-15,SKU012,Mixer Prático,Casa e cozinha,Marketplace,234.48,10,121.93,220,5,5,1,518.67,3.72,4.34,10
2025-12-15,SKU013,Tênis Run,Esporte,Site,188.24,20,96.37,289,14,14,1,460.94,3.95,2.97,17
2025-12-15,SKU013,Tênis Run,Esporte,Aplicativo,194.33,5,95.03,191,6,9,2,256.77,3.84,2.06,14
2025-12-15,SKU013,Tênis Run,Esporte,Marketplace,200.2,0,97.32,333,7,10,0,608.75,3.81,4.65,12
2025-12-15,SKU014,Mochila Trail,Esporte,Site,191.54,10,96.19,423,18,22,1,593.8,4.74,4.11,31
2025-12-15,SKU014,Mochila Trail,Esporte,Aplicativo,195.38,5,94.26,336,14,18,0,361.83,4.61,3.06,24
2025-12-15,SKU014,Mochila Trail,Esporte,Marketplace,191.4,15,94.43,447,29,33,0,695.45,4.58,3.52,33
2025-12-15,SKU015,Garrafa Move,Esporte,Site,175.89,20,88.61,142,7,8,0,347.51,4.69,3.8,13
2025-12-15,SKU015,Garrafa Move,Esporte,Aplicativo,191.08,25,87.47,138,11,12,0,363.61,4.65,2.81,12
2025-12-15,SKU015,Garrafa Move,Esporte,Marketplace,179.19,15,86.69,187,7,9,1,380.79,4.55,4.48,11
2025-12-15,SKU016,Tapete Zen,Esporte,Site,182.18,25,89.52,357,21,23,1,549.05,4.11,2.53,37
2025-12-15,SKU016,Tapete Zen,Esporte,Aplicativo,187.49,10,88.11,233,6,9,1,236.98,3.67,3.0,14
2025-12-15,SKU016,Tapete Zen,Esporte,Marketplace,188.73,15,92.83,450,12,11,0,484.06,3.85,3.62,11
2025-12-15,SKU017,Kit Funcional,Esporte,Site,157.46,0,78.2,443,15,11,1,412.24,3.87,3.27,11
2025-12-15,SKU017,Kit Funcional,Esporte,Aplicativo,167.39,25,78.45,399,25,28,3,357.48,3.79,2.4,28
2025-12-15,SKU017,Kit Funcional,Esporte,Marketplace,161.59,10,76.34,508,5,6,0,381.33,4.02,3.27,28
2025-12-15,SKU018,Relógio Fit,Esporte,Site,233.2,15,113.35,293,9,11,0,187.97,4.31,3.09,24
2025-12-15,SKU018,Relógio Fit,Esporte,Aplicativo,222.57,5,111.14,242,13,14,2,378.17,4.36,2.35,14
2025-12-15,SKU018,Relógio Fit,Esporte,Marketplace,231.37,0,108.04,332,4,5,0,328.6,4.37,4.19,16
2025-12-15,SKU019,Camiseta Urban,Moda,Site,178.11,25,80.09,211,15,16,2,636.1,4.05,3.1,26
2025-12-15,SKU019,Camiseta Urban,Moda,Aplicativo,182.8,10,78.17,151,8,8,1,256.76,4.23,2.78,15
2025-12-15,SKU019,Camiseta Urban,Moda,Marketplace,183.34,15,79.37,223,8,10,0,416.83,4.08,4.59,15
2025-12-15,SKU020,Calça Flex,Moda,Site,125.68,0,52.72,253,7,8,2,202.79,3.68,3.83,11
2025-12-15,SKU020,Calça Flex,Moda,Aplicativo,123.94,10,52.77,249,17,19,0,359.1,3.65,2.83,19
2025-12-15,SKU020,Calça Flex,Moda,Marketplace,124.16,20,53.44,339,11,15,1,409.3,3.64,3.95,28
2025-12-15,SKU021,Tênis Street,Moda,Site,153.55,10,66.88,259,19,21,3,329.72,4.28,3.37,21
2025-12-15,SKU021,Tênis Street,Moda,Aplicativo,155.82,15,66.58,222,17,19,1,435.28,4.24,2.36,27
2025-12-15,SKU021,Tênis Street,Moda,Marketplace,160.77,0,66.55,328,6,7,1,675.83,4.39,4.04,15
2025-12-15,SKU022,Jaqueta City,Moda,Site,179.21,15,75.75,370,17,23,3,458.5,4.4,3.34,28
2025-12-15,SKU022,Jaqueta City,Moda,Aplicativo,168.92,5,71.53,270,14,16,3,263.72,4.21,2.02,29
2025-12-15,SKU022,Jaqueta City,Moda,Marketplace,160.16,20,72.53,422,27,29,2,561.37,4.39,4.75,39
2025-12-15,SKU023,Bolsa Mini,Moda,Site,134.14,10,60.94,542,14,15,2,235.76,3.69,3.06,33
2025-12-15,SKU023,Bolsa Mini,Moda,Aplicativo,131.97,0,58.61,471,6,7,0,242.54,3.63,2.69,38
2025-12-15,SKU023,Bolsa Mini,Moda,Marketplace,141.42,0,61.89,719,19,20,2,446.72,3.56,4.01,33
2025-12-15,SKU024,Moletom Soft,Moda,Site,130.93,15,57.22,314,16,19,1,285.32,4.16,3.72,25
2025-12-15,SKU024,Moletom Soft,Moda,Aplicativo,136.2,5,56.0,264,14,14,3,323.5,4.28,3.73,17
2025-12-15,SKU024,Moletom Soft,Moda,Marketplace,130.07,0,55.39,353,6,7,1,334.67,4.23,3.67,22
2025-12-15,SKU025,Kit Skin,Beleza,Site,100.77,15,40.2,185,7,8,0,263.82,3.79,3.41,12
2025-12-15,SKU025,Kit Skin,Beleza,Aplicativo,99.4,5,40.3,149,7,7,0,282.56,3.63,1.69,12
2025-12-15,SKU025,Kit Skin,Beleza,Marketplace,102.91,15,39.93,203,9,10,0,233.48,3.69,4.08,15
2025-12-15,SKU026,Perfume Bloom,Beleza,Site,109.74,20,42.47,548,23,25,2,678.94,4.35,3.37,36
2025-12-15,SKU026,Perfume Bloom,Beleza,Aplicativo,106.87,15,41.74,425,41,47,2,399.94,4.56,2.63,58
2025-12-15,SKU026,Perfume Bloom,Beleza,Marketplace,105.25,25,42.68,584,32,32,0,558.42,4.53,4.24,60
2025-12-15,SKU027,Secador Air,Beleza,Site,134.55,10,55.92,289,13,13,1,473.54,4.42,3.59,27
2025-12-15,SKU027,Secador Air,Beleza,Aplicativo,144.56,20,55.14,267,18,21,1,337.61,4.36,2.69,23
2025-12-15,SKU027,Secador Air,Beleza,Marketplace,142.67,15,54.37,345,9,9,0,591.87,4.44,5.07,11
2025-12-15,SKU028,Protetor Daily,Beleza,Site,144.13,10,54.71,292,15,16,0,325.65,3.81,2.73,21
2025-12-15,SKU028,Protetor Daily,Beleza,Aplicativo,136.23,5,55.06,328,15,17,0,637.2,3.68,3.04,23
2025-12-15,SKU028,Protetor Daily,Beleza,Marketplace,144.47,5,56.57,383,9,9,0,489.77,3.89,4.75,21
2025-12-15,SKU029,Escova Glow,Beleza,Site,92.4,20,36.36,286,20,24,0,334.33,4.51,3.62,24
2025-12-15,SKU029,Escova Glow,Beleza,Aplicativo,89.68,0,35.35,234,10,11,0,182.8,4.51,3.12,22
2025-12-15,SKU029,Escova Glow,Beleza,Marketplace,96.59,15,36.99,401,16,19,0,415.34,4.59,4.17,37
2025-12-15,SKU030,Sérum Vita,Beleza,Site,99.28,20,36.54,443,25,22,0,299.99,4.24,4.3,22
2025-12-15,SKU030,Sérum Vita,Beleza,Aplicativo,99.0,10,38.02,411,20,23,1,306.11,4.17,3.8,35
2025-12-15,SKU030,Sérum Vita,Beleza,Marketplace,99.96,10,39.18,542,25,31,0,345.33,4.18,3.89,37
2025-12-15,SKU031,Teclado Type,Informática,Site,587.16,0,389.65,303,9,9,0,317.64,4.23,2.72,10
2025-12-15,SKU031,Teclado Type,Informática,Aplicativo,632.43,0,394.76,230,5,6,0,205.43,4.16,2.84,9
2025-12-15,SKU031,Teclado Type,Informática,Marketplace,612.07,5,395.95,343,7,7,0,488.66,4.13,3.2,14
2025-12-15,SKU032,Mouse Click,Informática,Site,477.64,15,323.12,204,7,8,2,303.19,4.48,3.4,12
2025-12-15,SKU032,Mouse Click,Informática,Aplicativo,501.82,15,326.27,180,1,1,0,192.47,4.17,2.46,10
2025-12-15,SKU032,Mouse Click,Informática,Marketplace,483.46,5,323.82,241,5,6,0,323.93,4.19,3.49,6
2025-12-15,SKU033,Monitor View,Informática,Site,431.63,5,283.2,105,4,4,0,270.5,3.42,2.51,4
2025-12-15,SKU033,Monitor View,Informática,Aplicativo,435.92,15,274.05,83,3,3,0,347.91,3.87,2.44,5
2025-12-15,SKU033,Monitor View,Informática,Marketplace,407.92,15,275.52,111,1,1,0,500.28,3.85,3.73,5
2025-12-15,SKU034,SSD Fast,Informática,Site,668.66,5,432.64,149,4,5,0,287.32,4.58,2.95,7
2025-12-15,SKU034,SSD Fast,Informática,Aplicativo,674.45,20,438.17,121,4,4,0,254.29,4.61,3.13,9
2025-12-15,SKU034,SSD Fast,Informática,Marketplace,645.51,0,437.43,146,5,5,0,420.43,4.48,3.48,5
2025-12-15,SKU035,Hub Connect,Informática,Site,710.07,5,456.45,229,5,5,0,540.56,4.52,3.6,11
2025-12-15,SKU035,Hub Connect,Informática,Aplicativo,723.08,20,448.48,146,10,12,0,308.63,4.58,2.62,12
2025-12-15,SKU035,Hub Connect,Informática,Marketplace,675.93,15,445.8,255,10,12,0,485.41,4.72,3.4,12
2025-12-15,SKU036,Notebook Go,Informática,Site,521.41,15,350.84,387,14,15,1,541.69,3.79,2.63,18
2025-12-15,SKU036,Notebook Go,Informática,Aplicativo,531.68,15,347.25,292,9,10,1,393.23,3.72,3.03,16
2025-12-15,SKU036,Notebook Go,Informática,Marketplace,530.61,0,349.22,459,6,6,0,816.61,3.73,4.7,12
2025-12-15,SKU037,Bloco Criar,Infantil,Site,154.07,0,76.33,144,7,9,2,255.47,4.24,2.91,11
2025-12-15,SKU037,Bloco Criar,Infantil,Aplicativo,160.83,5,74.62,154,13,14,1,342.21,4.13,1.83,15
2025-12-15,SKU037,Bloco Criar,Infantil,Marketplace,157.87,30,76.96,189,11,13,1,558.37,4.18,3.88,20
2025-12-15,SKU038,Livro Descobrir,Infantil,Site,120.19,20,55.15,100,4,4,0,550.95,4.4,3.42,9
2025-12-15,SKU038,Livro Descobrir,Infantil,Aplicativo,115.56,0,55.25,72,6,5,0,153.28,4.47,2.94,5
2025-12-15,SKU038,Livro Descobrir,Infantil,Marketplace,116.95,10,56.23,106,2,2,0,327.45,4.3,4.52,5
2025-12-15,SKU039,Jogo Família,Infantil,Site,150.24,0,74.04,182,8,9,1,174.58,4.76,2.86,12
2025-12-15,SKU039,Jogo Família,Infantil,Aplicativo,156.17,15,73.88,174,7,7,0,263.56,4.35,2.75,17
2025-12-15,SKU039,Jogo Família,Infantil,Marketplace,154.58,5,74.6,211,6,8,0,411.97,4.53,4.68,12
2025-12-15,SKU040,Mochila Kids,Infantil,Site,124.52,10,58.97,195,11,15,0,407.37,4.52,2.56,19
2025-12-15,SKU040,Mochila Kids,Infantil,Aplicativo,126.33,0,60.47,146,8,10,0,284.71,4.39,2.71,12
2025-12-15,SKU040,Mochila Kids,Infantil,Marketplace,127.5,15,57.66,249,6,7,1,450.35,4.41,3.58,16
2025-12-15,SKU041,Pelúcia Nuvem,Infantil,Site,144.21,10,67.15,540,17,21,0,287.11,3.6,4.15,23
2025-12-15,SKU041,Pelúcia Nuvem,Infantil,Aplicativo,144.07,0,65.69,457,24,23,2,440.17,3.66,2.41,23
2025-12-15,SKU041,Pelúcia Nuvem,Infantil,Marketplace,138.11,5,65.72,646,29,24,2,279.06,3.57,3.63,24
2025-12-15,SKU042,Patinete Joy,Infantil,Site,103.21,0,46.77,288,10,15,0,329.23,4.41,3.41,19
2025-12-15,SKU042,Patinete Joy,Infantil,Aplicativo,99.33,10,46.43,214,12,13,2,225.21,4.36,2.77,23
2025-12-15,SKU042,Patinete Joy,Infantil,Marketplace,96.82,10,44.68,326,6,7,0,341.88,4.24,3.89,18
2025-12-15,SKU043,Cama Cozy,Pet,Site,87.68,10,38.93,483,23,22,0,444.08,3.54,3.85,22
2025-12-15,SKU043,Cama Cozy,Pet,Aplicativo,90.82,10,38.96,395,21,22,0,273.57,3.63,2.01,29
2025-12-15,SKU043,Cama Cozy,Pet,Marketplace,85.12,30,38.77,523,27,31,2,396.29,3.78,3.95,38
2025-12-15,SKU044,Fonte Fresh,Pet,Site,86.27,5,38.96,187,9,10,0,574.39,4.86,3.75,13
2025-12-15,SKU044,Fonte Fresh,Pet,Aplicativo,91.57,5,40.18,130,9,10,0,403.4,4.9,3.11,15
2025-12-15,SKU044,Fonte Fresh,Pet,Marketplace,86.82,0,40.14,189,12,12,1,420.66,4.81,4.45,12
2025-12-15,SKU045,Brinquedo Fun,Pet,Site,101.55,20,44.82,266,15,17,0,380.42,4.34,3.88,22
2025-12-15,SKU045,Brinquedo Fun,Pet,Aplicativo,100.91,5,44.01,197,13,15,0,442.41,4.3,3.14,15
2025-12-15,SKU045,Brinquedo Fun,Pet,Marketplace,101.41,25,45.64,291,8,9,0,456.76,4.4,4.49,25
2025-12-15,SKU046,Coleira Safe,Pet,Site,142.54,10,60.67,253,13,14,0,289.95,4.27,3.19,21
2025-12-15,SKU046,Coleira Safe,Pet,Aplicativo,139.75,20,60.34,231,9,10,2,303.19,4.04,2.88,20
2025-12-15,SKU046,Coleira Safe,Pet,Marketplace,139.13,20,60.0,320,14,15,0,468.64,4.14,3.28,27
2025-12-15,SKU047,Comedouro Smart,Pet,Site,84.47,20,37.35,366,18,22,1,251.55,4.25,3.69,28
2025-12-15,SKU047,Comedouro Smart,Pet,Aplicativo,84.12,15,36.58,291,12,15,0,311.07,4.23,2.53,28
2025-12-15,SKU047,Comedouro Smart,Pet,Marketplace,86.36,10,36.94,446,18,20,0,560.43,4.26,4.3,32
2025-12-15,SKU048,Kit Higiene,Pet,Site,134.71,15,60.65,636,32,35,0,459.38,4.47,3.84,58
2025-12-15,SKU048,Kit Higiene,Pet,Aplicativo,136.95,0,60.21,614,23,27,0,456.18,4.32,3.85,44
2025-12-15,SKU048,Kit Higiene,Pet,Marketplace,142.11,20,59.4,788,36,39,2,410.76,4.24,3.86,65
2025-12-22,SKU001,Fone Pulse,Áudio e vídeo,Site,350.33,5,196.43,308,10,11,0,365.96,4.68,2.48,14
2025-12-22,SKU001,Fone Pulse,Áudio e vídeo,Aplicativo,359.35,20,199.07,259,17,20,1,359.95,4.68,3.6,20
2025-12-22,SKU001,Fone Pulse,Áudio e vídeo,Marketplace,339.76,10,195.27,366,8,9,1,384.39,4.66,3.47,22
2025-12-22,SKU002,Caixa Wave,Áudio e vídeo,Site,272.64,0,158.29,482,15,18,1,399.64,4.86,2.78,29
2025-12-22,SKU002,Caixa Wave,Áudio e vídeo,Aplicativo,272.95,15,158.24,415,24,29,1,408.52,4.98,3.63,29
2025-12-22,SKU002,Caixa Wave,Áudio e vídeo,Marketplace,280.29,10,158.48,497,23,26,0,273.44,4.91,3.52,29
2025-12-22,SKU003,Webcam Focus,Áudio e vídeo,Site,416.7,0,236.69,298,12,10,1,197.95,3.91,3.46,10
2025-12-22,SKU003,Webcam Focus,Áudio e vídeo,Aplicativo,422.01,0,233.27,250,11,11,0,467.49,3.82,2.8,16
2025-12-22,SKU003,Webcam Focus,Áudio e vídeo,Marketplace,413.54,15,235.52,358,16,20,1,638.86,3.77,4.12,20
2025-12-22,SKU004,Microfone Voice,Áudio e vídeo,Site,317.27,20,188.34,175,18,20,3,253.7,4.86,2.05,21
2025-12-22,SKU004,Microfone Voice,Áudio e vídeo,Aplicativo,316.94,5,188.44,155,10,10,1,407.01,4.78,2.58,16
2025-12-22,SKU004,Microfone Voice,Áudio e vídeo,Marketplace,331.35,25,191.4,225,5,5,0,529.94,4.79,4.33,13
2025-12-22,SKU005,Soundbar One,Áudio e vídeo,Site,425.68,10,234.39,272,8,8,0,285.47,4.09,3.11,18
2025-12-22,SKU005,Soundbar One,Áudio e vídeo,Aplicativo,415.84,5,240.64,234,8,9,0,311.17,4.12,1.85,14
2025-12-22,SKU005,Soundbar One,Áudio e vídeo,Marketplace,418.61,5,244.87,375,7,8,0,553.14,4.11,3.8,19
2025-12-22,SKU006,Headset Play,Áudio e vídeo,Site,366.33,20,212.14,208,9,7,1,425.81,3.6,2.54,7
2025-12-22,SKU006,Headset Play,Áudio e vídeo,Aplicativo,370.42,15,207.28,122,3,4,1,216.6,3.7,3.05,8
2025-12-22,SKU006,Headset Play,Áudio e vídeo,Marketplace,365.72,15,215.82,197,4,4,0,491.49,3.47,4.38,7
2025-12-22,SKU007,Panela Chef,Casa e cozinha,Site,259.59,20,133.97,536,21,24,0,347.08,4.54,3.6,38
2025-12-22,SKU007,Panela Chef,Casa e cozinha,Aplicativo,274.13,15,133.84,477,27,33,0,381.26,4.56,4.39,37
2025-12-22,SKU007,Panela Chef,Casa e cozinha,Marketplace,251.63,0,137.66,623,24,27,1,416.74,4.54,3.04,41
2025-12-22,SKU008,Air Fryer Easy,Casa e cozinha,Site,302.77,15,158.87,232,17,18,0,272.93,4.82,2.4,27
2025-12-22,SKU008,Air Fryer Easy,Casa e cozinha,Aplicativo,316.32,10,152.41,193,8,10,1,359.52,4.9,2.97,18
2025-12-22,SKU008,Air Fryer Easy,Casa e cozinha,Marketplace,317.22,10,157.47,302,10,10,0,654.39,4.76,4.38,19
2025-12-22,SKU009,Jogo Mesa,Casa e cozinha,Site,197.67,20,105.29,233,12,13,0,236.84,4.31,2.85,18
2025-12-22,SKU009,Jogo Mesa,Casa e cozinha,Aplicativo,198.4,5,105.95,252,14,16,0,334.61,4.25,2.84,20
2025-12-22,SKU009,Jogo Mesa,Casa e cozinha,Marketplace,193.14,10,104.1,301,8,10,2,344.48,4.2,3.89,15
2025-12-22,SKU010,Luminária Aura,Casa e cozinha,Site,193.19,15,100.67,435,25,27,1,549.79,4.68,3.36,39
2025-12-22,SKU010,Luminária Aura,Casa e cozinha,Aplicativo,192.85,15,102.06,304,14,18,0,162.5,4.26,2.63,21
2025-12-22,SKU010,Luminária Aura,Casa e cozinha,Marketplace,195.46,0,101.0,487,20,22,4,533.3,4.45,3.6,26
2025-12-22,SKU011,Organizador Box,Casa e cozinha,Site,306.64,25,158.74,737,44,51,1,375.59,3.94,4.1,57
2025-12-22,SKU011,Organizador Box,Casa e cozinha,Aplicativo,301.03,0,157.0,558,17,19,0,164.55,4.07,2.73,35
2025-12-22,SKU011,Organizador Box,Casa e cozinha,Marketplace,316.03,25,156.24,878,32,35,0,499.8,3.78,4.05,55
2025-12-22,SKU012,Mixer Prático,Casa e cozinha,Site,245.0,0,123.51,185,6,6,2,311.24,3.62,2.84,8
2025-12-22,SKU012,Mixer Prático,Casa e cozinha,Aplicativo,235.79,20,124.41,205,11,13,1,460.42,4.0,2.6,18
2025-12-22,SKU012,Mixer Prático,Casa e cozinha,Marketplace,239.31,0,122.47,283,4,5,0,550.72,3.83,3.35,14
2025-12-22,SKU013,Tênis Run,Esporte,Site,192.79,0,93.94,262,3,4,1,221.2,3.67,3.0,13
2025-12-22,SKU013,Tênis Run,Esporte,Aplicativo,197.97,5,94.03,252,7,7,0,468.56,3.71,3.82,11
2025-12-22,SKU013,Tênis Run,Esporte,Marketplace,192.51,10,98.47,298,15,14,0,220.27,3.62,4.8,14
2025-12-22,SKU014,Mochila Trail,Esporte,Site,194.02,10,95.2,398,19,18,0,278.13,4.69,3.18,18
2025-12-22,SKU014,Mochila Trail,Esporte,Aplicativo,199.33,20,96.44,350,18,21,2,252.73,4.72,3.4,32
2025-12-22,SKU014,Mochila Trail,Esporte,Marketplace,195.35,0,93.67,489,11,12,1,607.33,4.35,4.02,18
2025-12-22,SKU015,Garrafa Move,Esporte,Site,174.91,10,86.04,172,7,8,0,525.61,4.71,3.31,12
2025-12-22,SKU015,Garrafa Move,Esporte,Aplicativo,183.18,0,85.64,142,3,6,1,249.8,4.7,3.37,9
2025-12-22,SKU015,Garrafa Move,Esporte,Marketplace,174.73,25,90.37,207,10,11,0,544.03,4.72,3.65,16
2025-12-22,SKU016,Tapete Zen,Esporte,Site,189.37,20,92.27,321,11,12,1,402.35,4.06,4.17,17
2025-12-22,SKU016,Tapete Zen,Esporte,Aplicativo,184.31,20,92.29,266,17,17,1,195.38,3.86,2.89,22
2025-12-22,SKU016,Tapete Zen,Esporte,Marketplace,183.58,10,91.7,367,15,16,0,573.08,4.03,4.26,20
2025-12-22,SKU017,Kit Funcional,Esporte,Site,172.73,10,77.24,480,18,20,1,474.01,4.03,2.29,26
2025-12-22,SKU017,Kit Funcional,Esporte,Aplicativo,156.25,0,78.51,370,14,16,2,263.83,3.98,2.67,21
2025-12-22,SKU017,Kit Funcional,Esporte,Marketplace,164.51,0,78.79,481,11,14,2,338.37,3.91,4.37,16
2025-12-22,SKU018,Relógio Fit,Esporte,Site,244.7,10,115.49,264,3,3,0,207.73,4.4,2.59,14
2025-12-22,SKU018,Relógio Fit,Esporte,Aplicativo,228.63,15,114.1,256,8,10,0,285.49,4.47,3.18,22
2025-12-22,SKU018,Relógio Fit,Esporte,Marketplace,222.94,15,112.33,349,11,11,0,435.5,4.29,4.45,17
2025-12-22,SKU019,Camiseta Urban,Moda,Site,175.77,0,79.1,218,7,10,3,680.18,4.27,3.92,15
2025-12-22,SKU019,Camiseta Urban,Moda,Aplicativo,178.35,15,79.1,168,11,13,1,286.09,4.28,2.9,15
2025-12-22,SKU019,Camiseta Urban,Moda,Marketplace,183.69,15,78.4,242,12,15,1,762.47,4.37,4.2,20
2025-12-22,SKU020,Calça Flex,Moda,Site,127.42,15,52.53,316,19,21,0,533.95,3.61,3.39,24
2025-12-22,SKU020,Calça Flex,Moda,Aplicativo,126.9,15,53.58,226,13,14,2,307.18,3.82,3.21,19
2025-12-22,SKU020,Calça Flex,Moda,Marketplace,130.95,25,55.11,361,17,19,1,416.02,3.76,4.13,26
2025-12-22,SKU021,Tênis Street,Moda,Site,149.4,15,67.1,204,9,9,1,200.63,4.3,3.33,19
2025-12-22,SKU021,Tênis Street,Moda,Aplicativo,150.07,20,67.94,234,19,20,4,562.71,4.28,3.55,21
2025-12-22,SKU021,Tênis Street,Moda,Marketplace,154.22,0,66.95,325,7,7,1,500.99,4.27,4.12,16
2025-12-22,SKU022,Jaqueta City,Moda,Site,162.91,0,74.73,361,18,20,2,406.12,4.2,3.0,22
2025-12-22,SKU022,Jaqueta City,Moda,Aplicativo,168.71,0,73.74,243,10,14,4,248.58,4.14,2.01,17
2025-12-22,SKU022,Jaqueta City,Moda,Marketplace,162.72,25,72.2,410,28,33,6,480.13,4.48,4.2,33
2025-12-22,SKU023,Bolsa Mini,Moda,Site,137.08,0,60.79,620,17,18,5,401.75,3.62,3.15,35
2025-12-22,SKU023,Bolsa Mini,Moda,Aplicativo,147.88,25,61.62,501,38,48,5,225.62,3.73,2.68,50
2025-12-22,SKU023,Bolsa Mini,Moda,Marketplace,144.34,0,62.1,619,14,16,1,321.88,3.52,4.3,22
2025-12-22,SKU024,Moletom Soft,Moda,Site,130.02,15,56.98,356,11,13,1,505.0,3.97,4.52,22
2025-12-22,SKU024,Moletom Soft,Moda,Aplicativo,130.26,0,56.52,279,16,11,1,383.77,3.97,2.86,11
2025-12-22,SKU024,Moletom Soft,Moda,Marketplace,129.79,10,57.12,361,19,20,1,313.3,4.15,4.3,20
2025-12-22,SKU025,Kit Skin,Beleza,Site,102.93,30,39.21,201,8,8,0,343.8,3.47,3.34,14
2025-12-22,SKU025,Kit Skin,Beleza,Aplicativo,100.42,10,38.77,149,6,7,0,324.6,3.56,2.36,11
2025-12-22,SKU025,Kit Skin,Beleza,Marketplace,109.14,20,39.55,237,6,6,0,722.65,3.56,3.69,15
2025-12-22,SKU026,Perfume Bloom,Beleza,Site,109.49,10,41.02,410,16,23,0,338.35,4.66,3.88,35
2025-12-22,SKU026,Perfume Bloom,Beleza,Aplicativo,107.69,15,41.74,364,28,34,0,165.06,4.48,2.61,35
2025-12-22,SKU026,Perfume Bloom,Beleza,Marketplace,107.99,20,41.98,594,28,33,0,392.3,4.47,3.78,56
2025-12-22,SKU027,Secador Air,Beleza,Site,137.98,0,53.86,285,10,11,1,342.94,4.62,3.48,18
2025-12-22,SKU027,Secador Air,Beleza,Aplicativo,135.91,10,54.46,259,9,11,0,428.1,4.41,3.31,22
2025-12-22,SKU027,Secador Air,Beleza,Marketplace,141.01,0,55.4,331,13,15,0,416.78,4.46,4.58,24
2025-12-22,SKU028,Protetor Daily,Beleza,Site,136.3,15,55.41,293,19,22,1,412.75,3.64,2.7,25
2025-12-22,SKU028,Protetor Daily,Beleza,Aplicativo,138.48,10,52.08,319,17,21,1,445.34,3.71,1.96,23
2025-12-22,SKU028,Protetor Daily,Beleza,Marketplace,140.84,10,57.0,415,22,25,1,497.16,3.84,3.76,28
2025-12-22,SKU029,Escova Glow,Beleza,Site,92.92,10,36.99,280,17,20,0,359.05,4.57,4.53,23
2025-12-22,SKU029,Escova Glow,Beleza,Aplicativo,94.87,10,37.05,223,20,22,0,287.81,4.73,3.13,24
2025-12-22,SKU029,Escova Glow,Beleza,Marketplace,91.36,0,37.2,360,24,29,1,610.63,4.59,3.83,29
2025-12-22,SKU030,Sérum Vita,Beleza,Site,95.62,5,37.98,458,27,29,1,336.93,4.17,3.28,31
2025-12-22,SKU030,Sérum Vita,Beleza,Aplicativo,94.12,5,38.18,364,19,20,0,239.61,4.14,2.38,29
2025-12-22,SKU030,Sérum Vita,Beleza,Marketplace,96.43,15,38.0,569,34,38,1,459.52,4.26,3.44,43
2025-12-22,SKU031,Teclado Type,Informática,Site,628.8,10,394.18,293,7,8,0,297.02,4.18,3.02,13
2025-12-22,SKU031,Teclado Type,Informática,Aplicativo,632.02,15,398.34,239,7,8,0,282.82,4.03,2.37,15
2025-12-22,SKU031,Teclado Type,Informática,Marketplace,620.68,10,402.49,381,9,11,1,448.95,4.12,4.27,13
2025-12-22,SKU032,Mouse Click,Informática,Site,505.58,20,321.96,193,6,7,0,297.33,4.32,3.87,10
2025-12-22,SKU032,Mouse Click,Informática,Aplicativo,488.37,10,317.13,192,11,11,0,370.46,4.28,2.67,11
2025-12-22,SKU032,Mouse Click,Informática,Marketplace,495.91,15,332.77,262,10,12,0,435.14,4.43,3.06,13
2025-12-22,SKU033,Monitor View,Informática,Site,417.02,0,277.54,103,3,3,0,342.31,3.87,2.95,4
2025-12-22,SKU033,Monitor View,Informática,Aplicativo,430.98,10,284.18,86,4,4,0,275.52,3.76,2.64,4
2025-12-22,SKU033,Monitor View,Informática,Marketplace,423.5,10,278.76,112,2,3,0,449.5,3.62,4.13,3
2025-12-22,SKU034,SSD Fast,Informática,Site,665.69,5,454.81,137,3,3,1,340.62,4.5,3.03,6
2025-12-22,SKU034,SSD Fast,Informática,Aplicativo,641.42,25,441.7,116,11,10,0,186.03,4.53,1.82,10
2025-12-22,SKU034,SSD Fast,Informática,Marketplace,658.58,30,429.73,169,6,6,1,480.07,4.36,4.12,10
2025-12-22,SKU035,Hub Connect,Informática,Site,711.77,5,452.63,192,5,6,1,396.22,4.62,4.53,7
2025-12-22,SKU035,Hub Connect,Informática,Aplicativo,708.12,5,462.36,169,8,7,0,329.3,4.56,4.18,7
2025-12-22,SKU035,Hub Connect,Informática,Marketplace,681.02,5,451.73,234,8,8,0,430.4,4.58,3.87,9
2025-12-22,SKU036,Notebook Go,Informática,Site,509.6,0,359.28,329,5,6,0,249.46,4.03,3.23,11
2025-12-22,SKU036,Notebook Go,Informática,Aplicativo,549.48,10,352.65,300,13,13,0,414.55,3.98,4.07,13
2025-12-22,SKU036,Notebook Go,Informática,Marketplace,523.35,10,357.26,442,14,14,2,488.03,3.83,3.39,16
2025-12-22,SKU037,Bloco Criar,Infantil,Site,161.67,30,72.92,157,8,9,0,360.75,4.16,3.38,13
2025-12-22,SKU037,Bloco Criar,Infantil,Aplicativo,162.84,20,76.51,129,5,5,0,321.08,4.07,2.68,12
2025-12-22,SKU037,Bloco Criar,Infantil,Marketplace,161.15,20,80.06,194,14,14,0,602.84,4.18,3.99,17
2025-12-22,SKU038,Livro Descobrir,Infantil,Site,114.47,5,55.9,112,3,4,0,258.85,4.22,2.43,6
2025-12-22,SKU038,Livro Descobrir,Infantil,Aplicativo,118.11,15,54.37,66,4,5,0,345.91,4.44,2.8,7
2025-12-22,SKU038,Livro Descobrir,Infantil,Marketplace,114.78,0,54.47,137,6,6,0,561.05,4.38,5.05,7
2025-12-22,SKU039,Jogo Família,Infantil,Site,165.5,10,72.1,192,8,8,0,486.79,4.5,4.16,14
2025-12-22,SKU039,Jogo Família,Infantil,Aplicativo,159.82,20,75.97,166,10,11,0,459.65,4.49,3.42,15
2025-12-22,SKU039,Jogo Família,Infantil,Marketplace,162.08,25,73.0,213,14,15,2,397.09,4.77,3.38,15
2025-12-22,SKU040,Mochila Kids,Infantil,Site,124.76,25,60.83,200,10,13,1,260.47,4.31,3.14,20
2025-12-22,SKU040,Mochila Kids,Infantil,Aplicativo,129.83,20,59.13,197,9,11,0,450.61,4.38,3.21,16
2025-12-22,SKU040,Mochila Kids,Infantil,Marketplace,126.18,15,57.07,216,9,11,0,356.67,4.57,3.9,15
2025-12-22,SKU041,Pelúcia Nuvem,Infantil,Site,144.53,5,65.35,585,21,23,1,314.2,3.45,3.15,23
2025-12-22,SKU041,Pelúcia Nuvem,Infantil,Aplicativo,136.05,10,66.43,532,23,23,0,361.03,3.77,3.48,49
2025-12-22,SKU041,Pelúcia Nuvem,Infantil,Marketplace,140.95,15,68.72,611,19,19,2,247.47,3.67,4.32,41
2025-12-22,SKU042,Patinete Joy,Infantil,Site,98.35,15,45.5,297,11,12,2,324.02,4.22,3.97,21
2025-12-22,SKU042,Patinete Joy,Infantil,Aplicativo,100.21,10,46.02,255,9,14,1,492.42,4.29,3.35,17
2025-12-22,SKU042,Patinete Joy,Infantil,Marketplace,95.18,5,46.37,343,16,18,0,298.69,4.04,4.21,24
2025-12-22,SKU043,Cama Cozy,Pet,Site,90.1,20,39.31,495,23,26,1,403.26,3.78,2.93,30
2025-12-22,SKU043,Cama Cozy,Pet,Aplicativo,85.92,10,39.17,418,27,30,1,261.49,3.75,2.23,33
2025-12-22,SKU043,Cama Cozy,Pet,Marketplace,89.51,10,38.89,570,29,31,1,610.14,3.96,3.2,33
2025-12-22,SKU044,Fonte Fresh,Pet,Site,90.07,10,40.52,169,9,10,0,451.97,4.82,3.35,14
2025-12-22,SKU044,Fonte Fresh,Pet,Aplicativo,89.56,10,40.21,120,4,5,0,219.84,4.67,3.83,10
2025-12-22,SKU044,Fonte Fresh,Pet,Marketplace,89.06,0,38.93,168,5,5,0,262.0,4.67,4.04,10
2025-12-22,SKU045,Brinquedo Fun,Pet,Site,98.59,10,45.34,241,9,11,0,354.2,4.36,3.46,15
2025-12-22,SKU045,Brinquedo Fun,Pet,Aplicativo,102.49,20,44.38,203,13,13,0,416.51,4.27,3.42,23
2025-12-22,SKU045,Brinquedo Fun,Pet,Marketplace,106.27,5,45.45,262,7,9,0,375.47,4.21,4.24,14
2025-12-22,SKU046,Coleira Safe,Pet,Site,140.85,15,61.03,276,9,11,0,564.67,4.15,3.39,18
2025-12-22,SKU046,Coleira Safe,Pet,Aplicativo,140.25,15,64.45,228,8,9,0,323.24,4.29,3.77,19
2025-12-22,SKU046,Coleira Safe,Pet,Marketplace,136.4,0,62.29,333,10,10,1,420.12,4.08,3.61,10
2025-12-22,SKU047,Comedouro Smart,Pet,Site,85.98,10,36.41,366,15,18,0,376.34,4.19,2.9,27
2025-12-22,SKU047,Comedouro Smart,Pet,Aplicativo,84.16,25,37.41,276,21,23,0,273.0,4.2,1.63,37
2025-12-22,SKU047,Comedouro Smart,Pet,Marketplace,84.56,0,38.42,453,14,17,0,662.98,4.15,4.14,18
2025-12-22,SKU048,Kit Higiene,Pet,Site,132.53,10,59.22,630,29,35,0,327.35,4.14,3.24,47
2025-12-22,SKU048,Kit Higiene,Pet,Aplicativo,137.81,25,57.67,520,31,36,0,278.67,4.17,3.6,51
2025-12-22,SKU048,Kit Higiene,Pet,Marketplace,136.12,15,61.54,867,46,52,0,702.25,4.32,4.05,72
2025-12-29,SKU001,Fone Pulse,Áudio e vídeo,Site,343.74,20,191.4,339,18,19,2,546.97,4.78,1.88,30
2025-12-29,SKU001,Fone Pulse,Áudio e vídeo,Aplicativo,341.57,0,202.79,273,15,17,4,223.79,4.69,2.81,20
2025-12-29,SKU001,Fone Pulse,Áudio e vídeo,Marketplace,329.34,10,199.4,385,10,11,1,555.05,4.61,4.61,25
2025-12-29,SKU002,Caixa Wave,Áudio e vídeo,Site,276.86,5,152.79,463,16,19,1,523.44,4.81,3.01,22
2025-12-29,SKU002,Caixa Wave,Áudio e vídeo,Aplicativo,280.01,0,158.23,389,20,21,4,416.14,4.85,2.58,31
2025-12-29,SKU002,Caixa Wave,Áudio e vídeo,Marketplace,282.94,0,160.73,510,14,17,0,298.49,4.86,3.27,20
2025-12-29,SKU003,Webcam Focus,Áudio e vídeo,Site,407.14,5,228.71,260,19,14,2,332.31,3.79,2.28,14
2025-12-29,SKU003,Webcam Focus,Áudio e vídeo,Aplicativo,426.53,5,226.74,227,2,2,0,260.26,3.74,2.47,10
2025-12-29,SKU003,Webcam Focus,Áudio e vídeo,Marketplace,404.6,10,234.95,324,9,10,0,313.21,3.77,3.47,17
2025-12-29,SKU004,Microfone Voice,Áudio e vídeo,Site,328.78,5,187.44,177,10,10,1,278.72,4.89,2.0,16
2025-12-29,SKU004,Microfone Voice,Áudio e vídeo,Aplicativo,335.0,5,186.92,149,11,11,1,307.83,4.72,3.27,11
2025-12-29,SKU004,Microfone Voice,Áudio e vídeo,Marketplace,342.13,15,192.31,183,9,8,0,381.09,4.7,5.35,8
2025-12-29,SKU005,Soundbar One,Áudio e vídeo,Site,413.71,20,237.76,387,13,13,0,812.42,4.31,3.52,27
2025-12-29,SKU005,Soundbar One,Áudio e vídeo,Aplicativo,420.22,20,243.02,231,9,10,1,211.53,4.13,3.57,12
2025-12-29,SKU005,Soundbar One,Áudio e vídeo,Marketplace,435.19,0,234.08,313,5,6,0,385.58,3.89,4.1,9
2025-12-29,SKU006,Headset Play,Áudio e vídeo,Site,362.72,10,208.59,202,6,8,1,430.66,3.76,3.28,8
2025-12-29,SKU006,Headset Play,Áudio e vídeo,Aplicativo,360.9,5,207.11,152,3,3,0,266.67,3.53,3.52,6
2025-12-29,SKU006,Headset Play,Áudio e vídeo,Marketplace,357.1,10,205.68,211,2,3,0,332.03,3.66,4.98,7
2025-12-29,SKU007,Panela Chef,Casa e cozinha,Site,258.62,0,133.37,540,20,23,2,372.9,4.56,3.4,38
2025-12-29,SKU007,Panela Chef,Casa e cozinha,Aplicativo,265.74,10,138.11,465,30,33,0,381.77,4.66,2.45,50
2025-12-29,SKU007,Panela Chef,Casa e cozinha,Marketplace,261.05,10,131.83,601,22,22,1,371.16,4.69,4.56,35
2025-12-29,SKU008,Air Fryer Easy,Casa e cozinha,Site,302.45,10,160.61,224,11,13,0,392.0,4.76,4.02,13
2025-12-29,SKU008,Air Fryer Easy,Casa e cozinha,Aplicativo,293.73,10,157.89,211,11,11,0,330.81,4.8,3.38,11
2025-12-29,SKU008,Air Fryer Easy,Casa e cozinha,Marketplace,296.83,5,155.75,288,13,13,0,625.34,4.65,3.1,16
2025-12-29,SKU009,Jogo Mesa,Casa e cozinha,Site,206.24,15,105.68,249,11,11,0,308.21,4.1,3.56,15
2025-12-29,SKU009,Jogo Mesa,Casa e cozinha,Aplicativo,203.49,20,104.66,216,6,7,0,245.23,4.33,3.37,19
2025-12-29,SKU009,Jogo Mesa,Casa e cozinha,Marketplace,195.17,15,104.25,303,16,17,1,381.54,4.32,3.85,17
2025-12-29,SKU010,Luminária Aura,Casa e cozinha,Site,196.28,20,101.05,430,25,28,2,549.87,4.51,2.9,30
2025-12-29,SKU010,Luminária Aura,Casa e cozinha,Aplicativo,194.16,20,103.23,344,27,28,2,267.04,4.42,2.88,40
2025-12-29,SKU010,Luminária Aura,Casa e cozinha,Marketplace,194.11,20,100.43,480,17,20,1,549.29,4.38,3.94,32
2025-12-29,SKU011,Organizador Box,Casa e cozinha,Site,305.73,5,157.17,722,23,27,2,234.77,4.02,2.95,47
2025-12-29,SKU011,Organizador Box,Casa e cozinha,Aplicativo,317.04,30,162.41,582,39,48,2,262.4,3.95,3.56,61
2025-12-29,SKU011,Organizador Box,Casa e cozinha,Marketplace,318.26,0,160.88,858,25,33,2,459.51,4.0,3.83,34
2025-12-29,SKU012,Mixer Prático,Casa e cozinha,Site,237.55,10,124.33,207,8,10,0,427.51,3.75,3.4,13
2025-12-29,SKU012,Mixer Prático,Casa e cozinha,Aplicativo,228.9,0,122.04,173,12,16,0,288.05,3.96,1.97,16
2025-12-29,SKU012,Mixer Prático,Casa e cozinha,Marketplace,238.87,20,124.03,252,11,13,4,341.33,3.86,4.24,16
2025-12-29,SKU013,Tênis Run,Esporte,Site,198.41,5,97.87,294,7,9,0,447.48,3.95,2.82,15
2025-12-29,SKU013,Tênis Run,Esporte,Aplicativo,196.95,20,95.33,233,15,17,0,359.35,3.96,2.98,21
2025-12-29,SKU013,Tênis Run,Esporte,Marketplace,198.99,10,97.69,309,10,12,0,266.1,3.75,4.44,14
2025-12-29,SKU014,Mochila Trail,Esporte,Site,194.53,5,96.98,494,22,21,0,732.79,4.42,3.6,21
2025-12-29,SKU014,Mochila Trail,Esporte,Aplicativo,194.32,15,91.08,341,23,26,4,292.69,4.83,3.34,27
2025-12-29,SKU014,Mochila Trail,Esporte,Marketplace,195.15,5,95.89,455,14,11,0,323.36,4.74,4.09,11
2025-12-29,SKU015,Garrafa Move,Esporte,Site,176.33,20,86.96,153,5,6,1,413.3,4.47,3.36,10
2025-12-29,SKU015,Garrafa Move,Esporte,Aplicativo,180.55,10,90.29,138,14,10,0,540.11,4.43,2.86,10
2025-12-29,SKU015,Garrafa Move,Esporte,Marketplace,179.89,20,88.33,197,8,10,0,353.9,4.66,4.16,15
2025-12-29,SKU016,Tapete Zen,Esporte,Site,185.24,0,89.34,349,5,6,0,633.34,3.88,3.41,13
2025-12-29,SKU016,Tapete Zen,Esporte,Aplicativo,188.54,20,91.24,264,12,12,0,249.72,3.67,3.61,20
2025-12-29,SKU016,Tapete Zen,Esporte,Marketplace,184.97,5,90.98,340,8,9,0,336.11,4.14,4.01,14
2025-12-29,SKU017,Kit Funcional,Esporte,Site,157.48,0,79.13,509,13,13,0,698.57,3.7,4.26,20
2025-12-29,SKU017,Kit Funcional,Esporte,Aplicativo,156.37,15,76.49,398,19,20,1,363.12,4.11,2.17,30
2025-12-29,SKU017,Kit Funcional,Esporte,Marketplace,164.47,5,77.58,540,12,13,1,602.04,3.85,3.59,25
2025-12-29,SKU018,Relógio Fit,Esporte,Site,232.55,0,115.26,302,9,12,1,447.41,4.37,3.2,17
2025-12-29,SKU018,Relógio Fit,Esporte,Aplicativo,218.32,0,112.28,234,15,14,0,245.43,4.48,3.25,14
2025-12-29,SKU018,Relógio Fit,Esporte,Marketplace,225.04,15,111.59,351,13,16,1,683.12,4.44,4.62,20
2025-12-29,SKU019,Camiseta Urban,Moda,Site,183.5,20,78.08,198,7,9,2,412.68,4.21,3.13,19
2025-12-29,SKU019,Camiseta Urban,Moda,Aplicativo,182.42,10,77.86,166,9,10,2,345.44,4.14,3.71,10
2025-12-29,SKU019,Camiseta Urban,Moda,Marketplace,180.95,5,77.25,240,5,6,1,447.3,4.03,4.71,9
2025-12-29,SKU020,Calça Flex,Moda,Site,121.34,15,56.48,289,11,12,3,468.69,3.66,3.97,16
2025-12-29,SKU020,Calça Flex,Moda,Aplicativo,122.17,10,52.84,211,8,9,3,263.65,3.74,3.42,15
2025-12-29,SKU020,Calça Flex,Moda,Marketplace,125.42,5,52.4,325,10,10,2,249.58,3.71,3.09,15
2025-12-29,SKU021,Tênis Street,Moda,Site,150.04,10,65.68,292,21,22,3,544.96,4.34,2.93,27
2025-12-29,SKU021,Tênis Street,Moda,Aplicativo,160.63,15,65.36,194,17,19,3,278.03,4.51,2.51,19
2025-12-29,SKU021,Tênis Street,Moda,Marketplace,156.31,20,66.72,328,22,24,2,457.65,4.34,3.57,27
2025-12-29,SKU022,Jaqueta City,Moda,Site,165.54,20,72.15,309,15,17,2,269.16,4.3,3.76,28
2025-12-29,SKU022,Jaqueta City,Moda,Aplicativo,169.84,5,72.26,257,12,16,1,305.7,4.29,3.98,19
2025-12-29,SKU022,Jaqueta City,Moda,Marketplace,171.13,5,71.53,349,15,17,0,317.03,4.43,4.24,17
2025-12-29,SKU023,Bolsa Mini,Moda,Site,141.0,0,61.71,644,13,14,3,725.32,3.51,3.87,23
2025-12-29,SKU023,Bolsa Mini,Moda,Aplicativo,137.68,15,60.4,462,27,29,2,235.7,3.54,3.46,40
2025-12-29,SKU023,Bolsa Mini,Moda,Marketplace,139.48,25,59.09,715,39,43,4,503.71,3.53,4.49,46
2025-12-29,SKU024,Moletom Soft,Moda,Site,134.62,20,55.46,362,26,33,5,407.88,4.0,3.25,34
2025-12-29,SKU024,Moletom Soft,Moda,Aplicativo,137.22,10,56.76,313,11,11,2,517.57,4.16,4.41,23
2025-12-29,SKU024,Moletom Soft,Moda,Marketplace,132.93,0,56.88,336,9,9,0,465.45,4.19,4.12,13
2025-12-29,SKU025,Kit Skin,Beleza,Site,99.6,10,41.81,188,12,10,0,286.61,3.95,3.8,10
2025-12-29,SKU025,Kit Skin,Beleza,Aplicativo,105.48,10,40.85,148,4,4,0,287.72,3.72,3.26,11
2025-12-29,SKU025,Kit Skin,Beleza,Marketplace,104.55,10,40.59,234,11,11,0,394.6,3.73,4.44,13
2025-12-29,SKU026,Perfume Bloom,Beleza,Site,107.08,20,41.89,543,34,40,1,463.2,4.57,2.87,67
2025-12-29,SKU026,Perfume Bloom,Beleza,Aplicativo,104.04,20,42.77,406,25,29,2,391.66,4.53,3.65,44
2025-12-29,SKU026,Perfume Bloom,Beleza,Marketplace,100.71,25,42.52,534,22,27,1,356.31,4.43,4.1,48
2025-12-29,SKU027,Secador Air,Beleza,Site,137.05,5,53.67,275,10,11,0,342.05,4.19,4.02,15
2025-12-29,SKU027,Secador Air,Beleza,Aplicativo,142.64,25,53.18,223,8,9,0,332.28,4.33,3.39,26
2025-12-29,SKU027,Secador Air,Beleza,Marketplace,147.05,10,56.34,354,14,15,0,212.65,4.48,4.32,27
2025-12-29,SKU028,Protetor Daily,Beleza,Site,139.84,0,54.56,329,8,9,0,447.01,3.66,3.96,18
2025-12-29,SKU028,Protetor Daily,Beleza,Aplicativo,145.56,20,56.26,260,10,10,0,371.34,3.8,4.3,22
2025-12-29,SKU028,Protetor Daily,Beleza,Marketplace,142.2,0,54.49,367,10,12,1,495.55,3.94,3.82,19
2025-12-29,SKU029,Escova Glow,Beleza,Site,88.74,15,36.31,336,18,21,0,483.19,4.31,3.69,30
2025-12-29,SKU029,Escova Glow,Beleza,Aplicativo,89.57,5,37.11,232,18,21,1,383.57,4.58,2.46,21
2025-12-29,SKU029,Escova Glow,Beleza,Marketplace,90.96,5,35.77,376,10,11,0,363.82,4.49,4.85,19
2025-12-29,SKU030,Sérum Vita,Beleza,Site,98.61,30,38.68,504,25,30,0,415.11,4.28,4.45,44
2025-12-29,SKU030,Sérum Vita,Beleza,Aplicativo,97.27,10,37.96,369,17,18,2,208.03,4.11,3.62,29
2025-12-29,SKU030,Sérum Vita,Beleza,Marketplace,97.67,5,37.72,493,19,21,0,320.16,4.19,3.57,36
2025-12-29,SKU031,Teclado Type,Informática,Site,608.52,5,395.77,264,6,7,0,191.24,4.22,3.37,11
2025-12-29,SKU031,Teclado Type,Informática,Aplicativo,592.88,20,401.61,240,17,17,3,268.17,4.25,2.48,23
2025-12-29,SKU031,Teclado Type,Informática,Marketplace,616.0,0,397.67,365,7,8,0,516.48,4.09,3.15,10
2025-12-29,SKU032,Mouse Click,Informática,Site,484.06,5,305.68,243,4,5,0,382.02,4.33,4.0,9
2025-12-29,SKU032,Mouse Click,Informática,Aplicativo,470.93,15,329.76,174,8,9,0,276.56,4.48,3.89,10
2025-12-29,SKU032,Mouse Click,Informática,Marketplace,492.83,0,318.3,279,8,8,0,485.83,4.42,4.37,8
2025-12-29,SKU033,Monitor View,Informática,Site,433.99,0,277.07,126,3,3,0,672.14,3.69,2.46,5
2025-12-29,SKU033,Monitor View,Informática,Aplicativo,430.91,30,269.42,94,4,4,0,353.84,3.54,2.84,7
2025-12-29,SKU033,Monitor View,Informática,Marketplace,431.44,10,277.81,116,3,4,1,357.22,3.61,4.01,4
2025-12-29,SKU034,SSD Fast,Informática,Site,667.02,0,442.05,136,4,4,0,328.32,4.38,4.16,4
2025-12-29,SKU034,SSD Fast,Informática,Aplicativo,678.76,10,436.27,116,4,5,0,254.9,4.44,2.64,6
2025-12-29,SKU034,SSD Fast,Informática,Marketplace,676.65,5,434.52,177,2,2,0,271.56,4.35,4.83,5
2025-12-29,SKU035,Hub Connect,Informática,Site,695.2,10,443.91,201,8,11,0,379.91,4.59,3.69,13
2025-12-29,SKU035,Hub Connect,Informática,Aplicativo,679.15,5,453.23,147,6,7,1,222.54,4.84,3.28,9
2025-12-29,SKU035,Hub Connect,Informática,Marketplace,700.08,5,461.88,229,6,7,0,610.19,4.63,4.11,11
2025-12-29,SKU036,Notebook Go,Informática,Site,541.24,5,343.13,354,4,4,0,296.3,3.93,2.79,13
2025-12-29,SKU036,Notebook Go,Informática,Aplicativo,539.95,5,346.29,286,16,10,1,269.7,3.88,2.09,10
2025-12-29,SKU036,Notebook Go,Informática,Marketplace,532.57,20,355.83,412,11,13,0,477.16,3.86,4.99,15
2025-12-29,SKU037,Bloco Criar,Infantil,Site,165.49,5,74.62,136,5,5,0,430.84,4.16,3.39,8
2025-12-29,SKU037,Bloco Criar,Infantil,Aplicativo,151.09,15,75.46,132,6,8,1,436.84,4.0,3.07,13
2025-12-29,SKU037,Bloco Criar,Infantil,Marketplace,156.58,10,76.12,199,8,8,1,519.01,3.92,4.09,10
2025-12-29,SKU038,Livro Descobrir,Infantil,Site,112.74,15,55.04,114,7,7,0,491.15,4.3,3.76,9
2025-12-29,SKU038,Livro Descobrir,Infantil,Aplicativo,116.96,10,55.96,95,3,3,0,245.2,4.3,2.18,7
2025-12-29,SKU038,Livro Descobrir,Infantil,Marketplace,113.7,10,56.07,122,5,6,1,292.74,4.41,4.43,7
2025-12-29,SKU039,Jogo Família,Infantil,Site,152.87,10,74.13,202,11,13,1,449.58,4.68,2.86,17
2025-12-29,SKU039,Jogo Família,Infantil,Aplicativo,156.12,5,73.33,156,7,7,0,309.98,4.51,3.38,13
2025-12-29,SKU039,Jogo Família,Infantil,Marketplace,160.14,25,74.82,231,21,17,1,411.47,4.7,4.41,17
2025-12-29,SKU040,Mochila Kids,Infantil,Site,118.19,0,59.87,202,10,11,0,336.1,4.34,2.9,15
2025-12-29,SKU040,Mochila Kids,Infantil,Aplicativo,120.55,25,58.55,180,14,11,0,400.13,4.56,2.96,11
2025-12-29,SKU040,Mochila Kids,Infantil,Marketplace,125.47,15,59.45,207,5,5,1,318.75,4.26,4.38,14
2025-12-29,SKU041,Pelúcia Nuvem,Infantil,Site,137.48,10,66.71,650,24,27,1,530.3,3.58,3.49,33
2025-12-29,SKU041,Pelúcia Nuvem,Infantil,Aplicativo,141.52,20,68.34,484,34,38,0,463.05,3.6,1.21,38
2025-12-29,SKU041,Pelúcia Nuvem,Infantil,Marketplace,142.96,0,66.24,681,23,27,1,418.48,3.74,3.38,29
2025-12-29,SKU042,Patinete Joy,Infantil,Site,97.38,10,46.11,285,19,12,0,405.27,4.16,3.5,12
2025-12-29,SKU042,Patinete Joy,Infantil,Aplicativo,95.78,20,47.45,220,17,20,0,333.51,4.2,3.12,22
2025-12-29,SKU042,Patinete Joy,Infantil,Marketplace,101.18,5,47.0,329,18,16,0,368.12,4.41,4.66,16
2025-12-29,SKU043,Cama Cozy,Pet,Site,86.69,15,40.61,435,20,22,0,319.17,3.69,2.63,34
2025-12-29,SKU043,Cama Cozy,Pet,Aplicativo,86.67,15,38.48,389,14,14,0,349.08,3.65,3.93,25
2025-12-29,SKU043,Cama Cozy,Pet,Marketplace,88.36,0,37.82,548,13,15,0,540.61,3.66,4.74,22
2025-12-29,SKU044,Fonte Fresh,Pet,Site,92.67,15,39.93,158,8,9,0,363.79,4.95,2.73,15
2025-12-29,SKU044,Fonte Fresh,Pet,Aplicativo,88.71,20,40.39,112,6,8,0,262.78,4.73,2.41,10
2025-12-29,SKU044,Fonte Fresh,Pet,Marketplace,91.8,10,39.12,237,11,12,0,733.32,4.8,4.29,15
2025-12-29,SKU045,Brinquedo Fun,Pet,Site,103.06,0,42.93,241,8,10,0,385.66,4.4,3.26,17
2025-12-29,SKU045,Brinquedo Fun,Pet,Aplicativo,97.38,0,45.14,182,10,10,1,231.19,4.32,3.02,11
2025-12-29,SKU045,Brinquedo Fun,Pet,Marketplace,101.7,10,44.62,262,7,7,0,442.17,4.34,3.74,14
2025-12-29,SKU046,Coleira Safe,Pet,Site,131.93,15,59.94,283,15,16,1,542.13,4.22,2.54,27
2025-12-29,SKU046,Coleira Safe,Pet,Aplicativo,143.71,10,58.05,231,17,19,0,356.38,4.31,2.29,27
2025-12-29,SKU046,Coleira Safe,Pet,Marketplace,143.53,0,61.09,316,8,9,0,403.05,4.29,3.67,17
2025-12-29,SKU047,Comedouro Smart,Pet,Site,84.73,10,37.34,377,18,21,0,447.43,4.15,3.28,25
2025-12-29,SKU047,Comedouro Smart,Pet,Aplicativo,81.72,0,37.09,292,25,28,2,249.94,4.3,2.57,29
2025-12-29,SKU047,Comedouro Smart,Pet,Marketplace,86.78,20,38.54,398,18,22,2,312.76,4.15,4.03,23
2025-12-29,SKU048,Kit Higiene,Pet,Site,135.4,25,62.0,703,38,45,0,558.2,4.34,3.74,55
2025-12-29,SKU048,Kit Higiene,Pet,Aplicativo,137.25,5,60.16,549,32,37,0,214.05,4.41,2.17,49
2025-12-29,SKU048,Kit Higiene,Pet,Marketplace,141.08,5,62.47,792,26,26,0,530.38,4.35,3.88,58
